address,type
0x56f4c4a32143d6347bedc376d26c8153ed28d79e,ramping
0x4c2c02595cfb6e83519c6eb0a3c323d1333c0ccb,ramping
0xc1d70267a5d625fbe016f8dff975485ab9677d41,ramping
0x2ed960def75d816641ed4246c66ddef2bac55773,ramping
0x19fad27d2faceffca29cfe196dc2f09c82892571,ramping
0xc4bd2b155634be3968ea6b6e9117be220573034c,ramping
0xeb03a7d11e278be5ae82dc378661f61764b2d469,ramping
0x6b235e2b22519d8ab7d540672480de4f19800b3d,ramping
0xafaba54f7768b4d4884e553084e8407341a47ef3,ramping
0x62cb86a4d99d49897f7a53867f32b5df008291d4,ramping
0xa0e6e65fb21df0f9ab17caa54bc5ce07c29da3df,ramping
0xd5c830a88c9f7710eecddcac30da56ea928cd943,ramping
0x545418d60e47800590c9aeb0319e45768d6df47f,ramping
0x824e94751b5321044884cb3d3ac9e10bf20eb4db,ramping
0xdcb0682b8bac960228ac7bf1c56c0af1dc97a50c,ramping
0x3cc5a04336c62e05ae9c0c9359d090a479784e36,ramping
0x96ed6161bada6092216922bf8eb291ccfccab366,ramping
0xd79b7ba1ad279ae849a20a670458b8ab00e91ca6,ramping
0x9a7afbe12ca2744d6db14663c7717e8dc55431c9,ramping
0x785259a9fb11ff3afa2251443345ff9d221a0743,ramping
0x8073a63959d18cde0ff0e330028fc6efa741786d,ramping
0x4d97a2b7495fc2dbb908a552cd94fccbb44c3cb9,ramping
0xc9eaacf9e8a518d403d9a44a845ad7a09351a1f9,ramping
0x24c34cfea6de9e60bdb79d596161cb99a7b24480,ramping
0x5b5619461f0fd6e8279ec38239a00d15994a2852,ramping
0x2f40d5ae29043c67fd21e4c0cfb7ef71fa4a43d3,ramping
0xf204bbce99a63bd95709169e33b7ae3d0241e0f2,ramping
0x1a33e1510c17ea753c92e78f962afa6ec2514c76,ramping
0xd06a34ff7e9f6a29ce2c51e62a9ade001b74af2e,ramping
0x2d9229c6904b263679ddb7d4701fef47d7fef4f5,ramping
0x5e8bbc771d61170cdc2beddd278992d46dddf990,ramping
0xb4a88ee4cdc0f859fd110e813538bc50da5430ea,ramping
0x8960e44f028bd03f44c2a03bcc0269c8178b1ca7,ramping
0xe3873be8ef83af293706b48801a5d3d35e716622,ramping
0x7f390d4f7b33cef4dd3d68f5dd901c44cfcfa8e2,ramping
0xa45877a95d670136bb041aa52380831b9656ada8,ramping
0xfca3daef8f01683db57c5d86be0c05a70ffc4fe9,ramping
0xbfc74232c4b396c21aabcf9bfba3f3eec8bc8bda,ramping
0x8519359a3f93b637d851d4b667c4d93f2c87988b,ramping
0xa5cdb4f7c8f2cb2a19e71643b211311f9e769b4a,ramping
0x0c0b6995f88204748683a0862d3d67b184e53913,ramping
0x3590530cebba8dfbb076d4f0924f3975f627cec3,ramping
0x2483d7ac067f2c79175411432b93c07a76552b6f,ramping
0xaf8d201abb0c3c41290a378a9e79bfc9ad7bf527,ramping
0x71bc0de04b0ed154e3e490a8da8aed3d7cd9578b,ramping
0xbd05091abdc62675847fa769eb3f8ba2c15cb592,ramping
0x98c5020ffae0c78a1be88ea2abf14f6924377a99,ramping
0x30d332377d2dfdf84af5cc8a0bf8ee9dd141ec23,ramping
0x097c989c8b9280fa78f3920f9ffd6d93ec75b483,ramping
0x9b402ea1ac85f1359770321848f134d8ef426161,ramping
0x612a388e372f43a0ab36c64fa3f4abba568d00af,ramping
0x05a9eec00c0e643ce2036a6b3b574e94c437538f,ramping
0x98ce0c5a87c612535e32972757c7a7cd90b463e3,ramping
0xc7997debb87cf38b6999cdb048434c7e10051865,ramping
0x9440f9b680bb06de3d8ec87fa5872bde169f1d69,ramping
0xd4a8dc0c2bfc9b231a352bce0dd0c0a11994598a,ramping
0x4edbf48a2c8780530218b94ea212d4e1066c6d79,ramping
0x76bb7d7618acb46a7fede894a77e11a0ebeea447,ramping
0x1482027eb818d4101e769213317266ec0fd1feee,ramping
0x2c2a1fcca5986a4349d795040f024cc1c9ad30a8,ramping
0x08326f5ef651b5c8a9369512f241b30788c42ad8,ramping
0xb9e6369a6c69258ce65f1b6f8c110dc2e133381a,ramping
0xdb9c9799c816d1631ca6664ceea0e040713fbe04,ramping
0x597ab5ea171e4f3e1623a16284b6054f4a24d4c8,ramping
0x43994c6a16a65838c2c317bd542203ef9baa4e3e,ramping
0xb76ffcb1a44f37f2559d5d66f3ba58e481b0bb9d,ramping
0x8114ee914caab0aa6b11a9c20ac04d9c79ea99fe,ramping
0xf37b4282d05621750410ba794f5ad4f81bb1d24f,ramping
0x9347838d952d74de5abc94f57259cbed49d93bed,ramping
0xc50a7b42bdc205db6f06f82f4a2146ee6d960aae,ramping
0x164bc2f94f82286055a73d4d6809acd43ce3a859,ramping
0x49373ba6a1228f8e1d07f67d3d68f325f3dfbb83,ramping
0x81d3544b94b011d3a8db793772560790be6519fa,ramping
0x36abbd46ee8979149e093b3bc7a64997cf26db90,ramping
0x30be291fcb6f6ae11f283d15186e8b219ce968cf,ramping
0x2ce9545884338c41bb56ceea64fb4f8dc36beab2,ramping
0xd05304f6e5f84cf6f107ab3282b9e3f193678ef8,ramping
0x7e65c167b0f55e299e41eeaa2b3861c7dbb95983,ramping
0xee5c4196d0960147c203a3941792d680ae9549c4,ramping
0xf727e0404c0c714e43bf5baceeb476a9876cf7c6,ramping
0x4c330fb49f7329d11e131973be443e07806cf5de,ramping
0x31644177aea81d12ce5499e65c00814821f46d5b,ramping
0x31b1bab25137a250ee4485c6a4c7ffb8df056b89,ramping
0xca80d0a3d3f0392b24b82e80e796cead79df86eb,ramping
0xbd83b7785382f31a4599c48b4da8c568505dc99a,ramping
0xd60a5d04e930fba66906859692efe007931683bf,ramping
0x7a8393d091b61dff27edd95ed4a11b7e93d5fc14,ramping
0x62df684d44a5d7daf17c083d4a093d5472cad33c,ramping
0xba42a1e33a684819e43829df10878d2d8fb0b10e,ramping
0xce08121a6f9cbf7f84adac53afbcc63ec1d28253,ramping
0xa3209662f5e02f263b0d9c5f58a780083b3686a9,ramping
0xb0cbe306a1a16fd15eead1d52208bd446a93d823,ramping
0x58861b90a610b08361aad2d6e1510c890e479bf2,ramping
0xfe197fdb24f09be8a29d1abd5bcb70d26fb4fd1b,ramping
0x2b9e188bdd81c74c122aad8b0335ef5e60654962,ramping
0xe1ce9187d4e3e4605b56c96e074a055ab8405b07,ramping
0xefc1f710d1da19c089f7d7bacf85bf681d50550f,ramping
0xc3894f0e580eeb03e87d87c3c0afe3f7a2e62f8f,ramping
0xc9255ca5d3d6ae898e2f38c4ce6a5b141c3e0e9a,ramping
0xe478acf26c8134f467944da960ad98e053800fd3,ramping
0xf1acc0794fcee7e6962d47fad023d28bc00263eb,ramping
0xeae4f72981b006d4587e2c1be221d729c5839774,ramping
0x16f1856dcab62b7ee9d0367d5a820dc41471ad85,ramping
0x50da5f5d058839cf164eae3f8dd7415535b71677,ramping
0x21d881b738dd657bd67c288f2380560ac27be60d,ramping
0xfc5eb697b4dc4d0ab26f074d97f735284f1256d4,ramping
0x9d17137c3b9c79b6a48eeb8db0aab64bcda7eaaf,ramping
0x74d7d62e71541e7788514438b7d3a2584d6334c2,ramping
0xe49f587f9e32d7220212d0db6f7d5244d389bc7e,ramping
0x7af915d90f9bb1b9da68eec241b120ef603e7f0a,ramping
0x74790fa2b46b940e23735999572fdd3a3ce1a640,ramping
0xfe942783097ddfc98f1d2b7a85d9d14c69eda76e,ramping
0xca9ebc5942d111aac2e8ccc88be300b9f5c33b52,ramping
0x38d60c4a1ac067759e95092b68d8ae725baa3b43,ramping
0x57de90edabf63e3d1f5b5a50dcf736f9285a17a7,ramping
0x9c79422ee50f500a1ed362a8c586653f1dafe9f5,ramping
0xcc59e2d161f853ffe6626521635030d2dbdd17a5,ramping
0xd0d3f696b434b7b6daa31e94f9fe27f501253754,ramping
0xa7fe3de80420ff0a3d5fdfcce8ca0380eb665f53,ramping
0x090f95052fe49c4402e55259ea4824c31b302d4e,ramping
0x966b1be0473ce3cc97b2657c0b9a12a163af4c98,ramping
0x52322f26776f94526844442aaedf499725966eb3,ramping
0x64a462a868913e8fcd66ceeec4513b8139554f2c,ramping
0xfb25f829f374ab6ffb93a3cd445ac89f618a9683,ramping
0xf1181e4794806ddca412827db21e6c11def34a53,ramping
0x22ffe5533cdc866a47738fbafba18c09d522db70,ramping
0x39c58fb5f088d7e2d3e89244f5d0cdb70fe9a089,ramping
0x6e11031633b4c54f5143d5b7b81e3eebb86b556d,ramping
0x3b6dd85688c4591473923c869e768ff2c54fc975,ramping
0xabcb34196f2fda16ac047a7860f5f4b7496ff90a,ramping
0x71dfa6a4ec503abfb8e9937c5a7551fe67b12076,ramping
0x1776da3e82004ff39c4af9955545daf95fc0a37a,ramping
0x263f4279f974359cf1bdd75c3454fc6826b0e51c,ramping
0x454b2c64420cbb4c7f87e4d31fe680548e73c1f6,ramping
0xa3ff443f45636cc25d02be6fef1fe8b6744f25fe,ramping
0x84ebdc20aa5d5befcd7ec59e8afeedb197b14e75,ramping
0x85c3590a6c236fbcc2c1888a61c8fff8258c6e0f,ramping
0x6cf0cb9ec798c2455548bd78281398cf709d4ed6,ramping
0x07948a96d6f71361ecb08e93251a50316154c375,ramping
0x054289328d6c17212a8a38a5d7d8ca30089769ba,ramping
0x480421e826077efc0fe11e9bc34e0433b522dced,ramping
0xb8f44c7dfe92dd524bb6e61594380fcb3216ba73,ramping
0xf2d87b13a5873d8368d312fbff5815fc535bea9e,ramping
0x39c2c1cfbdddf0de186c9052332d7ace66f5ffbd,ramping
0xc88fd3c032406f64c70a6c1aac9831602362ee04,ramping
0x22669b45b48de179013d80ad3b45c056e9ba8d88,ramping
0x0652a3ae7073108456786c8bfa484eb139199e2e,ramping
0x282ecb1db0874ab674f87c6b5f1194741f720983,ramping
0xea4ae66a5fb893ee7c58be75a0b42ee816e502aa,ramping
0x56fc5bb5009a55be0ed8a6def4c71e0b54fd2dd5,ramping
0xe69a4224dffa72a490c19a78b71d5472d45cde02,ramping
0xd26e6688cb4c566fc4741077f948bcdb73c4634a,ramping
0x40a46c31c930fd833f00845e50f4894ef9757a95,ramping
0x9ec83ee110f5df6d34ec36a78091dd247a28e4a3,ramping
0xf05227c4395f4142d8166068d0fec9ade6060d17,ramping
0x02467b904da8e48df6064cff4d51e716544b70a2,ramping
0x34e8538843d2afae32202e65c5a6e0902b08a34e,ramping
0xc5397a9ba752061524d87fbee3db992db12aab6d,ramping
0x9e2f1095e888abf1e5421f9c9cacc89c6e13f210,ramping
0xc0c122bfcc755c55107de603811db33eeaae4187,ramping
0x5b1894adee73c667eb306bb6c37e10884a834653,ramping
0x1c2a8ad37b6f22d016234f49d0a780b73bb03d2b,ramping
0x18f660745a5863b720e30883dd2f845035d982f7,ramping
0x994113f3c56eff797366db309c83d686a65f16fe,ramping
0x54301f6193b51081282a23d45de292fdb49920c3,ramping
0x7ad8a6a2cfdcfbd5dbfafb6364ba503b4f017c1f,ramping
0x90686bf2065d02ffa564a2eecef8ec6375c3eade,ramping
0x96a192b0f96b3bf8621ec09bae96654c6c285c2a,ramping
0x32181bcc05d32c0b60b9275be0f5488cc1f3b5aa,ramping
0xd2006d6f8dab1437bec19c60f9217f96f2868121,ramping
0x2200e8e60e7779a1edb430fe020059b5b8b92c83,ramping
0x061a64558c6f2e210ff7bd1ec8e50bf7b527bfa3,ramping
0x6d47c987ef68ccd235ca649bf9d52af0938b80b3,ramping
0x742a5a56b4a0ec7111aa4c688f559dc644d54b3f,ramping
0x461277e6fe36b1db1d6c88e1319a6150159047f1,ramping
0x838a569fd18e870703bac7549b3f8266cfb9c498,ramping
0x935eac62b69a861802f6ac955dd611a393977460,ramping
0x01389f1bed999e2703e96bb9594406f10b46323f,ramping
0x5739c855e5b67ca75a29c9f3d79347e38368b1cf,ramping
0x8bf4f1505e53780a9e6dd3bcfd1133c5bce79130,ramping
0x09d8096b1c20938bbfa743175da0f396a45bf905,ramping
0xf2eacdf95b706f7706df12d8e755dfbef4dad264,ramping
0x4082457461b32fcc374b9f9a1c627494632d36a5,ramping
0x52a30fba84c7f5ada32013691cd8e750d7ff1564,ramping
0x35139fa5eed13d61d843b5e3d3d77b0a8483dfe8,ramping
0x0c667cb9e6bff7368cecc2136eb7547bd927df13,ramping
0x7b5f4b15b63fe5e63e7dc43bc9dfde841ca687ef,ramping
0x7db3e5652d9cb6ad480618837d3f30f22443eb13,ramping
0x2fc6314dcfd32ea01e5b3867eeeff05c21f0b7fd,ramping
0x337e93ce5c926e6e7e61685e841034cb30073c34,ramping
0x35a8e8cc562d8588e7bfbff802b8e0e38c9507de,ramping
0x7d3edecc68eaed2a9926d5790ddeb9b8a6a96acf,ramping
0x070ad55ee0a59e9f734bc94d0ca64e33de93cd42,ramping
0x47b71eb496e7db913d366a40a8af2e46f7bf5a91,ramping
0x994cca3c8e489902bec03aa88624a093b3fa3d10,ramping
0x3c16f0265ebdee7d96e924159eeee279a6dcd88a,ramping
0x9ac43ff361f35cbe06ba0b3d45d73f2b4c07d9a3,ramping
0x1af4a1ef5ee670aa53543b28a322d6760757dce1,ramping
0x50b27834530862a1bfa2ce32096b3b0fa97fa3df,ramping
0x85c465f40ad9af76cfcb18ef9db35b5e246830af,ramping
0x1e36e28196a45352988fa9c1b53ceb9bbaa9c21f,ramping
0xf18d604fa70676f0501993f9895ad9d07848c6db,ramping
0x3abf0305d51e3375db3b238a7e689b103cef7f25,ramping
0x5840c98446927c8cb47a96997213b791aa0befb7,ramping
0x60786ae4596c2a2da84f9c25a7d6092df22b6f5f,ramping
0x7c801b529721160847f9460d122d7e5146ad2fd9,ramping
0x429351bf0ce14f6fc010b623190f6b47f1eb7d41,ramping
0x2c9b376b6a305792c92ba7d667e8db33b3a552e8,ramping
0xf742b9eb9b65a0586198568168752f594cc416e3,ramping
0x938ebf16625f29ea48082d1296d3dc7ce0dfd97d,ramping
0xda2b4e9f719fa456f9a17c2f856d2b2eff4f13b3,ramping
0x724f3c03c17c6294d8c62c04471093482bfac838,ramping
0x94da7389ccc039707d95e03e558c0ee2a54d3962,ramping
0x9193220cd97a30bb7fdc80a0647a22f63bc89090,ramping
0xc2617c45319f84da0243564f342d0d1b646804bd,ramping
0xc90e5e21d1dc68d567a575d967c64ad92dc68a0a,ramping
0xfd41c7f209d1c6a47970777c9b613ecffedf9e73,ramping
0x2c8204a26bf2fa52ae0e585da1bebd48fc6b17fc,ramping
0xbd44e11e310268d3403540df484545a20a5e5ad4,ramping
0xc33d5dadb6140ec0855fcf8d28d01045aa2e7804,ramping
0x6582bb50022bb6a74954cb7fe185ebd72d64e334,ramping
0x37a3d8b7f28f7083dd9d6f642d167e0dbd54f31c,ramping
0xea126fc6cac481d1770f4a4c5887691c51ecfd74,ramping
0xee5f8e21856580785c141f8eaf954acad3f4fbbc,ramping
0x97745e9c85168a292dcc2152ec090d5ab1992689,ramping
0xd917cfb658c67f9c0070104081c00f3c596826c2,ramping
0x8154c1f891c01fef33ecb4d2ddb352865d46f92c,ramping
0x65f3847a7517872ef2cd8bbe23b6cd9ceb5c5ebc,ramping
0x5c4cda8764c1f13eb725702f8173b4dad6d7edc9,ramping
0x58aa715b0476b7c20dbf32ec9ca43f3bd0580be4,ramping
0x7d2e3a589fd6d58e35f092d85cb47732aefd762c,ramping
0xee56d2149fe9882d4b70f8923471b38aff675072,ramping
0xae82086d5130cb3e8f4c3c49ee7c60986077f56c,ramping
0x2c9e818d1c0eeea201af0864cc58c82081cf5627,ramping
0x38ca419afadddb301cf9309df2f0f8f5b9f5f338,ramping
0xfd5553d49e661dfadf8eeac21d93c77de23a7dbc,ramping
0xe2aaa89dfd6f66d1272b68d9744ae1c0cb0da936,ramping
0xccf22f0867f89c7d08499719055cff40f55c24b0,ramping
0xc567b75525faf5024196135917395a95cd6e8495,ramping
0xb2d6913d70179ab6ba46e170dc4d1f6bdc948a8f,ramping
0x722fff529a338b1e37cc90af7f33abbe0f381c03,ramping
0x8761f7dce8d190140698886d226fa6f1009fb0da,ramping
0xcb5e7cbea3f3c20f3d650b53fdcb0ed610777c7d,ramping
0x09ca9b9724d0aed25a75faad08681e286da8bce2,ramping
0xb2dc2e9a9bcd6aad3db4fcf3db34f04aea2a3789,ramping
0xa5afecc3a6ffe03393537262ba9728632e360f52,ramping
0xce10980b2feb4b8c5cfbb99c8c97b7873c09ce60,ramping
0x438f1396bd33db7ae2115fdbdccdb520fca67aaf,ramping
0xb5fbdfbc4cedae0e1a08df66af5375e18119886e,ramping
0x5d09faeacafece087631041737fc8ae0e19b84d3,ramping
0x3c5763b0ab19a563f141bc28861550b1e7f9b930,ramping
0xbcf63dddc729b30d7e2771957b36498cee61a15e,ramping
0x910c1b767026e19a7bd6eab478488cf5674ed0c9,ramping
0x3b946dd53f8ddfd44bb47a35ac5cdf9181359195,ramping
0xa71ca059a468575f96e60e5a0ccca7782eb6a439,ramping
0xade8c31237b273662a1524985aa750b741f64e50,ramping
0x974b2350dbc7d7060c7679e67bd2d709212872aa,ramping
0xa2a84f9df7626f7646c613274c8dba235834931b,ramping
0x265817da165d1f798cea7f678fb62ea1aef92bd3,ramping
0xba7a2ec3cfb9c5c29841c5e921c81039ae09c674,ramping
0xdda123cd606d635963595856e7a85abcdec7b55c,ramping
0x60c13a25572d77a0581180794eb2f138edd1a5cc,ramping
0x44fbd120ec27005b0a63828695809a1a7ddff782,ramping
0xd86a7e54a03837809be73ab1a7c2dcadb1bb87c5,ramping
0x22175da90364987d9dfacf14639949cdec11fec0,ramping
0x0f56f8d7e1dec8af482f9c1860f9b2dadb9146f6,ramping
0xe09b6577f9a0858a86754e80c6e9c995c8c3d236,ramping
0x95864c885ca4391318371a8af0ad8450a3a6341e,ramping
0x2beccaf74aee8b897fe7da3a629bcc62ffde7064,ramping
0xe767b361d9f6cb13da342fcc0d256baa9d3c1d5b,ramping
0xfd39e67cb2252cc6804f7769c065d6a05e866e7a,ramping
0xa36239d27fb49456b64c53381db6ba816464a258,ramping
0xac7ddf2ff8cde56c3298d87d044d79b9c31233fb,ramping
0xc73411f3b34ed6f88f93846b604feaa26361ea82,ramping
0x7b877ccaa1dc0af24b58bc9e2bce097364fb4e5d,ramping
0x684efcd6e3cfd096ff3c707ecf60f3b02b33eceb,ramping
0x26e0fbb5d9f9b1d29323d1ce2ff43853c5a2a65a,ramping
0x167288e6026f4f5319ca626981995b0a8aca2aa3,ramping
0x050fa77e50c2fba29dd72e7c8df3eb59af4b111c,ramping
0x47d17844d7d21a4e8a688e0370fad1d8eb302477,ramping
0xf38761741271a265fe7a0d2d959098d73653a175,ramping
0x2c2150a80dcdb87e661195c91c71464e8c7b8600,ramping
0x81a8675597a6024b9e08539553787e757817e006,ramping
0xeb77a65df4d438359a0469bcf5e3d95c87c1445b,ramping
0x029c5ba8d96fb3dd12e53f6fb847df04f0da8424,ramping
0x935a2b7fec070985d9a301f38c027bfb64d248b2,ramping
0x02ea418453bdab24a1cc0848a8dd47233e430c04,ramping
0xe0646b620250667be0c77918cc65c709c7557490,ramping
0x54a26293a15b74423c41557019c52b58613ac10e,ramping
0xe329cb35cc3f1149ed8c966ef86d0c256fb48d57,ramping
0xab968bc097a16a4531f1c955df2dcfb122a726cf,ramping
0x13fec5da6a0c1c992906ee4933bed9df18175b36,ramping
0x037fe83d34ba02f4ed56d4c575b4d60c2db52c81,ramping
0x4f4b3900c838af251c23a74e39b4adfabbdfe376,ramping
0x26542d287e0e3f297e32648df2aac6aa800a3e1a,ramping
0x0df8d5cbfeff627b3f39ada824c354b4426b4506,ramping
0x125135585218f46db0b5401d3e11bfe0783c194a,ramping
0x6591aef72221be9b8b1c40c113b7d8685ed90021,ramping
0x71fba3f8aad859c686772825a0eab48d6d982703,ramping
0x04d1a9d48a67d818e5f39b29a61d3c5aa372363f,ramping
0xbbd026f06e817225fe868a96683d7c84d9de829b,ramping
0x55ff0871318ea66f00f24167aebb0330f6a042d2,ramping
0x7737af4dafb49fa1ec5230015e66d69029ebcd9b,ramping
0x2da9effd9ff706a1dd19ebebf86ecff41b31952b,ramping
0xa32bf485fee3de003cc1b3a1c25ca516da33a088,ramping
0xc4e591f118eaf6f5796e0d26dada76f72fb53cc7,ramping
0xebc6a43fc04d9c8ee72ec3242821176b7537dddb,ramping
0x424f345aec3d913c1cb2ab9ed28f16d609df6aeb,ramping
0xc6e4d3a7b6c05919f39911f01898a70041dceef1,ramping
0xc0ea294c57eab552ee3778f3bdf45b03f0086926,ramping
0x859d1dbf9eec367667efbd1d68ffe9a2b1602981,ramping
0x7521ac045573f2c84b67932aee3e12ab19d00066,ramping
0xb7bcf75b4540015c30903de50242f57d574ac929,ramping
0x0063d4e42c326c3780e2c975d5c3b75dd06ad099,ramping
0x6cc35641fb8bcc22e5910c9da09f7d02332bce81,ramping
0xee7ae85f2fe2239e27d9c1e23fffe168d63b4055,ramping
0x65d9311095b26c5a01d3d85f153cc356aa40dca0,ramping
0x4fd54eca8fbb10c12e6aa061b8589746db27aaaa,ramping
0x85cf93316dd5f6729b10c2680242b46eff22b746,ramping
0x327d3d12e74e7d6dd54ab447b75e856d034bac85,ramping
0xef6c9a8199abf02530effc4e13e72b8bd6a65b23,ramping
0x345e18040bd6b1c2a56643042ee8512f2a6198f1,ramping
0x305c850644f1531ac414b519b60aff73b416ff75,ramping
0x50835219ea6ec618e54aa695328fe3e017c30ba6,ramping
0xdff61ca9fa6f53c461282c1bbf6e98a8abdcb291,ramping
0xe6ca0e3715c144027b096f0eba33d25d6ad48e9e,ramping
0xfe2f9e41a637f1a928566cee12d60f262862acee,ramping
0xb3458496e927b398e6f6e9c300878757180f0e65,ramping
0x6cc6c4769541aac990946a3d87b559a44e4f7b02,ramping
0x040af58f2aa89abc403f41c1acb2ef0fcc405d2a,ramping
0xfb1dc6ad581dbdfceec8a3e7ad6eeac1db8e7019,ramping
0xb60280a86cdb42d351a1b46457095e8707646fd2,ramping
0x593723c13112e577447d16794715e7a823a61a3f,ramping
0x26f02eaf7326455587aa0c13a8234c70c0f62a79,ramping
0x5b096a44c62a97cce61ab095e7eacff360e33c30,ramping
0x3eaf3effbb9be44e0ba95dc316c84a4634a89132,ramping
0x1c9e0c3b2e168beab0538e0d19652e054fd057d3,ramping
0xd53b7c0d2f5f8abbc5c7e4e62ca7c9e25a1e4635,ramping
0x2c41a3faeb55b7f7b4539e4ad204e7afed06099e,ramping
0x4ea320a5f3ab755b71d8c1f423a98fc5adcadc76,ramping
0x0717aec14e1fdbccc92141e0359e73bae8d03059,ramping
0x9b94ba8f065845e99003f498b53744fd4a044217,ramping
0x92d861bb5bca9052cdf3d5508a03bb8f10a84558,ramping
0x5ad93bc44d19e06270af45e11cc1552712588ce8,ramping
0x79a5e288b6b8d08e6c40ff32c3c70fc70050ad9c,ramping
0x5afe0896209393043be152a4b04389617c1b4731,ramping
0xe913c9fb664170d9bcf934f031d2c8467b24e6e0,ramping
0xa8162ed03c47d89161b99bf2c3b37fc26ca38444,ramping
0x761a8c358d713ab99117aaf1881fa2c0461a6f2b,ramping
0x97f5f1bce5bafa400b4f3c6da243589b24fd3e8e,ramping
0xaabadbd65c327c370fdb2db04040645bf791296b,ramping
0x0fc71b2471aa36022d61ec44fd246026a2a7a69d,ramping
0xbefdd51a9a6778e9a799cecffe8a76254d4f3b36,ramping
0x5c29e87d70b6624690ac4fa3774b658d601e5c10,ramping
0xd402508904e3a4e9c138d944a6d7420e27adf7b7,ramping
0x39afddda0fd0e1f53db72143ce872ee48ebba87a,ramping
0x43840ad5771e502c7b2425c760e9b5cd732ee9bc,ramping
0x4556263827f96c49adcc43071d72c9096edbbeef,ramping
0xa5b3ee4a9dfd01d3046070981169da0709d33271,ramping
0xdfe1d2d357a4326c9bc25e3cefaf13b476fe1eea,ramping
0x8ebc8a1c8b77fe847f2f0519b799a166f44e8cd4,ramping
0x1f26d6dcccb9f129439d730a81cef1945d40658c,ramping
0x71f93c611254f3bed626e77865b115957b021519,ramping
0xb631e8b7285ea6774651cf159be03f876e55074a,ramping
0x4af71f2637e4e75b144c9a85e3dab5f10d0de135,ramping
0xa3e6e431a8db94669db6e00fb3dc1a2774fe3052,ramping
0x13a55fd94d77df3d136c4220ba796ff2b07aade1,ramping
0x462fdeeba4f8f0bd52bcc9d6067afa8682bff23f,ramping
0xd33178da585c6067a83f20c92d888b3c778b4bc8,ramping
0x36fcfc529877f2c5a25646da34caaa18b93b2310,ramping
0x9a2d2cbe4eb609c6d5397c051b60d3e6b54ffcfd,ramping
0x7e378bdbf9b5236e97db8a269b93885f66bc03eb,ramping
0x1e13eed27fa69c069507086b351d0d8759be93e0,ramping
0xe6a697697b5c14646e1604c8a0d76d90a6827c85,ramping
0xfa212a26f4ba069f0b5cdd8cc5da2eb36dd99f93,ramping
0x76bae02473611b202c69e874683aa612689c76f6,ramping
0x73009a7052514f4fffb8aa9125820f0c4e20657b,ramping
0x20c254d4752a1b5e33ec8fcf1ff942cf3e748ed2,ramping
0xda257d57ea28c175af972318e6ba211a6027e956,ramping
0xee1008bbd431c2f16768421128c5d5cd95e8e8f5,ramping
0x38aa4013b835da7c7441baf1b50fe6553628c8f6,ramping
0x77f5ac93faf2bef103c95a378984e061e480da72,ramping
0xb110a5d19af27fce0c87f7c6b979b244670429d5,ramping
0xd09cd0cd0c72fd027fff0eb2b2fb8d0b2f558ba8,ramping
0xe84f2011f6369afefe9ab8e348110596788eaea5,ramping
0x293ca688d937bc04b9991e62144b45f524c008dd,ramping
0xffcf08abb566ed329b6d1065754379144cfe1567,ramping
0x639bc6c7e4a7d1c21e0ba6def8ae4f111f7f23d2,ramping
0x20681de97c12aed258fd5316fddd5fe15b784db3,ramping
0xc2ced565a95b429216e8c3b1ec8ea501d96382a1,ramping
0x92c263dfa98fbcb63c79f19200e87a5dc34068bf,ramping
0x7292426171a92b5ada3fab8fc32ab7274d87a5bb,ramping
0x700d7d3126236e970603940117cebce07eab7624,ramping
0xe35d7c6dcd246e63371a98772a63958f1fdb4f25,ramping
0x0f3e74beaf4e291cf0991b24dc151293ecf37db7,ramping
0xafb47a8b8018b16b542274f1dda90f7ead7795fb,ramping
0xcd66273ed775834e0164f801c2d44c01ee18dc18,ramping
0x911b9ecef2ca9ee5efe246676f5ca28faf34224e,ramping
0xb0e7138db675525bce148532c070c09129e78fc2,ramping
0xd054b3986432075099eafcb09869086945d52665,ramping
0xb56fc3eec4193fd9677810e003bbbdf280ad3ff3,ramping
0xacb5f42a8df15ac4c1355431f4e212035b2b5517,ramping
0xc76371fc6a162ded1bdb285e96d66ba785c5b99d,ramping
0xbe4d77f4aef59c1b2e4a19d51b3c5f5a78dc58c1,ramping
0x88556c305deb1ae4082f5d276fe89ed3c1d63311,ramping
0x3a5b82bdb90537d6a31b73bedb7e48112aa51078,ramping
0x9f250c3ac136074e36d7b4b5fb3a181fd3c6dfd9,ramping
0x5c8005756b31dc521c5bd183866913681b85a65b,ramping
0x910051ad5d620cae4ae536bc36c8370309d6932c,ramping
0xf9b8a9524f92f26124241af4265c2f5fa7fe0da5,ramping
0x3ab8dc44e3a5a926d145ab42d8f3450edc787f30,ramping
0xbd640956ad59d4388e270e303dd76ac733f75960,ramping
0xb20b2f8cc54d058402674fedcee7f5affc71a925,ramping
0xd311018ec6c01b9e9a01a6ff7fd1ee2c76bb8ef5,ramping
0x128982519dc3e7033ccaf046fe1b8583750817a1,ramping
0xc21be8814ab23f178958c0eea0df31df0562d963,ramping
0x170685d8bf1cecc84fadf77177e2546959e7c2fe,ramping
0x5283604c26b0dc819b39844683d4d4f5ab3fea2a,ramping
0x251f89119c4f3fc9b096221984ee71acabcc9527,ramping
0xd0271a83d611fa9a336dc8117616b72aa62a91f7,ramping
0x46ca74c29bb3cf0670e030b2aedbe095c80f2b1d,ramping
0x2b1033abf300150380d66c6173e57d910852ff5c,ramping
0x82a8e6ab913fa1d995470ddfd4b497d7deff4079,ramping
0x555d91254675221553ec9a8a5e061ed4c3f8a782,ramping
0xb0ac729d69f66a3dd76459791f0be1c6281a3b30,ramping
0x103d830b20bc3e4785d09e10929362697cec6925,ramping
0xcb728d01f3283e54703374962b32cc0f20e760aa,ramping
0x0d372317ccb22429686fb5ce4c4f6cfaf36528df,ramping
0x99bf2c516318ae638fd3d7168e9e480c46c2a1e9,ramping
0x483bbc8187438308bc60af7bab669715eed315c8,ramping
0x4fe35fbc5fb2026c9ecfdadbab9e518919899585,ramping
0x7cc1674083cfd051b1c53f9f829eb46c0517a172,ramping
0xaca9726d354107474e238dbfe2e42da1182b752e,ramping
0x3bb4a154040d25f58702cdc52acb7f298fdb3cb3,ramping
0x7425261fcfaa8907de6525239cf339885e238046,ramping
0x151cc28406d333f71a8d93bcec5e419986b69ee3,ramping
0x0091cfb17f1033fa3e7038782fb316e11acdb237,ramping
0xa1b828bfb39efb3c6c5ae64b555e5338b63c0213,ramping
0xa8aeaadb1dd9df18a3313435c83e94657591e31c,ramping
0xb3ace42f568770b4960edea843ed9b677ebcd993,ramping
0x28ed9b7a528c42e0d9deed5feaa784751caacbdd,ramping
0x650cb0be018868bc8aa90d8167b6a61c7d1b6403,ramping
0xf1dd4e122a69c53c6fc2bdd9dfe69fb9c51b23a2,ramping
0x8a94451b0c1a9a06a364a2f80d3b6195f97b147e,ramping
0xf8989233a7a1607f1ada8301da81a1cfe0a08a23,ramping
0x19cd3706e4a2747c30ccc8006ba43f3fc255bf5a,ramping
0xf508bda3e87fcd9e1bcfe0ffbf8bfbaec4bdaa35,ramping
0x549988d2500407c03b1b9eab667e02dd21c6eb7f,ramping
0x446cf8faf4f1b120679cf9eac24b9abc9807714d,ramping
0x05850fd42952eb0c9377c319e42bc9145e06f8f5,ramping
0x1b4fe58c48299efb1b4998f9eb2614c96a23e216,ramping
0xb43821a81ec511e02b78eaddd3ad0ffb9f4217c4,ramping
0x190bf0c1ebeeebfc07c1cefd4c5f15e497b10049,ramping
0x64c95c7efdcbaa5b68534e0ec22f9190e919df50,ramping
0xfef060359bd3dce2ffcb6a1501ebfc7daed5548d,ramping
0xb258010832041f57f6dc2c88b32d548e51f1ab85,ramping
0xdb7d637d3cb023090ee7747d7cb98d523884e8d1,ramping
0x08b295014210c42bb55c085edf1ab80f36843a60,ramping
0x6d929f1a7b6cc4cd824260f612b094c969c1419b,ramping
0x239540f8fdcf2a98071e95deb3470db8dc92cbc9,ramping
0xb4be0304eea12175396abb02f772038b56505752,ramping
0x90780026eb997cfc294addd41040ce218661b8c6,ramping
0x2723c7ecf5473dab5f4a007f5e136d01a85e18e1,ramping
0x5cc620066790a78ba4d913b02af5d24bc20e760e,ramping
0xa141598b6c2aee9f274efe3c12a50f5bb8d5c7e4,ramping
0x47d2e69fc05a47d6abfbedb4500a3514e1c078c1,ramping
0xdc005d79b6a82511dfd55bc056a85973901d5c86,ramping
0x63e511dd0a0d316c2d4c17d4f05bbd7ff5a4484c,ramping
0xa953f7ca723e8d4190132b671b400fa9fa4e953c,ramping
0xf8bb6c6dc1af0b9c55cb9ea2878647b48bc6f79d,ramping
0x03c783ff998922748d8d2fe2332b705d7a8919e3,ramping
0xcc2997722071b88d55c0c2cf0a85ffc6f1d7b629,ramping
0xc816d508ece331ffc5c48082c382f7991d3a13f6,ramping
0x7cdb516f09e733c45585b70983aab5a9e2cbaa4c,ramping
0xe43413d5f6162f5df53f1e1feba03d57bdb34166,ramping
0x5ce61ec5bcb03b007228ae09691bf0ec712f1585,ramping
0x93b85a53852499ffabef200ca8eb847c73723c75,ramping
0x5187087e398143fbf1a66333e1689cad05231a24,ramping
0x18c6c63b5374172d421b484ce7f2c1e39b38d8ff,ramping
0x74374441a7511f0752d057528b434348c178f73c,ramping
0x057da3ccfe9635330f3e22dfc1bf80bf97cf5581,ramping
0xb94fdbc823bc1183839467bd3624e3b88ebd6236,ramping
0x61e549c9d1ea7921a49269c91dde7ec4eeba990f,ramping
0x9055cd82557fdef617e2d9c43ecce6cfd218251c,ramping
0x2aa8bc9ad75ce9eaf5f2556085e2f37e465d19c1,ramping
0x43bd1bc5213f09f6237d54ccb1555d567e0c61e1,ramping
0xb068f28266a57e96f4d31f594101c6ef95bb2a7c,ramping
0x1d0b6a086b59f0277f13e5cd27743ed11b0fb106,ramping
0xcae59f39cfe147ad99775403eed9ab0a4f94a500,ramping
0xcb4a3d797d8032a4b8c612f829e14aeb92a107ad,ramping
0x943cd55721e038d1af8ba231a650d570e6346d17,ramping
0xd80e873fa8e81e1909de6c03fc6657d69fc06545,ramping
0xdc03481abc9c147a729b4f5d41e742968c8d3fa5,ramping
0xff17094515b0957b68d63e59b654435b2e5c5a17,ramping
0x07505e5d54a0c7f54812adb7853be0d656723fd2,ramping
0xae10b704d79dd6fd36e40ddef961e377f466186b,ramping
0x9a440ceb751c5568f93bbaa8b31e2837d61edbb7,ramping
0x2ab0d4dde4624a8ccb8ba4f5b9be23a7ae7501c1,ramping
0x82600eabc84a918d32f9ad4784675b735a498ab7,ramping
0xe1b68a45a53ad727d23a73f9b46b16883d623fa4,ramping
0x56e9484409395b815ee8be29a31109543fbcc384,ramping
0x9fa88608fbbc9fed7da46e7683580401aaed91d6,ramping
0x11dad8a1da5608d5932379be72a8033418a05ed1,ramping
0x1fc9a7bff36491b333e4f2aa83987b375536995c,ramping
0x11edcb9c2f3eda05a9e5b67d71bb521a8c37e10d,ramping
0x38eaa293027f18268dca82b638ef6d9618587bb1,ramping
0xfe734175c42a9ee6aef07e547d030afd9895f4f2,ramping
0xfca07d8f5e8d42a7ab0f259b788665aa2f0738a3,ramping
0x96f244845421ee6e93f63c14a424324502f51780,ramping
0x0d1d6ac7a76f9279ef2647706cda46b9a80590fa,ramping
0x52d3ac006df4cb3311a2506aec5160d7fb014119,ramping
0x81090e328f990697b5eff6858d6d1cfac35507d5,ramping
0xa395cdcb7ef37de905703adeac13cebfb6b1a3b7,ramping
0xeaa6688ebfae53b5b124b2f02b75db5cdba8a1e4,ramping
0x211acc8fd424641462dfe610e3562f8eda215b37,ramping
0xe98be7a750c0c2c7a94ea8e9d8a892606ae5559c,ramping
0x6fa15585c266554a42f7c1c7f31cd82c076bac6f,ramping
0x8bc216ef1fd18cad7e29cd4f8949872d18adaf2e,ramping
0x9c79b56967583d527fdb24963b8fa43586ad644c,ramping
0x95d519db6b282a3e2bdc0d63b49b36a221ccca2b,ramping
0x6a8d8268e2b90b097edc159816fc3c853430e3ef,ramping
0x947d149f124d2cdd4c91bba95b75d5271199f043,ramping
0xfebe7ccf592ca1468fafe2ef251bb63bec446324,ramping
0xb3b6729312b7a4b19357d22b4a99460434d5c2a9,ramping
0x41e076f54efbf1bcac02a80b94f02169d5356fea,ramping
0x5b8536ef24ad4ed321fa274f97ce3d2fa78ac24b,ramping
0x6fc5cf42d5e555f5014d1340aef3255cdc559eb7,ramping
0xc0153b42b6855f62bb6fce41356b27e83420821b,ramping
0xf894e9fd936cbc3d02843b05ad152cba8a39d88b,ramping
0x216eb662567aa713d42dbde2e072000845c9027d,ramping
0xc94c898c772d1c8d986e6bbe857615450c2dfbdf,ramping
0xb60b1473b77dbd55f1e9075fd88472d9aa9474f7,ramping
0x41a7627ef65d15e346d5f8abe0a16a4f93486198,ramping
0xf4af0c13d75dbad9f42b0c41e5bbbd0ca08b80e8,ramping
0xadfe0226fe381b4998cb895ebc112795d355dc42,ramping
0xd90f7362bba9eda3666e4c4d0e4829b39b004fba,ramping
0xd7994c6d650170d9c45a4762e6b018e80033edc3,ramping
0xfcf76487676308ec030388febfee05fd208e2718,ramping
0x643ad11bcd2a0cbfd2fa0021417598385c76369a,ramping
0x7b362b2888f7f349dedd1a9bc6957c1c1873ad48,ramping
0x2e417745d5a5212664f73fb61567d1e8b1cbf5f6,ramping
0x6efe12d29e7d8bb6c485e507b31638d6b0a6ee49,ramping
0xf4021333fcf75cf37bd28aa6431ed88f5f3cf149,ramping
0x6ed988964e36fdfdc28b4bbe9808ff071aa1ac71,ramping
0xb1fa8cc190d0035d238961ee55b85d413bca8ba8,ramping
0x9988a81c7c96cc1ef559f119b9b8625918ddf7f9,ramping
0x5ff3df36661ec0a2ea90aecce3cef040daccb56e,ramping
0x39e8c559953313551e3a534a1390a0ad3eec6263,ramping
0xf889ed56352fee63f9912701a0851e7565ca1bb1,ramping
0x269e6fa1e49996e72e0532db633199122ef54ecf,ramping
0x3b884a89148a0b79860dd1e2c8fd71d9261cd903,ramping
0xe02b9fadb4ffd789457db8f9de525b58a98dfe7a,ramping
0xc0217402ef5193a73b9fcd6211cc45f63c588d56,ramping
0xbd1fd08e718ea007090104f924b9502a02afa672,ramping
0xf7514d3130ea767164d09c2e9cd380fdda6ed0d3,ramping
0x30f628c5bafa8a50ae2f1e773e8638b994aacd60,ramping
0x589afe61fa473032c4eedbe21bb9ab2cb401b087,ramping
0x4248422d67e4cee898b9465b31ef7cadc5df5725,ramping
0x7a079e0bd55e40e3597e905d17fc810dc5e6b452,ramping
0xb15a2cc7a77e336c11a7750f8be771c915d75e26,ramping
0x5768d8a89da933e15c5cb2f1a8f3e0627aa2c92a,ramping
0xa3770d6ff06040fc24061d51b519c2d567b88315,ramping
0x1e44c37483a80c8e3d7ba296d7e383b37a10bef5,ramping
0x4473d12cb448ac8605b877dd2f33d274dc34085b,ramping
0xf3d5c966aacdd1f77226b29eab4e2ea504dfc858,ramping
0xb33f91a1e3ccdc8136f323cd0d229476cb8573af,ramping
0xf91694f2422f16f479da5f2eafac68e4d7fb3e5b,ramping
0x793129b9b5b3407dfd372ad0ebbb61d20595adb7,ramping
0x33208552e8b891f041f86b407f15cbe0c0addbe0,ramping
0xeeba4d5d6d27b4d39f56cfc0ef57d87363dfb4f0,ramping
0x01e7e2d8e6ffa46eb6f90ae8b6f27d7bb9a40e80,ramping
0x7c0288a76b90cff4a89d86addb778db3f7498b57,ramping
0x4527ad9fe3d1cab4a88dd99c550934a326a8f4b9,ramping
0x9bc55cf645a76f4e29585ccd83c4afab0b5c7156,ramping
0x3adf637b00ce4611037504d6e9f5a574fe9a1dfd,ramping
0xc0ea3aa2e416c051a5e6da6cb1061d9fc917d02c,ramping
0x2658c286ca2ee15ef961e4151c17dbff22f4d8dd,ramping
0x39d67d4e4fa8f3e2385996a42507c9cdc5399715,ramping
0x6f35334d47564c902144857bd025c7949b69bf61,ramping
0x6720ceb1ff7441d627c9f2294ac5a4c99d5f59b9,ramping
0x48c79b4a5e87a94f00301ab6295b1fce3591fd75,ramping
0x0733e5044176502759367236b5fe519d3abf0f6e,ramping
0x4d43e1c5944874236490e6d09be0e93c54148c32,ramping
0x596ae9061b7104c99e85bad4306d9c09b69cb75e,ramping
0x498b1b87ae9aec08195943c56bcfe7e523714be8,ramping
0xf4ec431ac8b0416f725b4679f8d651e0f45301de,ramping
0xf7e2ee612dd478d2757b603eb4930c2bfb69a54e,ramping
0x7e22e5c13ff28161b0fc941d37c969e8e5268c1c,ramping
0x705e582b7af06d669b99bc9d35556442ec416dc2,ramping
0x72851b162e5c34ed8188be10367b72df0c587c4e,ramping
0xa6ef65cf49659527c23d101ba73e06fc9df8fee2,ramping
0xd69514c63285f9023aaa804af49b8a6fa2d1d302,ramping
0xcc19a984655262dac60a1d55563f6125912fb63f,ramping
0x7b1b5028043e9a31dd60ed6734e17b8042c26e5c,ramping
0xa74c76c4a5c5e4eb3a67a9ddc371250542ccdb4a,ramping
0x7ce3dd34dd1bb73ae79dc2f47ceb89ae3aa15d42,ramping
0x3fe1643245573b94b70f480c5a81097e324e2794,ramping
0x8a96adef25423cdea814614868e27d6fe9e4f4e1,ramping
0xc78c4d959edc64ed73c457a5d843297f85e90cb8,ramping
0x1e97840ab20aab3b2fe67b52b83dfcdee0a9739b,ramping
0x4b08245b2766f349a69888c5f98395fd1cadc2df,ramping
0xcafd75ab7eb88dda27ec4319f55065c152fd6ca2,ramping
0x8e57024b0cd4a59c8d167a54f8abc25040af0408,ramping
0x0ab4e20f410ed0c8261d06e8bbd1d53373fb28cd,ramping
0xac7542b44302a4e9f693f7d8e852e2c5bef9f6c9,ramping
0x4337560f0863b2562223aa5b7d26b8602072e73e,ramping
0xb2ab84d36ace281fadc392c15a75c343ef2503c2,ramping
0x682f90e2ef80392cf54561e73c7d269f60d9c458,ramping
0xe0242cc0d4ebfbd6f374ed432f859bc3c4b5312b,ramping
0xb5d95b8db6750ce17f7f4b7b9b1a6fed83a3ca7a,ramping
0x7869452bc2d9d2a42ac2a9445f4f034de1bd71db,ramping
0x7a7f2c49a31659242af5f97693536e702127aa58,ramping
0xffa5d5349013816f281708bc715844136fcb7ef7,ramping
0xb7dca725a1a6c7dbf3e32fe944efbe6350e0108d,ramping
0x826635f8c3fa174335e014e6eb7f7621a11fb309,ramping
0x3cfd6061e05150d74a5344d762775c9b8d0981ca,ramping
0xa58d1d5ceadba1c2c9496a95b4026afb54ef4605,ramping
0xdeff11e7e9c61874d34117d98270b06991d09f49,ramping
0xf24b918100ca761b4c13ada87cc7007ecd2b2894,ramping
0x0f9a5f95fc36e6e1f30f1bb20753196dcbf9b114,ramping
0x7a6616d161e440c27260d3456cc51c1b74753cdb,ramping
0x840f894024eab22c12f6d394a1544d017108ab22,ramping
0x83902114e69f876ebc1c188a09101b611f123276,ramping
0x14067da3aa60642204264372477e73a9815055ee,ramping
0x6d2724746fc296f0c1b673b90ead245baee45a1c,ramping
0x5f7b7ac5357c496357d875260d1b60c4613e9c5d,ramping
0x8e4e321477064a761bdb88cab44662a4a1bcd3db,ramping
0xaaab7da14935c84d6b65e77c6c4a46605654eb43,ramping
0xb2c728d5b4711a96d9d16b899b6087e59cb3b423,ramping
0xa891925ce5dde0d9dc77a5e59e38cca7e964400d,ramping
0x8f879819ebcf278c1039e66cb5a8c1d0b50377f7,ramping
0xd8c433aff535dade0ce5f37326b3a9d99a3a6fb3,ramping
0x40cb2deb10876dfb10344c3eb385f0c44d7f8bd8,ramping
0x707dbf24495de209dc0e615168aa9d557bcc64c7,ramping
0x97e18648f641b2c03d162d63d7be642e45ef4bdd,ramping
0x0c6d1d626e5882d8a9817875d61352b51cda08d1,ramping
0x20578caf0f214aa758300b0d5bd3b9dd469f266a,ramping
0x041b08fbc9e182234d68f585bee0128e0ecb9ddf,ramping
0x6c677406d98707a9c679ced54a062f43c3c8ea3d,ramping
0x09689e65a106b8d7dd8a4d2d149efc0ccd4f35d2,ramping
0x9a6c9b0ac97158d1a44a10783716a98aa78bb6f0,ramping
0x29f512fd79b373c2d0f9bee260331304e4edc394,ramping
0x7ebf55919a38e25a65e71b1ff80623d9190527e0,ramping
0x97c3af24cdd41dafc93898c1ea851a204b6cee8e,ramping
0xa17b39d1549a6c4c8dc8285b7e5abab324fda176,ramping
0x0108ae59eb76fe1f6faa21245ecca61fb479bb18,ramping
0xe33f2f35758a025e022a1c03ce607d3355243e71,ramping
0x2b8d1ef0f26711aa8685eabdfca19aa6b03eb829,ramping
0x52855adee469e59cab095e94f348aef6a0aa1f92,ramping
0x0b320661c41f57cae0093be52d0a4bd1a62fbcb5,ramping
0xf4789a22dd0135da7e74ce437040a804cc38cd8f,ramping
0x3054ac3b03105a016486b7e1f27ca19833556e90,ramping
0x751da93102907233e4a8946c3538379c8b85437a,ramping
0xb0224920f9fa546784ffe16f9750e97b40fead49,ramping
0xb3c9335287377053b1697f8430cf8b19f8820da2,ramping
0x9acdffa87c185ccbbd64d3ec2eeb29efd29fa532,ramping
0xe464e8fb4c41657b878bf5f36a8a9121b11c6013,ramping
0x191f78721ab4de179002a35e339af030dca0ccdb,ramping
0xea92c0e95407195459465e16b7174ca633a4d11d,ramping
0xaaca84d92477d33a8510f2cbe0a846bf0d80d724,ramping
0xde1d12e846952877569851ba1cd75af026cc6c1d,ramping
0x5bca7ddbf5a1e0649a4209270d0a0ef16aa63eb0,ramping
0xe097a253b0c68a5bb8d1b103ec8af3a26902c1c8,ramping
0xe0df70aebed46d30884261303e24936279f3582e,ramping
0xb7987d244a86bfabfccd9b2f58145b24dce246e8,ramping
0x9ca725723f7b38cd5ad06dec006e2c9e7603c1ca,ramping
0xe4bee022f4730ded7fb82e2cd5b0647a5f4f1358,ramping
0x1854a6a41f22144ab4e897bf9dbd1a130ccac47e,ramping
0x160738faed5c46e178df62e5a3548ed65214b453,ramping
0xe8346fb1377a8aea45c6cdf218dbc7f81a615876,ramping
0xca05a807ec2149c21faef41d08f94612a7a3671d,ramping
0x4c010c34d01007b8dab16fbaa1c3b6c0b4e21d0b,ramping
0x198e38ebecbd5729e44556e52b7566805f0b84fd,ramping
0xd2f2a6731bef71819fc5826fb5523debca8bc07b,ramping
0xb10834c3fd49cae4559e970c62cf7f271d5fc133,ramping
0xf4958734977121e96eb1d7b9c708d0d02bf09a1a,ramping
0x22b1707fdf686970c02f970b9c3c4e966bb41400,ramping
0x0c8c8711bf3bd57041407ead31cb049c7cdd6f1e,ramping
0x63cef5fe07ca0ffda7ca6086d8ca0b854fcf01e9,ramping
0x2ebd5542ffe258c2e300b2f46b8680b50b0da6af,ramping
0xaa85c7148c0e90497642853223f7ad3ab994259d,ramping
0x5de675e399825634d359d9fbb5da9e543004043f,ramping
0xc2eeee2f9224d27ec2fabce8aaa4184dc1155195,ramping
0xc5e6bdcd1a3cdd24214b8f4ff258373551e38b89,ramping
0x4c775cb10efaafc09e691993f991114c7683fbc1,ramping
0x12a85712457adfa6307bbcc8f21a309303c0b471,ramping
0x2434a02d0ed7717a7a3d3a153e91f346bdd1c79f,ramping
0xd17d2248a8fcb3871a46a998f5f7685d96d66b40,ramping
0x55b438275a94c1c93fdd5a8b6d10a6a182e74629,ramping
0x24cdca3ee9b109ad8a0df70c55073da53d51e3ec,ramping
0xbd0320fcc6b614116864e4a0affdc5684062eb54,ramping
0x89880deb9a79c60292abf3c7e8b1d9663a070bae,ramping
0xf15d8587ee64125b242bec22617fe35fa3dc34d4,ramping
0xcad2dc7e8b369958a2863040d3027efb1a46d7e5,ramping
0x7accde0cff9d06c5b42e2e8963b21fd03f889321,ramping
0xe08a1d73d38c537d7795e469de22b91a26ad5348,ramping
0x2eb41f452fb1107b87d793282bb64d828afaec90,ramping
0x7ce109ee24b064a1b6744e643f97e6d7f0aa6cbf,ramping
0x67f2a681cac6ee6005b4670f2b908a86a1382e1c,ramping
0x00b323894cc79576bd74ba05574966c8776c9efc,ramping
0x0a582ad6e2f47a9791cb7d138948e7a2169f3f1b,ramping
0x6ab60aaf8a6820ca15352f0520a75c91816a6d81,ramping
0xc410ddaaa3c81bf57c0131d5e8de1ff77e51dae0,ramping
0x01f2564a4b17e0b88a8e6ae6c9266b85ddfbf7ec,ramping
0xdf6052dbef11437289b63faf08097838382a90d9,ramping
0xc80aa2ec0a62d566ed78b190461068562216131b,ramping
0xf61923592cb6fa979024420444421103304cff4d,ramping
0xe544a22764ad8891e51d26fd7ddca2a74deb523b,ramping
0x82e07142bef7ab636a8be0a2a521be209fc50d57,ramping
0x9dba2db70b61f48c507a94be6a3e6b52b16fab53,ramping
0x8945c9a7673b03971c831fafdd9fc4562f307d58,ramping
0x8dface39272f8de9201a3bebfc56647f91facb40,ramping
0x69fa20c33769406407532f706947c794f90efda9,ramping
0xa00cbb140023a94dd0f7064790357eb57491e823,ramping
0x4343810c02cb6142ec12440eb37c90a645d8e4a8,ramping
0x9eb43be4051cfefa2e365c62de75c65d8790f414,ramping
0xb710cfe6c45442a265174357388699f4384f1d0e,ramping
0x6510ba9e558541de507702d371328cb0615c9871,ramping
0xf511b1f8e50a5774eba550041cae14d2b42187b1,ramping
0x76836830673a7a1ce939e69b2491177b370e25f7,ramping
0x74807755ed25ab3459996412dfb6a7967aafcdae,ramping
0xb7aed24f717deab1a027fc6e2c603aa11c706c16,ramping
0xa5bb8d5f3c50d715ea99812bcfb411f0816f4951,ramping
0x93af82d9c49448c1141b0257e2e92377bd02bede,ramping
0xd273f4ff768a8485cfece51f8243c0fb01e83647,ramping
0x7918951831fbe9e8d788d7ff0ce181ac4a6d2e6a,ramping
0xea1bcf326a3f7f31507b3ba66b5202bea0e1d0d3,ramping
0xd23b6e0af8f38055171ba1cbe8d73b0206dba554,ramping
0x292b0a1ba7894000d22e8ccfdf5a47bc65ff9f7a,ramping
0x85a4fa776eea80456919bebc2d895f9d3e9c7260,ramping
0x027060595891c59a453814a8bd8d2bcfd4908e8c,ramping
0xd0e25a28f3dd1ded30aad71b95b1d3671604a952,ramping
0x689fc6321643657e02b36f4469409994f1ebe349,ramping
0xac7c3ce7e520b226fbd87892f8af0d987dea43c5,ramping
0xcd2cb7b0ad0baba0c166739305a6953c938be762,ramping
0x3682c27c5c2e9c666cdb5b770a5ebb6879fb266e,ramping
0x85056393108802edd0c5b355807f89a2283ec329,ramping
0x00aad13649710ceaefd3c44d0e0494445019db3d,ramping
0xd7fe53ff452268acb85a67c01012e99edbc99bfb,ramping
0x675c3b5e217dad6657914412a69f56bbfb42c082,ramping
0xd35065984635ce1d5a3a90f6ff62a2a8f31bf2d8,ramping
0x4e943ccd5856684c2ffd064a47bef8f182dedde3,ramping
0x379700d6a5f089800a9f7f72aa3d2ea24de932ca,ramping
0xc9c06feecc79077a965a829c1cf4e5c91e77140f,ramping
0x8af2bca4cfdb3d5548ed9fbf189e89681d565912,ramping
0xd42bd4573a97f4b6df5bf5ecb710e356f6894393,ramping
0x61266000f70c043d4d9b5dfb089561a4f7cfa728,ramping
0x02408bf45511bfbfd5dc0856d75d3efdd815a1c5,ramping
0xbe24627442b9bfee1910b590a0bc7865cb9b76f2,ramping
0xc437c81759667104bb1fd983f54d1533e46942c6,ramping
0x0c946a8d8aff82d53a77cfd2b1d8dae4a6b39812,ramping
0xa525dcd9f4678131647b85e48bdff7f85ac03b2d,ramping
0x5e4b09833911e2eda626487155f8a25970794f79,ramping
0x957bf200920aad0fd4293fa0b2f5a0bfecd45cff,ramping
0x1376fb1c6dc5f0a07cb9a39f710d4441a7977809,ramping
0xdd4576304509867774f8caa8b27a35f5f24485b3,ramping
0xaa7da10f4c7ae58d16613ec88cce68471c525021,ramping
0x4b7aaffb7bdd21c292f80a9cd5f7756dd0ec1969,ramping
0x97130c76c4f25fe08a68e8a7a423b49a421043c4,ramping
0x82f806708f02e79daef69fdbb5d4d6bc08b9bb3f,ramping
0xb0cd8b73b937dbaf5c13b0c8dbd19da5f0305ed0,ramping
0x8a674d723c9bfd21fa195c9bc12d72b6a280065f,ramping
0x329e7200fd3d4ce260f3cd0a79b049b1079536b8,ramping
0x9fc8bc575370960f85ed2d0a98930d9b2c0a943b,ramping
0xa1e30b76da0fe8e9446ec7d6d26c98934391fff1,ramping
0x285550caa942d875e43c2df315c40c3e1e640c0d,ramping
0x4e54215099ef8727e80d7bdff0d76b478b4eae47,ramping
0xfddafd619091b4c827d375c6b468d8b382129b53,ramping
0xa09628ea26e9afad91a1c4dfe19842d22d5b8fcb,ramping
0x7b62cd8c76a70cfb1c19c8baa94ea4ca950713f4,ramping
0x7f7d645631deba2e83bbb81a1460b09db17cfe0c,ramping
0x4a8ae40ccb43a544280a25f0cdb31441cb1c6dbb,ramping
0x2e249b611bfa43f64a80d0578df7331408defaa1,ramping
0xcc68f808cc353b370f3f732fda7cafc2041280ef,ramping
0x09efca712fea1b3bd2b92074ddfd70c2e73d2733,ramping
0xd68ccf3efd6060d29dd3f815ffe4f80790652c2f,ramping
0x541e0736b8ddf6e57d3da5c67eb77e47818cbb0f,ramping
0xfa4bc03df5cc989f50b314f41fffa645713ef118,ramping
0x69856a8100a20d1341263b98f22e44e5e798f7b3,ramping
0x4a7e1ec4070e6c5530c683be81d5c8a73deae23d,ramping
0xac47f04f49bd1a71298ecc731c9fcb1a2ef9456f,ramping
0x2cfbdbb8817361459f83344bc347861adc2a5bcc,ramping
0xd37792658649b6052c46466754b986189a4a0b51,ramping
0x4299a8896b37b9b16cd781a26397e4aa9e1c2427,ramping
0x982b1f4bc1dd08a36a6e51b53eca4ec1bb0e64bb,ramping
0xe6627b5b61facec66527721861045281abe5fda1,ramping
0xbc9c8c8132345e52c845ef1c2b30cb33cca25d04,ramping
0x3ec9b7399aac5e48359087d90e74ba8b0c74f18b,ramping
0x27ed2bf8558738bdc573057f4a6f05c8795ddb18,ramping
0xfca14e46d74d7673168e95b5f625bf2847b009b6,ramping
0xe8603a9db4525297092a6a224a44214850b3f99c,ramping
0xa578da0751399d46a8ea075585197fdcd2e158f5,ramping
0x7b0a3cf893108fc6aaa78a8afdffb5711659f42e,ramping
0x7dfb53276034fec97ef900f6353f19872c05be84,ramping
0x1d012239ccf2de573fdbe86cad21b5110b347e0b,ramping
0x1f992058efabc65bb2aed84e9ade42fbb062a7d1,ramping
0xd1eb170079c254d4b7c7ecf6bb4c7e45225cf88b,ramping
0xb92eb154d3d5200a97321d9412a862a8c08112e7,ramping
0xfa128551c2337f2726dd684935ae18f2ac6a6559,ramping
0xb33d3fc2754e7808e88821aaf6ce1f168d2107c1,ramping
0x8579ddbde8ee3ebe16b67721181a095cabecf7fa,ramping
0x8149f946ad32a0ba6c54802fd6d751e44c1f5795,ramping
0xfdb2aec494c3daad11f8059591a4261d1ea571f4,ramping
0x7af361906e57f1955fd6acc3ae1af105fe0db9fa,ramping
0xfa049067f51bd0cdb7b7df009b8b1ad5c6616712,ramping
0xb41eeed6c5dc705fe6a39ddb11839b4073a0fc45,ramping
0x636ed4b7b5fac65e01f9c6b99e888a31cbf92349,ramping
0x6afdd5563467d682f0b79992dc5081b6889b0c82,ramping
0xb3d158e0622a6a522690f6f6ab75bc58e38208a9,ramping
0x9963ce32f233e51411e3b4850a9dfef596267d81,ramping
0x2aee2a7658f4ee1dedc0d4a1ed7b4cecbeb8c91b,ramping
0xad0d97ffd4b076c37acceb195d785c99827aa8f9,ramping
0xaa88dc1c8c4dc338f03bfdb240a4a4216dbbf74b,ramping
0xfa931e66f49336571d131792782782f049804b8b,ramping
0x607fb66426ca92126ca697ac1f60016be2ac9995,ramping
0x80c3f91e9c033b5eed8e297b2eba652699d85340,ramping
0x20933f44800a645229198081afdf0425aebf0fba,ramping
0xf6928b7383a8b1e6abe8837024d49d38a057f095,ramping
0x867778108b7edfe6cc6c8a4858936275596b8aa6,ramping
0x54b8ed84335e3a8367a5f3fc402ca5910a49fab4,ramping
0x6af21b3cf7947fa5b15267faabf2077cb4992a57,ramping
0x0164850ef9c62f1bb8904764f2f7fc038c0c1cac,ramping
0x38dac6b6976a552ad05f25c60285c4f73dd3a1f7,ramping
0x6e4d0d2b22e890dbef5746586d637fbb9a0f95ff,ramping
0x1b81f239c5fb806a2c1d6c057346da370fbc56af,ramping
0xf6384c2975260ca2a5e04d26982bcdf4dff6e913,ramping
0x28a78e082510b2bd4eb92170ea3d01156202aef8,ramping
0xe0b8dab6b5ccc88bf0fd3578aa878765c99a9a94,ramping
0x78bc73c173e21b72d8e918376d30f7385dc12856,ramping
0x8395d1fcf93086ab715c120e5d128d893dd27f66,ramping
0x382aeac9c928444ce466b6c23ec4c470adeabe4e,ramping
0x593b69041bec8d5b677446e0d293478362995c2f,ramping
0x9adc6cf19d0fb4829977298dbd08ec8566a3bb37,ramping
0x0b797a34d3dbb0740dd5461c6aad6dda44e33ac2,ramping
0xfdae07e9c68248b5a75827bb6654313ff839cc14,ramping
0xc06d054c264e6947966326479f7383f73922ff25,ramping
0x148c1d44a6742e03273f4d040b193f4d4f21d63a,ramping
0xf5d4005af2fa8e8803769ab6d7cad2f7bc6feef9,ramping
0xb0aa303739b228f96e584038a28f11482a68b192,ramping
0xe8690980ef04f86fb5c3728d5fead21d3b303756,ramping
0xbd5c90f6a9a2b2f8646fd371f54edd19df299936,ramping
0x40590c871127d24bedfede87ebd17ab9581b9c97,ramping
0x1287caeda237d3d2510ff1e69747f7440442a6ef,ramping
0x910012a3356325d719490be28f0dfa6f42e85a1b,ramping
0x4e224ca8ce7e4c971d9a1a500c9bca5af2640fd5,ramping
0x4e75fd3caf3234485e3962e32d36cf50bf0610d3,ramping
0x169b05bf7306f3c718323e556bd2a9cbd93b8d46,ramping
0x18230dd0992d15acf68d18e58a5a3aa537fb7cee,ramping
0x8906cfedff3d1139770588a18e8ce6e95018c425,ramping
0x251a120005f85d60da51d32c34b3d82dac7f4f6a,ramping
0xc96e19205d593114890b8942c512718c42ecfbe5,ramping
0xf89d7b9c864f589bbf53a82105107622b35eaa40,ramping
0xbeee14958e94ba369f8e6032ff699a46538b2a36,ramping
0x7eb03d2374d3b2d9868160abcfeaf30f4f8c05c2,ramping
0x9e137844a9cf7c946772d697eb9c9a6ff840bb0a,ramping
0x00495f0350daff2112aa6c9bc60db509233c6356,ramping
0xbedb8ba384bbec1a36ab1b9cd543d825720894a1,ramping
0x9f89233c3794f21a0dc6ed618e20e3ad8b75a3af,ramping
0x001dab81647ac8eb26925ee6bd58e571a337d722,ramping
0xb0752b98b7777e64f3c8b100818ace48860d40c3,ramping
0xf651811b2feb458249b41efda6b27cfe0ee64fd8,ramping
0xae5c64bde18c4b23fcc0816b621b9d7e07553847,ramping
0x8fe2ce7dd579008ff10baef77cba24cb3d302430,ramping
0xe0a554d51f198d3a282272d0b029f57f40da6615,ramping
0x685bd6c62cf67256eaa71730202463261a006712,ramping
0x72ab3094c750a6f78d64bc28e899999896e1bdb7,ramping
0x2ff26b0aaea9869c04d734ce3b423772cafd0bf2,ramping
0x696fd0c3a1d58a5b6b1f4d410ccc9907182de970,ramping
0x22559a73d54d6aa5e82bf41a3305b6b1faa601ce,ramping
0x938719c0fe45a9d7c571fb107a16a74d6f7d1743,ramping
0xb79b693b13b811c5d675df77be0cfe365ffc88b6,ramping
0xee8e723ca7fa342693a767bab811ab0d15ea0e77,ramping
0x47bf5e3c7f3ded9ec800eced48e3e59823cf643c,ramping
0x18d5cadde7734ef845b3948d51d6ea6a05fcab46,ramping
0x0ad907f51ca532df9b75f91ef6ffe40fc22518e5,ramping
0x452148ca00d9dcba11a25bae5edd32f5c9e1b221,ramping
0x0577fc858efaa2295b1b1aaa32887c7079c886e6,ramping
0xf4b0d2a8157080a7d6bcbd43009f7b7b73391482,ramping
0xc9b102020b601d931ff6db4e19b5b540cc7c78d2,ramping
0x54eec6d8cc4bc0859bbb4c8d726fcafddf3c90fc,ramping
0x96043c5f9a30ce25a6520cf325ed4b169569e1fb,ramping
0x142f0c1d32e0e00fb84cffc739c9e7de1a62c954,ramping
0xf299c5aef95a55378f573773dad71d633b65d203,ramping
0x6a7d482688323477fe7f896639be32a1be878c43,ramping
0x1d34eb5a5acf86356d976832bfd679f2cb348b7c,ramping
0xe8d21e80c1163a10d51051fb220038acbf54038b,ramping
0x246ef38b3c48bbf682d601d51bcac78e155bb8ec,ramping
0x8a129f4efa6a5947ed5b122f496383468ac16e85,ramping
0xa96a924a389d8fa77460f810d2d228961018accd,ramping
0x3515106ab69ee43d218309da17969d2ac26c03b6,ramping
0xc2cfd7210c37ddcd9a6e63cffa7a1f9031236c59,ramping
0x1953cbfbc2d1ad94d0009ac4d043864e9976deca,ramping
0x0f6ad8414b0499348ec3976aa22ae90da988f513,ramping
0x13fa5c3c0851049b2a15b06c44661afa1fcb59c8,ramping
0xc55770b7f6ec69f3622cadb7b23de78565f0e762,ramping
0xd4c7baa399f20f63470321948c62142a88ed6627,ramping
0xb64ad97a1b0624d613f321e0ade7fbbf734d2688,ramping
0xa4bed027bd2511d460f605906dc228b175ca8cbd,ramping
0xe3b1eb4813a96e0f5aea90c5fd25648993d83ab9,ramping
0xabaf04c917a2123e96296d9c7858372e0b1b6acf,ramping
0xfc8b29921e7797ce290ed4c15d878c009246f3fe,ramping
0x4c07147aaf0e2cbeb702af8bcda08ec64f5f6132,ramping
0xf2ae1369d7f0776e9f6417e8f2dae1bccdc2765f,ramping
0xc6f99e781b7e8ac744b477ab69bbb1221acc5c06,ramping
0xf2baebd6538c4aec6b3c27da221ff51d54ce07e4,ramping
0x3a381e1381f3de94d7046039b0d31cd061527093,ramping
0x61f023925fb0553adb6f51fabf94058d3fc412ab,ramping
0x0f4b71e0472d1e73ea9f8f753b8265115ec70554,ramping
0x9e29d5c953112f9886e91b8546d8199c0d1530ed,ramping
0xc3dcdafeece89e75a81d93cf323d95b47861618e,ramping
0x10416c044181a8973d8fe84153d89b559c53cf55,ramping
0x8caf1484a26cdb3b940e5c007f07f77ec14900cf,ramping
0x2514525868d9ccf5d18669e7e1a128e99e672095,ramping
0x4cbdc90b0ae7fc1866e4be962b3cbb197a793f3f,ramping
0x802409344c8469c2d64485541273674d92afcc76,ramping
0x501892bd847dc699aaa51ba754ccae01a54c8da1,ramping
0x42c84fb4a998a62e3cd5392e6dd7ab317d4c992c,ramping
0xf6436829cf96ea0f8bc49d300c536fcc4f84c4ed,ramping
0x499aae47ef132434ef3630758eb6bf0b6258318b,ramping
0x9ef60b69270bb4c3db692209d2b80b3be3f48f19,ramping
0x4b466dc432ab76b15bb50ec08e7d420c193e2fb5,ramping
0x783e87993e6cdf631fb6f8844260fe916711b9cd,ramping
0xf7386c5a86be5e99de99e5355cbcd317bc98f979,ramping
0x95e1192fe3b8a8e75ff9a12506d8017b1ebca668,ramping
0x5064a711e023e6b830b3dc6836193161cea81dc7,ramping
0xc8922e322dcb8eb61b58abcdf9854a97fe83a21f,ramping
0x11be84fd727250c1c5d633b5809893a582b35db2,ramping
0xd380a2be774f71573b6fad15c13c75856d095358,ramping
0x10681210ec45183bb1496c2d161361b938ba9d7a,ramping
0xbf06ce9bb16f0965551eb9205d9bfa97f6ed1998,ramping
0x5c3e5a689262860d2c395b81f210edf7764447f0,ramping
0xb8e765ce8baa6aa7e5b6df2ff8817ba4c6c38d8b,ramping
0x5458210dd605415698d30498750b77c366fedcca,ramping
0x4fe8fe5898929f52ccafe096e1bfd3419cd86252,ramping
0x4d864c6faed055b830bfa945ed588f277245945b,ramping
0x5824d86a6425088cc7c627180452140a610e7062,ramping
0xdcbad816c10798121df2eb5fa721f1170ee094f7,ramping
0x40d64a8a9ff52676d39a825f24c6cdf61e5add54,ramping
0x6ef3729ac0ebe6f0ddec2237eeb1d18f49777d62,ramping
0xc05f5589a367ac78a7f6a4f213b96c3e0dc0bbf0,ramping
0x6b3e8370caa930f0275df9a6012d34ccd011d70f,ramping
0x86509c2599ab5250cb80edddcfaa0859e891cb6f,ramping
0xf170cdcb676ca55629204d5453ec920936a02fd1,ramping
0x18dc42035d3429e38ef1d577d6e8dbd814b2bcd7,ramping
0x0f4430767822a8d6826fa03254301aca37f4b145,ramping
0x6ddcc2087d2868a19955615f6db4deda3fce2625,ramping
0x2801e9042ff2c596914578e3bebe367d972b9139,ramping
0x26627b0e428f2bc1d4c77b43debaca5046708e5e,ramping
0x3e206f69db8079cff4019e827d443df078c3a39b,ramping
0xa67588cafecf9eeb202dc40796c65642f295734f,ramping
0x65e4e4b3008b485f4458606980f76ce5efeee98d,ramping
0x21eaafe759d0dc51274135d763cdcfba22b0c028,ramping
0x71a68083b372ab41f9eaff3795b95cb308545aa9,ramping
0x50388876b3f547d50c2703b142d594d0138b0657,ramping
0xc7b400cc6b55de55af03fcc2f623299e38a0db64,ramping
0xbef4432007710dbff979ca00235dbe6de55f1ffe,ramping
0x68bb2cb4b83fce657b87233b18b35025f196501a,ramping
0xdf1e1b2c5ac0d9be9f65733260547f564ffc00c1,ramping
0xcfa543eecc297e203d3a3c6ef8142c5e93aaaea4,ramping
0x04ee6dd92b5fd162ee438adc0173a3bbb488dd7b,ramping
0x107c6b4d9ea03aea43eccf27646a34d4c01cd9a2,ramping
0xaf6d0acaacc0352eeefeae3153e80494617ff045,ramping
0x4a47e8a1f378d861d81f1bb27fb131b63fac5539,ramping
0xf2d6ffe002693b73f9b826ad16a858d811f9375b,ramping
0x2c709bd16b7fc6ff4c94d81db02186e78df1ddb7,ramping
0x0577a8b45776b9c976f9ff854aa3c416520935ef,ramping
0x751af51e491addc47cd5da8fd63a6e58cc6e2c00,ramping
0x7ae8c1662a81c1948d9ddab3fed56a1f0e93fd80,ramping
0xae9d13d172514a4682b6b49a876750776240ce1f,ramping
0x07ab425fb5fab8dc12e3f50d1b73f3372877815a,ramping
0x322ab0348910867ab1393699021561dc5a6aa69c,ramping
0x73e2d4210522ad98139e1c52dc92fadf17ca6b94,ramping
0x8ccfbe2db81896811d90f1ea7207650d8d298696,ramping
0x242565e77b8f013d32b0ca8464e004b895bd02ab,ramping
0x092ef729c5f79c39a2d55c243eda2c68329e337d,ramping
0x1d5c739a7e6db122edbfaf2829aef024b6bf7ecf,ramping
0xd7cea9879cffe9e2da80ad63a350fab12ddb6f0f,ramping
0x2aa429095d9132529025aa5c9b3a089de3721ad0,ramping
0x0768d9b83472073d586d21e8be1fda88cd836f6b,ramping
0xf8807e48dce8e36a93aa6a8977d004fcd368bbe4,ramping
0x4b4a7a4fb48a65805b1d8f406989b185e1607646,ramping
0x13fb47489b98ba8cb56198202447afd7263a40a9,ramping
0x23b2deb8b27e4c379548662c1c5fd94dcb54a960,ramping
0xc252c0b1997a35834f683108f3700239153d6116,ramping
0x3678f81a02ddf0b22608ce30b7697d6c0ca02b3a,ramping
0x29ae6b17c3768b0c6238d828c77316053b2c595d,ramping
0x6a8525ba666f8e61f4ceceaca57f1b490e9a8bd9,ramping
0x2307ffc787fd56ec37de6017ee5c402df057b60c,ramping
0xc1bc3fd0b381bfb6fbae1dbfa5aa9bbcf067011e,ramping
0xf507d6ab528bfa74bec965c5e9f7e2ccd20d992f,ramping
0xa0b5a98a6ac0dfa0963adfa7c5090f2b4f4f86d5,ramping
0x96a1f9c8d4d9ee3abefd0a89dcbb65109b909a7b,ramping
0x6297fd3d1536efcda0a6683de63872adc3782fc3,ramping
0xcc97333e866b00058e409a6e29eade4780920a73,ramping
0xcb6cdc225bb38b21706293d1be7120213e5b8200,ramping
0x5ba807a2bc2f45487299869491497eb8c410b545,ramping
0xa4408df5178201b661b94ad0245589ca4e117bd2,ramping
0xb73b9b762ba0ac6cacdddb4d6ac068ec7307e860,ramping
0xa975cd082658e2c34e99decc8726b248cf1eaf4b,ramping
0x5db4791964e136688abcfcb11520ae9ea8317f0e,ramping
0xa3c8962e540fbca244c154b2ba6dadcd548f7ccb,ramping
0xa1771f89b2d3d3d0c5cf5c8ba4562d0241d93a31,ramping
0xed7225858cf83fbde82786f409ea3279d8f96ee0,ramping
0x0a6b678dd9f54f64ddbfdc3ba42b0bd2d691be74,ramping
0xe914a875f9db2dbb03da4003c9410f1a58334207,ramping
0xbfc7f9cb89b0e2f0496bce64d674f43a7da81d67,ramping
0x9cb8df82b735809e2c6fda8eef8569d29c558ac5,ramping
0xf976c6582cb6b1c41dd7e8762223a6998a27c097,ramping
0x488f4bbef75a001dea7d8ae94cd84bc474f3d27e,ramping
0x2d47f25624c7319aa1c1d8ab776891fd803ed128,ramping
0xaf033ff3e390556bf40d40526b219808d17727a0,ramping
0xdd021bb450119558310d68e972ce046b9d2ee998,ramping
0x949fe5ca314a158bc550f6873468e9f084c49343,ramping
0x2fbe4619b4f7ba37f090849f1e2f220c508dfaa1,ramping
0x37b0fa96568d3803611ce817f6a80e683cb3f787,ramping
0x32d1ea034bd3ed34ba069f7d537fb8faf6a53350,ramping
0xd642a6d7ffabe3cc7416dd588f86e7f3991720c6,ramping
0x9de7d3aabeb9a2fa7a092b3e31190b5b4f06f983,ramping
0xa6c59fa89d9e8504ffd570a3fe2b8d2880802204,ramping
0x89c603622cbdcc6acb016cdcb4fe4f537d22ae95,ramping
0x1a51466001d356a44fa299d1610d4352869611df,ramping
0x28cfe7b28c094e047d9c24dff37e14541a2129dd,ramping
0x8d501cb28f63f0691ec5109f9f952ffe43ebd711,ramping
0xe8b9f6a1580f38e1012bf41176d390afa0d7befe,ramping
0xa9587fb1c8ac8be1c0f2bcdb94d1db9b94ff47fa,ramping
0xb1db74de48c3243f946c3769c6ea1898248c4408,ramping
0xcbd0a3494f9d8e4c2779e0fdb53821af49aca169,ramping
0x59b84740ef874d9a460e38ebd147f05a237fe69d,ramping
0x1a2b09df86b17ff074fe2ac225982f63cda23e1a,ramping
0xc8396074836b21ed681b98c4e1d467f2924388f7,ramping
0xd4c2c19c442e4e042c93b0a4b415c31c21055d8c,ramping
0x0091ad971ce943c63ea6c58a7158856c4802c0f7,ramping
0x5bd3011d1640f2adda99396677f9b7f42522c679,ramping
0xb71577de0594437b469966999f25fc3be8fd80f1,ramping
0xc73b05d31805e72d66caf9658d8bb18c6d1be706,ramping
0xcbeb52de480623028663e7a382e85cfd4683228a,ramping
0x0a9a4a45adfa06bd705bc1002a1c88617a967610,ramping
0xab8da0fe95cee2fb34ef0deef77200b7b8540214,ramping
0xf209080401e3ae739dd2e2720e3bb02f5bffe8a7,ramping
0x9222b4e61d44b0989655d7145fbcf2f7b904034f,ramping
0x5c4b742888f1133ae49413b81e9c2cc7fc13aa0a,ramping
0x620f09e7a6b04b0a4ff72dabdabcd8b2c9375fb8,ramping
0x47c792c8e5793cfc0765f28068d4686ed81db30e,ramping
0x8558150d64f8ceabc69ef979f2ec679b91bf2311,ramping
0x112a6b60ad9b879da5d253656576b985987de96a,ramping
0x209924d86fb11c4eba714ea5bd2414f083d97fd9,ramping
0x1ac602dd0f36447547b5d2a009d5e923adb3c031,ramping
0x9586575e999b25c6652a75abc9f2437d9cb83066,ramping
0xddd3f68af9de4b0e29d5ac6573472530f68c6c4c,ramping
0x51c42adf383f0c42fcdf8a586fdfc6113571ab34,ramping
0xbd2d79e637a953420e23d4fc2c0e1e596460bb2d,ramping
0x19de0845f5b4e083302f62358b8a5a4f03aea03f,ramping
0x084a47dfe7dcbd0df25736f065b5c7a534bbf2c9,ramping
0x7500c42e82036258d0103a1c6ee8cc8818418f34,ramping
0xdc084523fac62bd54334cd1f2b1dbe5fe09d5bc1,ramping
0x58216c4dc94d60a816bf83cf4764c6ae3ddb74e1,ramping
0x15b10f8a2db033deb46bc550d2e38a215db4b864,ramping
0xd0c78025b32c66039145e678eac65f66b2baa6e8,ramping
0x26ffa0da1e327d58d8f96431b2cc9810ec53cafa,ramping
0xb3342fe0598a1d1d95f520a787320f5283264961,ramping
0x64651bdfe063415599ab6032c9accca2a4004abd,ramping
0x20e15f1e6c7067e0a0d3ff31ffb39cf4332aed80,ramping
0x61f421890563d7960de83f4a2149e65ea588ed3b,ramping
0xd6423ef6abdd2c1ef10247357dcdf4f992509af6,ramping
0x1392a1ece140a7e04e6f34ffaca4a1a84262ad49,ramping
0x65b9915e4f96c9f090e67d8a7f176989ea2dae05,ramping
0xd4565e0529a578cb79d2240bde8ceea258e71bdc,ramping
0xeb820a4fe074d68bb7460cc533bb37d69811f7f3,ramping
0xef3e49fe30ec3eb65be142e5b0096a242b032eed,ramping
0x9343846bda70b7553d4861566d7e5453fb0c46eb,ramping
0x467718904b2c2cb3233e1be04d696859c6dda78b,ramping
0x23fc76a65b51ac3eb616f12c7829949a82e1c17c,ramping
0xbcd424d90b998db9abfe40ba02299730e5b46d18,ramping
0x8a25de627d3d5b5e15ed4329a57671633a6743b7,ramping
0xe5e35b15a64112602ffb6aaf64547a0cfcb0773f,ramping
0x6bca2fe1790118cf5d855b0b4e8811dfab9d708f,ramping
0xcd124804cd2f8977d7040644733d847a566609e8,ramping
0x7e843ea2ed360f3033efdc90d1a5b67dcb5a3ec4,ramping
0x4b3b854187daf4854a5d759f62e1144d8ad0640c,ramping
0x73dcd7efde6d4974ffe2f0ab58f43739f9da284d,ramping
0x761d16c017c7f4bf0a8d783a1866e1754030c27e,ramping
0x60010830db74c66843e34b168b5f8d78ef01eebe,ramping
0x93c77273533b4672a35f74029967251d89a32f24,ramping
0x9dadf6e6070e5f8291f31e91e7a32f64cd79a51b,ramping
0x87f92f8c7167309f59a60023bff824a9dc1b6c51,ramping
0x739dfad4933d120b3c48e4a7e361b45b4c0c0c14,ramping
0xf9387dabf22842222d497b8adcee7d2000fe27f9,ramping
0x4179b9583145ee4e38ee7a7542252b892c506b54,ramping
0xde23e98c0fd513953b7c44eeeb7fb9611bbfdf24,ramping
0xd4a69c0cef60a43700ccf07b5d643c07f34e57b3,ramping
0x697f3db4bc26a7bbeab48163cd82fb079300c269,ramping
0x10429fa73aa9289acecc995c2bc7e50052aa6265,ramping
0x886b539789455713ac822de6de5cf3d9cdd84186,ramping
0x16603e0d40a186486d9a494d70e40fd19c0c85fb,ramping
0x861c501830c257475cb81780c0807f57b081a855,ramping
0xb107be42d845672043ab612677e387f3ee4f1948,ramping
0xe67a3103dd3f86f6f762931ee871a6a458ccede5,ramping
0xd71d920310d5d034faf41c0878785be026f60d0c,ramping
0xc87442bc434f7dd4765fdd83c0191249537ec348,ramping
0x3c370826a84fd9e7e2f92b1729361f9c2a8648d0,ramping
0x3a1181cce217355983cf95fbbecd5139575d519f,ramping
0x47c61baf6f1e115f00651d18185a22d22b857a0c,ramping
0x76ee3bd12b1eda134db5fcba18d009c0b52b096a,ramping
0xf0574f32cc58f0678441769c13545275bd3b303f,ramping
0x60f552109984ac7650c72a6d294f282a3633df19,ramping
0xc3ca13cf9671907003eac0343767acc12b7058f4,ramping
0x0fb8e262a4c9a98bece7f11a454ff08b5c1d949b,ramping
0x99830a39dc339be359cf0d09c1ae2f38977800e7,ramping
0xbeb1d854ef2c65ba99bfb50e3c8e1cad07dac72e,ramping
0x5897a18daa614b33de837df578360c729c72fdf3,ramping
0x5027752c242e76383af89be814bd9d4edec70c5e,ramping
0x2c2b0c45ed69c047f9da45711cf78ee277c60cd3,ramping
0xc209a564b6e6fa27312dcc92b278376ede3dfac0,ramping
0x09fcc9417ba0076bd0aa7234a672336dd1de4d69,ramping
0xbf32dc7aa2feb6c188fbc0b11aa9be3f2ed52e25,ramping
0x64a8e3d35ad3329170840e8ab473fcd7a76f3015,ramping
0x9971282c3d4f630c37c908bef9ef41fa28e5fe87,ramping
0x7dc9fc897f2d70ed59c932fa9cfce134ae5d8241,ramping
0x6b1e7b1a11407bc0e53a224a062c93c36cad42ae,ramping
0x1cf8e179f54047c0b5135614be613f33a2c97807,ramping
0xf2fb6ed52e42f7379f66bcb38f97cceeb12b64d0,ramping
0x11b91ea36b4e1aec1b266ec7723d1e27b60d2ced,ramping
0x3778fc885e0deb0f4b3bb8b8060874a8c9c6cd27,ramping
0xfc06191905351fac75873132bb972bc09503643e,ramping
0xed69a5e9710ef8a920a748f87ef830b758195282,ramping
0x05d97a41a71792586ea6d0ca7c6f70e5c423a17f,ramping
0x6405a40af7f95f3ba572a18292fac40cd46d69a6,ramping
0x810fc87101bcc8cac67d433d915ccbf0d8086599,ramping
0xce4fe076a03616c87c7f6cf34686f19ee42794a6,ramping
0xb2dce2e0b652caa7c41f0d5fbe20900cfb856c83,ramping
0xda4fd801b5d524d77b12ef6bdf42d2a6e87bbd49,ramping
0xea93cbc0f403a2c3020e482cb9db30ec1671b6f8,ramping
0x4a9abdf33f99d1255a92caf889588aae63c8d48e,ramping
0xc02b57fedcc55622aefd601a499f67c2dfd9739e,ramping
0x63bd3106ccd646bbc9be1044afdcb5a854120312,ramping
0x2710c712cb836b049b1117011ee90ec771ef7ec3,ramping
0x211869a8dbe295f1e07f0fb7f0cf10592bc4616b,ramping
0x31dd1b840ef607467edfb16eef9f78410d1a2de1,ramping
0xeb187fb738ca66fb902a3f3d9fda29b67b665d73,ramping
0x6c22e2151a222facea36695836eccf40b64dd181,ramping
0x7ac9f88b8e3e0444862e44765b2f4ce04cda90ad,ramping
0xb5ab86362e4453bb02cac41bca918469f7447b14,ramping
0x5e0d1b9190cbd1cb800b52548dc5cf3b7457e3ca,ramping
0x5cc0476e6e5a43b0bd3b26e1539ed224e884b81d,ramping
0xfbd1e8d82d1487f9cc2de8663282f1922943c6cd,ramping
0x42672dd3ce5c6717f95aa7493afcad6025ae096b,ramping
0x47dd108ce7c529a0a814bffe9127adbb25b9d8bd,ramping
0x446973674c71f92ece055409be0b335278b1f316,ramping
0x046e833310b7c864e145f6fab24287a2ca80a770,ramping
0x77b4fc902a8c1cc5b23bc447f01d1e18556d7743,ramping
0xb84868c5a6c3cef1dfa663b6ac203128022c99b3,ramping
0x72f5036a3ecb7426a4d8eb655994d45d2b039b7a,ramping
0xe028bef9b8de86b0949f638f7308fbcda05469fd,ramping
0x5944ae748d5077c041ebf7da623ebc5ad42847ef,ramping
0x891396ea21e409a220e1469688bc3d42e1738fb4,ramping
0x2a45681baad5d7d62dc762bfd67149d70688fc34,ramping
0x7a175ad398d000e89e04913a1e97447a42df9a62,ramping
0xd47f579572aeb526be7685f9f2c32bf291135317,ramping
0x7d6846788ff8a15a991441f8c2b78542db1eb194,ramping
0x220d0b4bd5efb8c9994cb4d8c069dc4bcbc933bb,ramping
0x9917a7795dcbec5a1c2b7e51c346f6ff8d18e9ed,ramping
0x495469e9fc3807b5505cd42f9549204b11816214,ramping
0x551d05ee4cd5490ca90d424e4fc339c206128fac,ramping
0xcfe9ec4410124a2697543f8254c17e94b26458a1,ramping
0xcc61857824103a7834bd333d8d9bfc18d5f3e0c5,ramping
0x3adee2854e2cc76fab46490d3c19ea85865cc502,ramping
0x851b22900c2eac5dcc177c03b598476e490d0d72,ramping
0x3136a3edd2c5a5a1bd833a28e5c8f900c8cfe340,ramping
0x3e27f0ea9bc12f9dc4bb91370b2b94af13c1db07,ramping
0x27bb4ad8186e99f69f38ac19b844d4acb7acd857,ramping
0x9936668d8eebf5dba399ba1339150d52b0c3e8cd,ramping
0x3e247c742022ca5e17a5f8c6287b63b514324bcc,ramping
0xad7e9437ade0ca5434fa24c383873e8f4d50966a,ramping
0x38f5b1a8a3f033401c2277d907785c0d42922c5c,ramping
0x2f9e39f297fb1a8e7bf41421dff00f4e9c5046ff,ramping
0xccc0e20981c37c91c7761396f8f537406ac6016e,ramping
0x013137c6063fae4984d95db860024dc26fb4103b,ramping
0x2101e39c3e014585a755193b0da406e2b99c0f60,ramping
0xe679b32ee98dc3ae4909341736b00a5c6ea3b049,ramping
0xd7fa43f3032600e63a9dc2809daffbd8f086d090,ramping
0x20c46ded3637f3beb2244023a72c32fbb2fb62ff,ramping
0x99b9914945dec4841d4f6115f6ef769b8ecb4cf7,ramping
0xd9bc3d30fd8db294b1a84b3cfb37df56a9be7380,ramping
0x040fe377ecdb56242c9a9b093f33a6b5b3b826bf,ramping
0xcbf098bf8a7b1542585343b67e088e68830d1cd3,ramping
0x072ad9fe26948d23e0c36736dcddc1a1e8a25ea6,ramping
0x66aecb4f06f7acac4452156ca7cad0ee6516b665,ramping
0x5785787c385de9e9298a342f4fe1de485cfb21b0,ramping
0x0c6b941cbb8449472e09b904a27d8a4d5af18fcf,ramping
0xeac126c2cb942fe68beecb9f197755f5a3d5de39,ramping
0x98fead152ccf323addc66d31aa1a4b33e518f4dd,ramping
0xea3d417a355fbbe2ef3e195642f1b822699284ae,ramping
0xb3cd6463be1c1f40b712ddfdd29aecc524c57e73,ramping
0x762d263ce65244564398711ffc6170b52ee56666,ramping
0x460000bc55a973dbceb399057f74f01457f4f2fc,ramping
0x9cd7eafbead6576e41228dd9bd07ae2fc2590f1f,ramping
0xa087815057681be92b69fadecc7d224e146ebd73,ramping
0x8a9b2dbb6564278b66bad69868c2096b1b0837eb,ramping
0xaafe16d55ed3f60bcabdf1d14f1a77dc9a343ebc,ramping
0xc8068d949f0689309c04cf9d1469107bf65ede35,ramping
0xad395f8453257bc8717b09c24f932868cf4557fd,ramping
0xedd9cfb5c7adaa41005e10521aaee75bb64d963e,ramping
0x7cd10e6a19fc9e69c10354667124a79492e15dac,ramping
0x79b31556594ee52c849e2c846157a73ed3a1848a,ramping
0xffc72fe4ba4a3704c50f84553e57c61689aab388,ramping
0xeba53db3b53e2ae621faae3bed4e7fcd11877eac,ramping
0x9cd9ea9af3b90ad059e6fe83a47600bbd4e97212,ramping
0xf8372d26aba94b22e4f5a4160b1d7f5a50d0ad0b,ramping
0x856ab8e30615cebe83428e4b03b2ee6977ce6535,ramping
0xee41ed2911aea488c5102158f8a2576f34ff91ac,ramping
0x21eaa583defe548941fc30da17790293224811d3,ramping
0xff5865e6a61e41debd9a090a3caac001d4ed2ee6,ramping
0x7e7f8704bb996b13ca330d27d6fc003079b18211,ramping
0xe631d23c79584595b42cb6a400894790e8f7aa0b,ramping
0xa75489d98097e9bb04a46b308d41c71a29aece9a,ramping
0xec55b4a313fa133b608c553d877b22c9439414cf,ramping
0x345c9923fa93622023c6c8bd72f9f1e23efd1304,ramping
0xa4171aac877293d5282af3e2696a4c31f755b34f,ramping
0x8918f70afef492b1d544ca713747a71ba000df59,ramping
0xf69ed7a905a1c2245664f0298e1adafbb3dce67e,ramping
0x4d93f6cd84675ea8c5cf765e656e686b2bc88587,ramping
0x54f61bd1d4316c20cdfa00867ee4e302987a776c,ramping
0xa10a1a53779e4a7f11c74a46d7071bd19ef879ca,ramping
0xc6f8814e3ad280e24a46f708153a289f55abe86e,ramping
0xc9902066aa7c318a32ca3de9556eefa334b8aa10,ramping
0xb93ad8b1ccf4c1b1396e1a9ac022445934a71388,ramping
0x311bb74ad68835cb1d67a40a35eca766bdacb5d2,ramping
0xd65fb20280b865e85f99ee1f7235262a96a783cc,ramping
0xf1cc8355052c0cfbf60944d4e76c056ec600334f,ramping
0x58d85978160e6c2ace2797025cbdc80ac6086a3f,ramping
0x49713b3a90482bdf001b978dfc65fc7b98efe388,ramping
0xef7a420feb34ea8e652532f70667184203eab2cc,ramping
0x427f964a695c5f0c44a4447f9f8054d01833ac50,ramping
0xfe0fab6f2e3ca307d8c8d253218507510c953b14,ramping
0xde79d5db0b8e43bdf8c1a73e065268f3e721460e,ramping
0xd385dfa4cd5997b4cab6b554bd9e207275ac6391,ramping
0x38bb9b8ddabbe874289d7e52a68915631fb10d6e,ramping
0x4e254c15caa3150ba510d81a29cf8be5c6dcecc0,ramping
0xed1e2b8870316203ad080b908ced2c583c86fef7,ramping
0x12414e7bdb1f14e563d5bcee8926d7af33180a63,ramping
0x7c427fcc5b2f43758338b92d25f71eec4ca17a25,ramping
0x2cf97d8c4f19ad4ecc6a765b1d767f1d2ded76e9,ramping
0x4a8d6880b20fce3b5164197dc17e833d8b23db16,ramping
0x3777f06f60cd0c7941c5de496a82847a5e586e66,ramping
0x322f518dd4a3dffbc27146d23648744341739bac,ramping
0xb11d8bb357ea2d5d2a48917da469e13b16459680,ramping
0xdb8cdc936d57cc0a9e9606b8c72bce1d6a0af980,ramping
0xf9d812c207bb311c8627d3d8f6b17e92b9feb810,ramping
0xc39ab0425270f4d379268bad10d2085d15b01bc7,ramping
0x78e0febf923a9a8c01ede2ad7873fdacb806e144,ramping
0xfbcec1594e9ea8b25b8951e88065ae72d9d3cf5a,ramping
0xce3bc23f194b9703155afef14ce8de3f8260b5fa,ramping
0x728ed17fe13557a867891021ff87abc728e4606c,ramping
0xf8ec7615269ed26d7f34a2227b4ed5e3b7585e6c,ramping
0xacbfa9a48fb9ae51569b53cb738d29e9cfb4bd57,ramping
0x6246ed469c816c0cbf4efca92d29355803094906,ramping
0x778d070d5af590414a78d3b950cf76313cb6fd74,ramping
0x61e6dbbcea9e5abef1e37d8450165811b90d5552,ramping
0xb0a0c2f2c0cc34ff7c635fdaf4e7d00edbdfebbc,ramping
0xb5001e0772fb6112997c2ef3926c8dbf3f4b46e2,ramping
0x1df69e3d1c262e4a35d6b0dc0f2b4489b5f80549,ramping
0xed6fc58c81ef4a0096b3dded3681491ec6835e99,ramping
0x964511781246967dd268382e369e245b9cc1495b,ramping
0x6fcf0b4584571f1498ec7dff12e06698efd884ae,ramping
0xbaac785a8d47aaaae8acf7ab2858c2f7cd522404,ramping
0xe86316e2a198a6913104cf8f41054749ae95ff36,ramping
0x5109c19cff945902cc669136e44cd3d7a67de05c,ramping
0x41d37396830f1454e8cddb127bb859b0773f1515,ramping
0xae515d3428e5e4096063b4d3f4ca3ccac508af1d,ramping
0x4e974689947f2b0739b50585b42d7e596c2c4273,ramping
0xe5effcc35d783574df87857f35e0c2d45cfb8b44,ramping
0x26ec5c7c505bd1be28b0801c0ee3f5ba8f3fb83b,ramping
0x33e6eff2bc677c91c48f4e78c60cdb30406df7ea,ramping
0xf578a7006d3d0ad558fbe59ed0ee7221d3cf270a,ramping
0x2da5c11c884d518d676ff9455850260bc492f2b7,ramping
0x8995d4c665bf070b126b132c36306c203139102e,ramping
0x5dfc5a97e0ae8f529112ee4b73c9705107cefda9,ramping
0xd0bb2e98ce17ad09b0c7c901e47ef3ba758700f2,ramping
0x030877980797f621e5c084f47acc0bc916b730cd,ramping
0xb0c90b5047e04ce253465a3c532cc35ea43e8cee,ramping
0x8ccafdf6fa4173bb1590e806e4b265e1bf5cbcc4,ramping
0x3c8eb646ad3437ece710e9d0c0a3b887e81270d6,ramping
0x91597dad3fe3bc8d7c0e4ac466011cf61aff304d,ramping
0xea5e707f8b776165d7c252f8da25e85a38e1e9e9,ramping
0x19085b72a1a5e6de6ff985d77043cfb021741c5d,ramping
0x84d01e4e98f868d1518ac222785509d47a48b527,ramping
0xf5ccc077686381d9d15a6f8a2092f3c506108d08,ramping
0x808a89793ce279c12473118dab7e2718dc9635a6,ramping
0xcaa61daf8a39782da05a14b177980eff726415f3,ramping
0xed8be67fa0a47f7fb77a154f9f46f08a2edf784f,ramping
0x2a5c552a99680db34d3081949ce17dd29766d48e,ramping
0x8c3137e86d0c603070b39a895f8c7ecbfcd164a6,ramping
0x3be9a8c9ce1616f0cdfaee3ac6469c4d3561af0b,ramping
0xcb99ee2c93aa476e36dfe327658207563aa779b1,ramping
0xfc2059561ac386b1c7b5189179f5285ddcac26cd,ramping
0x6cc2f32efd0c0adf2618e01b8be794f7bfa67337,ramping
0x9df804db898cdd1e85e6cbd73ebb0e20d5da5a0a,ramping
0xeafaf28f108591f0c555b2245def870fb4367684,ramping
0x5d31f1d2ab873e314d8038b1727559df46ce5017,ramping
0x086e3865ad2ae339467ecd53f540ec847dfb38ba,ramping
0xf01b766a3af5f02094bcf675379401a5edb37f25,ramping
0x1e0a95eebd113119ced921b6b808a03d2abc1820,ramping
0x86c057b172bd8bae358090eef1bbdc4503466605,ramping
0xb47528c616e9c6c1ed569265a18c1ba938638bd2,ramping
0xd9e979a882b9188f764fc16263e8b7f7c3440d0a,ramping
0x2c314761d8c62ac15825070ad735678b5ae6ae2d,ramping
0x2d4e84cf73d9189177dd105b0517f8a78d46573d,ramping
0x5698b550061390dd514814c5a764141f34d7b36b,ramping
0xf5d5cbddbb3184fa2817c8c447d9887d66ab8815,ramping
0xb41a3a38e8f3cd454df6c65e5f0214684e0685a3,ramping
0x2bd8f4aa34cf2776f12bef6b2a04a5755551667c,ramping
0x227ab4bec4ac6977a56f97b8a7118769f6d1b97f,ramping
0x15f7f513a609631c314f3b06f04c236f0ee3d5dd,ramping
0xbcc59d1756f5948dcb6eea24e54e889eff832483,ramping
0x8f7d7c4745933c0383a6a04623514bed2f48ed54,ramping
0xd2601a775052787448e4ebff630c90be0dced542,ramping
0xdf3c1a350a55525c0db4e67858f075d83dc68d98,ramping
0xd71445c0d1c0df06b104a37e74c3ca9fbdad71ce,ramping
0x7c764b132139ce9ddeda2d57bd219c7725df3ec1,ramping
0xfd544438095e328c75e83d53a4acd19f921f1172,ramping
0xe46229c7465f761b0844f985a95276872bb6e679,ramping
0x5b92897d678c5e55aec6a72b87612d37678ec4ac,ramping
0xe6c4f33212ef8b3181f0694d83f6fbb5491bc386,ramping
0xcbbe229637f130d87f3da3fb9bbc3b49318a7fc3,ramping
0x302cef920c78421450c7d3d7a18796f899110cfe,ramping
0xa96360e99219deef90dcd84d0d035b9f0adbf749,ramping
0x8a8d8a355ce7165fc3b3797290febb51fbfcc5d1,ramping
0x452f428e700932694682e6cc6c57756ac70d9336,ramping
0x8ea1bffb2c5532aeee540d694855bd618ffc7b87,ramping
0x1ab42509461725a7df87e3df3624a2f2f5c43146,ramping
0x7fcd7aaff6cbd3e8121de03ff3d7d152cea4fd19,ramping
0x98ed309aeeb1086c15b78cc8196b138315181fad,ramping
0x82e15cac813e054cd7a56f3eacfe88d6b5b58bbd,ramping
0x9babbfa84105fcbcddac0a8e5690fc855e08610b,ramping
0x132289925ee0c581cc01ee3c1e065ca7652a6f21,ramping
0x5ed24b05d9e1b3cfbc5fca0dd898c89184bcc351,ramping
0x6fd0d2f0a17fa0df1906acad9e4de51a43b00074,ramping
0x6a031c25e6b796dfacbf29eb95705aa1858a8391,ramping
0xc5df150436d051b0c8a516239128e148c46d2bfc,ramping
0x7466e7b3a9fd1be204b2cf6b3f7c848af22e4ada,ramping
0x9bbfe9f58e7b9e92aec98d8256ecf11b35f9c230,ramping
0xe428cf123e98e153dd34c32925f4950cf8ad1fdb,ramping
0x2e0624c7b4cae7c15a785cf9e192c8cfd9d9a886,ramping
0x6e8223dd92faac683833c444862499ffa3a9cf3e,ramping
0x8d118261c305e1e7b468263bceb47bb3545e515e,ramping
0x50cdc8fa88e61d3158f69ce656fc847ff118a611,ramping
0x7aace10b0c9d797cf850bd343ad30efbc1e5d530,ramping
0x28b2e8ccbe00bfa9881b35b1bb85b71694ee3bd6,ramping
0xaafeb2cac537c3124be199c31cc4738864eba3ea,ramping
0xac62c9ed81d023edcff2e6e542c814eba8aa8664,ramping
0x07fe4cf622d5c35311e3fbf00c71fde70ea8293b,ramping
0x0e453ad21b073332b797c02ac6d0fcb5ff599180,ramping
0x823e15ee5432acde1839b47ffda52ebb9b368783,ramping
0x8fa514aa26a0183932c200ab9f9b41589e558406,ramping
0xe8204b22be6854e2f2fc4c7d7eebeca3439c731e,ramping
0xd9f276eb963441a28a1246bbef4196a2ba679147,ramping
0xce402566a41cd15714731eaf9b6673500d44fd5f,ramping
0x28ef4efbfbde53a807cf3e59014a9c19cd3d35e9,ramping
0x4b8f2505afd4d3b8d8783bb905394c0e6432b94a,ramping
0x8d1b10e100f0bb48330da43c2d963a465052446d,ramping
0x135f9729708673c545db913e51ac9a5f7d88765f,ramping
0x368fe01211e4f77f06d663c38bd8fc806e6cc0e1,ramping
0xbe91e99babcdf010a1fb55d7e7a8f5068ce821e0,ramping
0x03de0329c55541f896bc0be5ce9f520432a91231,ramping
0x6528405d6268b9adc5e9f7632a8f9e73f35050a0,ramping
0x47d5688d7a67cb7b026067a6348cc38923fdce95,ramping
0xad68b2c892b79c98bab539936a9b04ec7204032e,ramping
0xde68d286bd8deeab516fe58a07e684e35337f46b,ramping
0x82f35dcec5963b0dedd0be840102424f2e280b67,ramping
0x9aab3ed7c08c46b29c8e2d2601fa6e5fc8af7560,ramping
0x0a459a1b7be3f41638577b8e80c91129f15d8536,ramping
0x2de2432052c47f99877017209cced165fb0d9a39,ramping
0x3cf0c55d12a5621d5d91b71f86158fad8e8d7fe2,ramping
0xfa27d521816d0094fe518a6693b713bbe7fa1c6f,ramping
0xeb6470566e99597eb447e2e20a8cb031ffa0f0fe,ramping
0x7116953a21756eea90415d7384a817d4bbe1daf1,ramping
0x72ec95bf251fa721cbf363e56943b011c00e4e83,ramping
0x3247f6b66f24f672eacf52080e0381fa45deb307,ramping
0x8fc013ad36ea6c63b77413212233edb855117d95,ramping
0x1b20e19204dd3af2da021e2a6646608342925b59,ramping
0xa224ed752f6f81e03f7807f9db36947bdd8781d2,ramping
0x4a29e001ab59e264db1bbae6a6b3ba41981fdcb7,ramping
0xe5da77d172de4d34d19e704849809bfcf40a4726,ramping
0xa8d08593731b9e811741a61d319958b913212d72,ramping
0xdc3606f6bff54c8fe6926da7ce07ef8da97f0ec1,ramping
0x2d56829e497ab199f9aba019e14de2e76edac13d,ramping
0x2c9cbe187f20612c9e8da147bb96c17938a5156e,ramping
0x810d9e908056506c54fe4e93042a1108917477f1,ramping
0xe1513d5e39877f045bec71c7769d393310536fdf,ramping
0x05b9d573ea8a2a55fa05744b01e396bc81a138fd,ramping
0x84db8a209e78a51f05b6dac73f120dd43bf24923,ramping
0x7b4bab9f09e0397dbd5eb20d27baa68085677b29,ramping
0x440625190b841f928b06e16c36f8502a164d26ea,ramping
0xed35c0005c5700c87ef7a03ae084285b63bf08a5,ramping
0x57455385b14efc7782ec4b15a57fc01619a5e971,ramping
0x579326353bc8fa5b2740b12d2f4806de653f73f6,ramping
0x9d8665539891ec179081790cffaaf614891468ca,ramping
0xbb988dc028f31d69771bc1a5b5b7d424233dabba,ramping
0x12b24b49ecb6d5b0b1ad22bc96649bd0f4cff488,ramping
0xea316f35749cf24bff5b03249dad686bf78c892f,ramping
0x72b68597ad20c77f684764d167f89a38b705c613,ramping
0x0fc04c2ae89aec37ef1fabe7ef3894f629d5acdf,ramping
0x2ed1d126115b0346f5d40d8d2796239c3f06b6a6,ramping
0xbbb70312581a383a152ef600928dc53fa9743208,ramping
0x790b468b12682e97ccbd77413745ca430bc8b14f,ramping
0xc3bc553ea05344c89ba21f1dab0b106570173014,ramping
0x051b842df765bf4da19a999c22bbb01aae2d9873,ramping
0xc9f7b2d53c89cea7f5853ebbf75b2b9aa0bc6892,ramping
0xda70c5291984425b8bb6b6853216347f371add22,ramping
0xbe4b12154f5160e2519e47f0354ff7feea65736c,ramping
0x28e30eecd4e7adfadb8d9f97f4378c596f713d6f,ramping
0xad212480ae544a30891d4b601a59032abceb1d92,ramping
0xf2fc4a6e6f13c2a9f60646a6c685060d09ed1e33,ramping
0xe0c7ed559ad36b2a074ef7938d9879a5a8f20404,ramping
0x8a5a8d52d3d2f92ffd507a6bec3bfceedf5f7784,ramping
0x4a48d59a8656c14a117185ec5f9f496d0b0190ef,ramping
0x60019ad6c328b3e79cb945e407bec972b9cf06cb,ramping
0x527324530f09cf8c16cfd1df1972ae184075ec86,ramping
0xabca86fc344f4fe35734742e2d4b7b4500ed3d1c,ramping
0x8c7bd3c6bc98859b0af9cd2be87e954b55e1b249,ramping
0x70ff78b2bb3af811bdc832ccb4002cc3331499d8,ramping
0x1862f2adb926d64a5bf5ce485616d25c4ca7ceed,ramping
0xd41f06ffa9bd4a01d14834d617b661bb5fb02534,ramping
0xfaf7c7cd6cbe39efb910694e5b9c196effab39e6,ramping
0xc6ec0e59ab1dd3736bccfdc2e70434769a3d6bfe,ramping
0x06505a345aecb2d0dfb8d5dcc23ba12399a6113c,ramping
0x16410396c7da1e4337c53df34b048d836b7df94a,ramping
0x816e16cffef2dc454aa1ceb54ce4bdcc33599389,ramping
0xf1d1d09505b561215d21135ba05292caa6167746,ramping
0x10f39b9f8bcfe69744aa330452921e0e75caaf02,ramping
0xc53d764f813ef4547f3335fa1d309449234e4223,ramping
0x82de7809e8c565a19d22e63b8defa3034f9b754d,ramping
0x11ee7365ae2f9f82832148b76a117991d5f0aaed,ramping
0x21357de9f51f1ba796ef4a78c5b2cf86b62251f8,ramping
0x99dedc3ba59008cdf96f6598c901cbc1f7964214,ramping
0x3c1ba56da15524361218c3168bfd02a142c7fd12,ramping
0xeb5897cb19471e52dc56baffd166c0613b58e582,ramping
0xc89744fb98e7975f4b9e4639db9010327613cce0,ramping
0xbf82fb8bdc2d5cddfefa20bbd82bf497e5f6b7f3,ramping
0x31f0e45011233a41fc51273075810f76be6d67b8,ramping
0x8c65e1044c23a0b4078d7bd4f1662561c0b20848,ramping
0x76b556e8dbd1dee8cf4078a2a18bca62a9dde8d7,ramping
0xdc9975225f0b37d6607606e5ca0c85f3bbae79c2,ramping
0xa7a00531e7eec23eb249c72dd25e47818f789291,ramping
0x6a88f5413520102847d0cf64fee4876317829b87,ramping
0x1d4d15356e0279692d64cb9f5255fc6d843903cd,ramping
0x12f5eff491aef3c42dcc126ff862986de5efc1c6,ramping
0xce5becf82894d53ca2f7705804107bbe87bccdc3,ramping
0x39e3010a273c189241e5ad65dfb32f15f2919268,ramping
0x9624b9580eb357acff37a33964e3578b41f1731d,ramping
0x7bbdc4c451cf9818e9f69c40ebf2c7847b74dd5f,ramping
0xa2eba5d372e1de06d84936b138b33c59df32c6c5,ramping
0x5931c8ff83b820198aae4b27db3372e34939f332,ramping
0xcd488fa8a4e0b47de112e85de48e351c938727ae,ramping
0x32989f7c6e645b021b66f36d8326f06e4b75dc1e,ramping
0x3fb08b00a51a2fd085a588236a4e76f9f58806ea,ramping
0x19fab824bbaf4aafd6d8d5da6b1bf47c8d3adee3,ramping
0xeae229e596b4df36deee53b284cbdfdbdbdcdebc,ramping
0x80edb333c5fb8d071eb12836398d3bb20799cce8,ramping
0x58dab00f783cd8cea922a30f1acafb7add314822,ramping
0x982a9aa371c3e9c98c7c77e0a3e3107bcfc80154,ramping
0x48513fd9492c30b089fc129cf1b96c013d37a480,ramping
0xd50be3951db22f34abbbf96bd1f1c89c6fb0bae7,ramping
0x2f89a8b05d0df6811875570250900f8922ffa2e7,ramping
0x8cb75123d205a4a6de8138d9929c14b42c3ddb00,ramping
0xb5b64772480c8fb5353bd9bd2426e9587c5a91e9,ramping
0x774242b95432e40971bfebc6aaded3f25c1cb5d5,ramping
0xc3ab9dd9c28e21d40c1f0674b853c9f3b74eb2c4,ramping
0x7456dcc33ff66756916b7fb51fd1c17b73aed6e1,ramping
0x74c8f8ddacf6f73e5abb1c798ecef03befb83681,ramping
0x475748d4e986d6c0dcf9e26e30353f17a03f7351,ramping
0xa4b8998e55d6c054ffb96c80d5c89f6fa542f84b,ramping
0x40251382f7c748a935d21c94eef84de1e4c09077,ramping
0xacaef2dde4aa7dec8efecf75b9dee8b236ce5de5,ramping
0xae672c6853e9be70d298ea4ec44fd638465626a9,ramping
0xde216e6bd881eebf9c6d1aaf408ffdce3008a3f3,ramping
0xe7402a14178d076835972c5fa95cb99491a42271,ramping
0x71835508908b794e472ac920bec3241d3ca64dd6,ramping
0x393135f500f4c4bca2c1c2394492728c91d36797,ramping
0xc4a6cdc9fdb1f4cde4e167b1d7f2a2d44403342d,ramping
0x761a6cfe39e9c19c68d9acb624007c507858e860,ramping
0x26520985fcef02d04242292537a54b64cab57973,ramping
0xc9b29db51142b00e697385092b80efc57402a2b6,ramping
0x2f5a37b818431ad0a213359c550a84747017a0d4,ramping
0xde456019fbd14fbe401684f98f45c4aa43acc2cb,ramping
0xf1876ff17bfebae0cce0489d30dc8bce05c5ea21,ramping
0xe3dc556923548fe2b1bb9d85012c3957ae3f93b7,ramping
0x90a86fa853d003040676143b428a77e04a3985fc,ramping
0x35e809254e0e1c49247cbab50c98e9e8c4ad4905,ramping
0x7fd915f670885387781fdc5cc1db32f756ee0b47,ramping
0xc64f8ab66ec615602fa9d11e4c3bc4541dbed316,ramping
0xd6586ed4af798b0856325f8ee36b221a6ec11ab5,ramping
0x01abe1986e74f239cd2e279d98e09833ccb17d35,ramping
0x85789992947ca1c8eec0d8520b77064b455406ab,ramping
0xeea5d70b3132b76da396b0d227b39206cca1f95d,ramping
0xb02e113aabf7741fa6705fb9af64b56e53a846f3,ramping
0x6916d6dc0a9ad360b2e97c5a8a8184e689ec9824,ramping
0x1473d7373b44ab5c75db162d9c9da78d05a0c5cd,ramping
0x7120c3c52c0fcf7a4dea1a685c1a247db440ba92,ramping
0xd09901268ad38fdc4245360e91f1bba9ac6aac80,ramping
0x3904cbc151bdefcd628bd13757dc26131351a432,ramping
0x63c4a15d88c992f681776d7427294eae44a90f27,ramping
0x5fccda24cc95edb2d75a29f432d6fa4eea0e9bce,ramping
0xfa38c7a1a1896f553e75e19bb8cab7c09b128870,ramping
0xc51b501c1ba133d9212f5bc9fbed363005690c80,ramping
0xccfa9fb0d0a82e298da324972b88fc34c5ad83f6,ramping
0x0ed05892b63210cca802ff8296a42eb197a94e15,ramping
0xdeb07cdefc1314af9d5cd21920b2d47ef4c3d46c,ramping
0x15a2e181cb30cbf28549252aa05a826d19c2896d,ramping
0x6a41ff42e8c0f1156d2e5c88b250c3a696c3ab1a,ramping
0x6cd6ccf66e6727f9e0f67a9adad2ef3bbebf185c,ramping
0x71c6a87278cde2e1aeb006e0a4fcd8ef73cbfb4b,ramping
0x748696da43b46d443a5febc2b8381a9ff9ccf63c,ramping
0x4aaf34ba5f0c2265bbcc91b42f62679f490f150c,ramping
0xe7130b209d11fa27fabac8bcd751b08660c726b7,ramping
0x0288bc2bc06469f27b3de877a89c4c26e3f6813e,ramping
0x8f009a9cdaaf1f6acdac545e8f9707b30caeddcc,ramping
0x0011dd6a8aeafc4ed0d719cd3b53c199adc484bf,ramping
0x8a02f02e3403b5f15362a8569ec30021a063dfeb,ramping
0xc8f1fa951b46ac317fc7141ef8e1233270da7f7f,ramping
0x8f149fa0ed184aa3bebf08063a516885271f4e0c,ramping
0xbb747898b3ebbf893ee8f5ffee203413af3dcb53,ramping
0x813b0ee1e7f9e26955583d2555f837fff6b0c3c1,ramping
0x06150f20a71234b168741e5280c4354db759612f,ramping
0xe2dd503ba89602c81e1c310b1308a3c0598eb8a9,ramping
0xd375800086759a7d3e55c6d25deae689d22cfe91,ramping
0x63088a27a5fa17c3bd21d6db461dfc8268327844,ramping
0x04cee8cf2b45db46173e7d33a9fbef6226aee88b,ramping
0x9d18a102d1f3ce2017015f7fcd98292778ef32ea,ramping
0x7c4092e504959403c16245a167ccd2109980a874,ramping
0xca5c8d1226361af952e62ec9275182826fc1c104,ramping
0xc1d96fae1a4c54b3a1014692c180b1518e443ba5,ramping
0xa94afca1c18cf5d810a66662ab52f8bd8b7bd790,ramping
0xbc0d6664ca7a3896734605242ed1faa553daa083,ramping
0x73f172a358521d2fc2263471a136e6832fb59dd7,ramping
0xe924595bc35c8580b83b12f850f6b5d892651ebf,ramping
0x7e260646338041f32bb495409b7d264cdd01924a,ramping
0x2a7306ef543c95fd411e97d8ae6ee65260c5db61,ramping
0x4e989c4eaa0a76337530bf4a8b16b3b238139570,ramping
0x1145fcddb700acc2e009220258af1cce56909071,ramping
0x1eb50b5064c522dcbaaf19f5034f01c8b10e8697,ramping
0xc36f120332918dfa8197ea554218a277704aea2c,ramping
0xf50b2898a66692b6d309ceb26607ad32de74a216,ramping
0xbab5107932e2aadf34f8170325c1930a1de50f4c,ramping
0x2d2d189af732871b0c519ce8513a4589bd297bc8,ramping
0x1517bc05165c47fca5a48c290d10ed9810c77809,ramping
0x9c2d0e7d63d50b47a963dbc98ac06ff7d672742e,ramping
0xba10317c046edbfdb3db4f5b0d5fd907e36769ca,ramping
0xd6b52c2554abcba2c71c3bda009933d1f2f1d7ef,ramping
0xd352dee5b113a6acd09e10eb10a1d8e6d91e615d,ramping
0x9fe6b94141cfbebd0c7a6145739d65dab463c61e,ramping
0xf74c29fc5ed8c696486585f6a0ebb1ff432ad4e2,ramping
0xec87a565a5301214630f95d79c05f1f512777c13,ramping
0x3159b7441342fae627268ff35c631938e2f8e28c,ramping
0xe196c06481bc60b1b79f7338cb27e417ed4d9a65,ramping
0x8e046e4a872183586e97b8436f460bd30e8ee7c1,ramping
0x0ba5a6f1ebfb96d35576752242795451c9887cde,ramping
0x9251b3c55214943963588222acbd3d9d3407c049,ramping
0x0c68eb29372d3163f1a476da7fb5b31cdaa6af32,ramping
0x9d1cfef3a41af06842cddf60fe3ecd8cb55cab96,ramping
0xc1f35df0ddf7a6b1276ffbc5ad4dbb888ef11d07,ramping
0x4cfbf97d68ab5401ad03dca37fed1f248f833ad2,ramping
0x7b66b9e5f0a5badb690b7bf2e359988d630a6f17,ramping
0x62aa00a54f1675bc19f06fc5ca50619ebade3705,ramping
0x8aeab7326fe447ab0e843ab2efb77a8c0161c39c,ramping
0x90278f033b438aac883aad31907c9cb84f663841,ramping
0xd06d9ffb91e130db6c2daa5c696901ac5c99eb53,ramping
0xb3b12241c295c1e6623aa30fafff406cc3f2b668,ramping
0xe47c4b9f20ed0bf852f31ddc59218f48e47e7abc,ramping
0xffa85802513d214c0947a73acc039e2b01defe33,ramping
0xb68010dabe2a5f240179ba42b44b0248efe15cbb,ramping
0xb5618b8d79c220fe4b1272e774ab1c8af4f602fb,ramping
0xb2d1220bb1fbc71bad428dbcbd8d87860a9543fa,ramping
0x622b5d2a796abe9af7eb71d5538bf7b3afaca0b0,ramping
0x541b1e8ccba5ad35ad7820cda5d6a974e8915054,ramping
0x9fcf3ab06b5fa37c3543488293ebd20319bbb03c,ramping
0xa90b150073c44d1274b42092c8f87a4085bc4e95,ramping
0xd0b88e86398f1732c7503b72763eff7055672dea,ramping
0x50788061fb842e4afedd34653e94dd444e567d6e,ramping
0x0f2d91c98c840ffb0fb124355360baea0bcd4214,ramping
0xfb8c716f1761f6c42c43231d42800db3f3013377,ramping
0x93bb9203604b7137ad79f437b2dc48b07c6a0a70,ramping
0xb5618f5e01bd438041aa6e8d89d928a01e960dfc,ramping
0x7c2606b808ae527711b2d037ebafe34ff385944d,ramping
0x11fceabaa8899f99d1d5c905fdeb5bcbc46687f6,ramping
0x3be1795d6e0e75956f95f681791e00e628040b9e,ramping
0xfcae994f5831abb5e9806774c33515aa4f176f83,ramping
0x249159200c547add03b9ed2e391cf8fe057057ce,ramping
0x33dc05339bad43a6ffe0a922b23838fd51428b36,ramping
0x8640bc3a6c1bed6f6ee4da69bbb7d22408b75b92,ramping
0x66219c12dd6457b61ae6485039ac8853015c32ef,ramping
0x6a2a9070ceca1dcc2c08e08224d1a37de364e66b,ramping
0xda849989cbf85bc086b1514da44b7a775434af2f,ramping
0x7c40ea0fe48cbdda80fb349f495ab1ce80f03e8e,ramping
0x544f83ab919e990616caf0a696cdf39cd33a8136,ramping
0x36fcdc110c46414e978c75b7da538b35340c948b,ramping
0xbf8c8023ca963b9297046f124188cd1509b5ebf4,ramping
0x285be324cbf8c2c3a0ebed9cf0cf5b47fdc1a99a,ramping
0xce958bc4fcd8ff763eccbb4133dfd39407e5dc02,ramping
0x1141267de2f25fcfafd92f5ec9d30bcd7d29b423,ramping
0x560373ac4c5f0ac8e636df838933774b3d12701b,ramping
0x76527eb9b8e3fa9cc1ab0958c8bc38d687ffb0b4,ramping
0x2eb31fb1a5cd3514f2f6fa757e5d29b166564fa7,ramping
0x004f01975d7e8ba1dc55781de6f91acdec682423,ramping
0x016a97aa2d1f9393b2589fe5cd618a0844e87885,ramping
0xb4f67515e556176aa6d4229e40331bb58b2da247,ramping
0x24be74aae04a1e4fdebe02486fcc40f1582d2f30,ramping
0x864b347f41025db258c0520845f02e1d7d155d84,ramping
0x88a7f0bb959fb2ca56475fa970c5d58fd9867f21,ramping
0x7c81a71bbf5934b6c1ab96622314606bf413464b,ramping
0xb8cf1bc8e59dad3a6b907cd636072748ac5b2a7b,ramping
0x3dbf7e694812408cb0959ec31c51f3b548abd122,ramping
0x4c03f713bea94e2f1c2cb553a2b2aacb18666d7c,ramping
0x08b8bdf8be155fb68d2d339db66aa20229fa12e4,ramping
0x4f5437474a067986547f4b6e936dad9de02ac2f3,ramping
0xde1549bb665192a27db0f6fbc839466b9a2fe75d,ramping
0x234cce6de6efc87d868748b492315b1cab0004bc,ramping
0x7c11570c411569481345e7446fd839cbdb091f49,ramping
0xab285bca2fdb03d1179949f7d9f82d0e90edd20d,ramping
0x13da2bc368355088165151da77b114c9a87679c9,ramping
0xc851affd58c36827d1878d0dc006f90a828ce42a,ramping
0x508ce373a42c05ceaa60a02f1561161b77991b4c,ramping
0xd98ec5c010c182370f26e54e0d0bc56649296634,ramping
0x81e654330e3d0a6cd117b5e6eea2e9fbb7cdbec1,ramping
0x0cf676d517a9c310e989427efc4595d7eddb9f8f,ramping
0xfcde6468489e1b28d01b0f2576169cdbc7f656e9,ramping
0xedf09de0833b7fd49957ff531f5a87b92c324176,ramping
0xa5a17b45fa8988860e49305af31ac3493b9a93ac,ramping
0x97753c348308f32878cfb3053c6487252f7ba95e,ramping
0xab63a4e5a267dd494834cb69a9598d878e455d62,ramping
0xec2464e1a406de93616b4bfffdb8a877e0811f4b,ramping
0xb2540f3412512874f9b6a7a097746d64ea828c62,ramping
0xfcce4e41e03ea34b1c412900bfe076b5db5059e3,ramping
0x91ac71f613350fa642aca8ef4ba64c5a9cc4f35b,ramping
0xd10acb12cc3e74f9220260ec6a42c4fcfcd7d3e2,ramping
0x0dba586951766cb749ef2dc6933401777e981613,ramping
0xd427b8c830851f054b1c56b10cd10467a33462bc,ramping
0xb1ac7738447edeaaf708702e8d02ee59f2fe0a1c,ramping
0xee5c9f8047b2eddefcbd05baceef0ccc5fc19ad8,ramping
0x7f1a741a808e61db4d038ff324ad6dae5edf399b,ramping
0x68fcf4507322a3778b883247742e9d2e5d9e4cd2,ramping
0x6d33378817c1a9704b468041d250c38520615135,ramping
0xebce73af2d615dd3ea2bc60e879f8f2d07433fd0,ramping
0x3664c63ea3ea179e96697b4b7857f07c7a1f741c,ramping
0x37bc0db9bed92a85f7cc3b32aa4e9e2a393a77d6,ramping
0xf2ae223760628bac15209f351c480217e519b938,ramping
0x9c9df04e4a1651c44f322b7a934d4ae948320f56,ramping
0xaa20209ea3f8cacc1cd5f70a0767e2e16e638099,ramping
0x3ae8538462dfdeb33ce62f6f05048225e870b54d,ramping
0xc3e3b53cd53684c7b4113e78a42642b2be111c5a,ramping
0x20181624d549534ec1c5f67112f546e9fb5e78df,ramping
0x9923ae84209d35ea1e35c3c2a5ee6a7e11275d47,ramping
0x99f6865d6c3fdd7209633dc73f277fc9e151fc69,ramping
0x467721a64e05edd5cdd2724675c705f6cbc12f3f,ramping
0x1ad172b2e5c9afd14d49085d8a06636a5dad9676,ramping
0xb2c439cea71a35672315fb0db7751d64e8ab4b3a,ramping
0xa1c1fbb2412d357398d7ecd35765f17f35f4a512,ramping
0x0b6b6f3a2b57d152ab4e318d4b3b91e687fc17d5,ramping
0xf8db3709f8afeb998cfc6df5e6be1c5e598d6728,ramping
0xcc0245584f89781bc46fa5f7b848cbc0382c71bd,ramping
0x714ad0f1d4080aed2f22b1e21e482544b57d7dae,ramping
0x4955630c6c1ed19eea6274f80bdabfa60e758be8,ramping
0xce98b0893d5c85e0858341a9c7e15ffe81b06747,ramping
0x7564f3e843c004a2b437ef929a3881ed7d3f7822,ramping
0x408fb0058b1b38648184f9edd2a47d91c7033d0f,ramping
0xe08c09b2f45eecebb466f8adc590f6c4e61d359e,ramping
0x0536f80746455fc9408dd6ad52c4c01954f681bc,ramping
0x7cf2c33a1a1a0d7cd870e8188e52c2f2d3dafc0f,ramping
0xbfd6d936b86f12e2e9be8b277dce5ea62b910fe8,ramping
0x2b0137ecdf1951cde8abf10a27b2af3d5481f9ca,ramping
0xd235d662dbe2931d2789a4858d57105ad4dc4325,ramping
0xb4ee5a76512822d23198dbaa53412a873b3eeadf,ramping
0x93644dffe895fee1e45e85cff88b1f3c1ccb3340,ramping
0x07a26f5fba1d6409c18d653da43e25554a11a1d6,ramping
0xd0546dd225b402e1c8e0815030e937e46067337f,ramping
0xd7d4433ad3a43075128e495b6f137fdf43c19988,ramping
0x288eb29a4027ba2d35da11c7405dd1a45591cecd,ramping
0xee70bd763e3b0a1e1f089e5fca8ccc6366b5f8ac,ramping
0xfaefc4e90b9d6575559419f04607364efce8b35a,ramping
0x458f02e2eb04710b3f1cc74e88ec392588c41e6f,ramping
0x4e25ed96f788450ad90e0e3a4a6a385ee64511c9,ramping
0xbf2ddc7a276b8c9007a82c6d57e4404023a36a5e,ramping
0x2b67033b27d40c433fbc4414777d7862c8d40999,ramping
0x321d3b24e55eb81236a4c1eeb713041df4262d51,ramping
0x1518150ad0f19157922cef7566a0a290392ad487,ramping
0xacdae1789fd2916b59c0e1f6dc4e7204b3d89a12,ramping
0xa1f4cd37319ea8135d85c0544af5a157e111e491,ramping
0x731d219496da7432780260a8e5a9d44d385baa50,ramping
0xce63c7fb58e31d2f8a538cb1c9b1724a36d56adf,ramping
0x04194527e855abf590f6c7c485d04c21ece53469,ramping
0x0fb5b97b63fb11e33def6f51e78e8660c8f7a6a1,ramping
0x6878d686e93ed48fd0351e93ecbc583d9a02703f,ramping
0xa5ff7a604cb3b5db6e5648889af9f1bbb006f55d,ramping
0x88b1c3f51dac78d490bc7e0d9e09a359d38a39a6,ramping
0x68a0dbd4e66f6c64eb17d5a6229ebcffa5365324,ramping
0x628a3e5a95a7c1d557caa6d3816d22c36cadc1e9,ramping
0xdf6b7fe931bfff4ac4c5bf82883f300f70e431ce,ramping
0x120d7dfbe1a5b99aeb8d81059426b2509d87ec9a,ramping
0x4c945c9efb7bf2af15a2060f939c05b195d8056c,ramping
0xde411e8535c5c3f988396817b6f5cf24ee7298d8,ramping
0xa76610cd9d494eed56b16211cbd64d514faff521,ramping
0x68019515b64d8e6ab37f3e35bf4e39ca381f9eed,ramping
0x74de51d442ed4c1a15a2eaf7243bde0456154a16,ramping
0x441ba2a28a0971f315bb8eab5b2f5bc157283a12,ramping
0xcaedf580216ed49c79a5daa5af1477cc1d7f4f27,ramping
0xa3c87559c791f2aa58dc18713151c25f90734dc8,ramping
0xf20b061cf3fdbc233bf26a0d3328e98922c0717d,ramping
0x0c9b2a73893fc31d9814692541ddc3838851caa1,ramping
0xe31d4cc96ea01d4e36925c9fd70aa46f83bf9cb2,ramping
0x792a710dedf2b2907bd252d434f82686840519d1,ramping
0x3176591f8639dc6d601bb3b3c75fec7e6119bdb3,ramping
0xb4ff67947c1c2d50d6893349626bd29f2605204c,ramping
0x0e33b6b2b7bb309215e193729eeb881a977af4c7,ramping
0x59cb95c1329d573071a93a0350870366e993da20,ramping
0x726f77638edd6cc8a900f1a43b96ed064e8aa049,ramping
0xb9a9fcfeec888a8436b9349e0b6dcdc5fd57357c,ramping
0x66c56e2e76c0004a3a01b43bfdd2ac1ccd1e1737,ramping
0xe78f540981977b741aa55f1da6aa8b67af53840c,ramping
0xf9aea727d201c3e785ef1285f3d439035c08944f,ramping
0x917aa1f08496bafc42d6e1546be35dfc3c44f4af,ramping
0xb9a15125fd374b0891fc5c02199cb63ccf33e22d,ramping
0x270d7f94f86e8e7a66891fcdc4911bcdff357c0f,ramping
0xe1751967c62be0c566714f69b9e52876a81e21ca,ramping
0x5e9e871402506e1bc6724d130d0f087c8bb7f3d8,ramping
0xfa00c21c828589760079acb57322cd9c93e276f9,ramping
0xeab78c1d4137cfd3a2229d56933234cc539dbc28,ramping
0x3450e930ae71a6ab6234ae9a7e69aefdf94b21c4,ramping
0xc83c52abfcc7f006fa0aa7423b2b8a8e22efa863,ramping
0xc465018d5001508a537e8a38d50d9422a2025fb3,ramping
0x50798da754a20adfda2c3ad1483d8da78ab64d43,ramping
0x9eede6cd5134f1dc6f81249c3a5df8df4850c603,ramping
0x0185fada427d175c858a9892f33f2d57f8a0cb44,ramping
0xebf463825cddfbfc95905e449821f10c8c516f68,ramping
0x9616a0e31477d6ace4ac7710ab9c130bc53aca77,ramping
0xcf6ab664aeda02ed4209596c7db5eaa854ca1ee7,ramping
0xe01781499762526d484e3425e7e57334dad987fa,ramping
0x166780e64edf0fcadd0e83db63a76ba83df60fb0,ramping
0xbf204b5f3d295fc1ba144a37fe1333427e04c143,ramping
0x769e106651f2f9aa12bbfb6989213be4e3b8c50e,ramping
0x5b14932417bdb5ab03ab2500f821498a54482c96,ramping
0x5d44a28ae1f7e976800e10e3b8aaefb4dc272d77,ramping
0x12ba2993063dc31f0157d49d37cc0d9141fb4465,ramping
0x2395e261d256e1ab711f57b169887c2e31debc6c,ramping
0x3b7e8a778dcae885a673d8cf2d56597e06e32ca8,ramping
0x2c2b1a7cabb24a96f983f01111e816d9fff98b5d,ramping
0x72bd5b537ae71a0f6833e1ffe727fa282d9673bf,ramping
0x2431ceb018b93e5d29599795e9ac2391715ce6d7,ramping
0x3e45a5af706223263fe7b993081bc1a5a8295b9f,ramping
0x16ae69d65bcf22792fd571325f65336e7d0dabc3,ramping
0xbd1e1c304fc0390c6c1e0d4b0ac60221123ed25c,ramping
0x5d350e26cff11f6cdd5be29d5ee8e974aaaf046a,ramping
0x8674c0206292534b07cf59f9cf6e6efff832c737,ramping
0xae7ef3ec9ea64b9181c621315e1b1461b2dd7471,ramping
0x8c7c93c1f28320c00a9ae99f755cbc8bfebed577,ramping
0x1f374addd35a77b7168c75a0b363cc9fdc2f95a8,ramping
0x3d6060f8de41c18e9f9444020c64d89ddfdd3497,ramping
0xe6eb8344c6d6ff331dae224625d2a96deea68f2a,ramping
0x137e0db55d70d33421a8fa1ec548148a3eef4a79,ramping
0x80e4096290c898afb62227120b1621889b03f34b,ramping
0x316bf90c92833c5f114d071b17708a522ec72acc,ramping
0x836d328393b63409b1f7fa04531fdcde123c0a1d,ramping
0xa413f1ea4f6db77185cbe8e1f316526aea0a6dfc,ramping
0x2488aba55bce9ef0b5771600ace26be6171b6ae6,ramping
0x8a5a58dba328f71406e5d17ae329992f2336493f,ramping
0x08a106d0fc57cb92841d61f9bf222ca8a2cee8e4,ramping
0x40b9451e941d2dff1e5b15ad6d4cebe945cea322,ramping
0x0146288744ae2f11ca741120a39b46c613a53c09,ramping
0xec0c2d849a9ad1ecd48deb1db004b436c0ce766f,ramping
0xed8086aa48c9a1cb305da7813d8ff046e89169b2,ramping
0xee09d9ac76d3f177c1a65a0f7a10753a972c635f,ramping
0xa611f7c4bf81dc73e5c51cc1f0349eba380076d6,ramping
0x5d454412d512e6abc90f034eb434d175522f5f18,ramping
0x73d03a56aeb66ddbadce011916a6ce4024920b80,ramping
0x6e06f6c903d73f223593540d2bdaad0a14caa4d4,ramping
0xa13939e8832a4c9fc18c421791c45351a0251517,ramping
0x119cc0e48a61617e4e9c6be30b117badfbd41202,ramping
0x682796c3d5a3e72d68515d43558396a9d1dd965a,ramping
0x07f566137b077ef8cc6c89f89216ab157b0de803,ramping
0x827b949dc660649326c017405cf4c984ee947289,ramping
0xeb697fc34ffec25ca898baafbab0c2222ea899ce,ramping
0xed3e31873b1fb189eafd788a3b4d18f26fbf48b9,ramping
0xcd333c96e7adf6403f66f75dc50c07dc25ee37a5,ramping
0xd473cbe43700165b2f0da1128995d6d3ada9020b,ramping
0x22b48615175cbd3f16fd1c7ccebb77a760f0f479,ramping
0xc9f71c4e8d6e8c3f38d2defcd7175c882c75c698,ramping
0x0fff46ed0ac6eedebe9c88159b896d98cba20912,ramping
0x3c78a685d9769737b0bc1a1dfcf8ad46a6fe1ed8,ramping
0x00ea0cda196e1ef8b5901d59badccf62e001c4e4,ramping
0x6eda429f8c372e32d91efba25bf4a2e1d49e0afb,ramping
0x34deb52293a523e71b63c1720915f12743c04e8c,ramping
0xb77bf8fc99f86bf57a470c633dea3cfe0105f31e,ramping
0xde3a7528befc6e0656377f83ba58f5d7da1eb57e,ramping
0x8f885ae5b86e40d6f641e5717467c2e8c1fde889,ramping
0x1998ce5c1b0584e28a3771451517c4ae77d550c9,ramping
0xa96b7df075d41a482a39efad1ea8ec33a5cfc98e,ramping
0x738e1fdcabd78a423b19b7f6ce17325c663d7931,ramping
0x52de2bb81614490aafa32a9a057b60f381f0adf9,ramping
0xe25888eeb2e87878a3cf1ecb3dcfb609cfb41d04,ramping
0xd13efa5298eadf81a72c63166ebe04dfe93ba17e,ramping
0x51ebb8375c7efd0b00e8301f1a23e3cb1fb8a7bb,ramping
0x549e168acb1b6a47337ed4435ceb2cb996d5a84f,ramping
0x68e3d9a256dd73d35d050c4c2896ab2d16b5be59,ramping
0xe87eaa5498e24bbd30d17d06887ec6eb2352456f,ramping
0x5235cd40787372de39db34e7eaae3aec5a1542b1,ramping
0x16742f2324587ded177d2642ae1fec106c7fecc3,ramping
0x606f6564b9da206dd9918f11c81b85d50aeb0f47,ramping
0x31c0bf7a4db896ac5dfe36fba8acc81198af1e6f,ramping
0x75174e49f1715a38fc71cdb67caf373ee38c60c3,ramping
0x2f9ae70f7f03e630755e45f91d4b6563333a562f,ramping
0xf8b1950bf7e7886b2f13087a44da63d3f301549f,ramping
0x26bc6c4572e6be34dd6ab53e05d5f0a54b63235b,ramping
0x24da1102a04b8dac79a143bdf62e6d51f16d88d2,ramping
0x9f43427ca3776f00246e8a52b7373ec724b00402,ramping
0x0620e1159edf3c15f81bc8c2a84b80e95bfc9ea0,ramping
0x9d4c0c9add55d87a7411072e02e52a680e05602c,ramping
0x384edf836064020320e4975f8fd1102ad1906b3a,ramping
0x33a6278f7c0efb7a7ba1f877bb5fc1cd799948cc,ramping
0xf45e337fdda45bf0005affa842403119eba5d303,ramping
0x3dcbda504a1e7f5dca7582489385e040efc12b78,ramping
0xfe2762a3c314d52ed415e62b9c3cccaf769cac94,ramping
0x1b31cb7094d45e8025e4517703906acc9f8899af,ramping
0xc9e4e707b34ac38705454ba5f5a9b7fffa858973,ramping
0xa2be06d3cfb3586d4c5a9d2c74eeefd508c390ac,ramping
0x064419bbd31a6ca2e9dc5bc371b43d533242e7d4,ramping
0x47f28a222cd335525a7dfadf318ad441de1a5521,ramping
0x596123bfa91c29c965760928ce4b2b569a9eaaaf,ramping
0x63f2b87f60d80fa383c44c489621565082d24ebc,ramping
0x4dccfb10c1be4b7c16aa01bf1c6a06bca5130172,ramping
0xb1af55d2f9182c3096dea479f0c96e05c9bfd44d,ramping
0xb2c0f53a4d11e6d0a8cfd140993f4f06ac1e6cb4,ramping
0xcb20c9f96c22d4a3830b49527113c1f3219081e6,ramping
0x4b1d5e49d5a63f9277d4557591a054708da3c35e,ramping
0xd61b0a3db414726c7dd72c25a73c520d35220130,ramping
0x40aef530abcc830a4e2a00a81c34e54ebc357126,ramping
0x1987e2027f7ef6ae02fa824b38e08aab6e9eac37,ramping
0xebe41803be74106fe83f3d2ebcc530efbbfb07f1,ramping
0x57d75763155234e6b609236f8297ab2635c19edf,ramping
0x8b16c8fa46cf8ed567607505c5a768e499d7f98f,ramping
0xcfab0fc173513d7264b42c82f01aa4c87e9dcb4f,ramping
0xb5d8b4752917c715f562c37aa51757edaca49577,ramping
0xc5d94be6e97ad436cb254b064bb361bc47d694d6,ramping
0xfffb9dab95f2f3455117fac19a86d26a09e580cd,ramping
0x97c09bd37efdcb1476d5f55a2cf6d70580ec18a3,ramping
0x0c785288fb07f651ff7606985b1c1912de09894d,ramping
0xa85c83e9ecdfe4b8bd39c759d5ddcd980231aab4,ramping
0x481075476125d7203530c711b9108435b1f38d56,ramping
0x429f37c348a109aad38908fa8235684f5d420391,ramping
0x5ff043da2b763900a8c5490e8b1ce77113b42f8e,ramping
0x93a58e12a549b430ed847f80644a09b838f4ba5d,ramping
0x4d28b9fba1936f3d2cee5059e2e0beb9d20a3cdc,ramping
0x3f911dcad17cf0085825390b7381b2ffbba8e76b,ramping
0x8ba76730271968018fff11e83293444e71eb3b24,ramping
0x808e08e3c1811ab060f91ecb63bdb92bf1efb188,ramping
0x5b6a0ea606197646b72967d36a87d2261010aef7,ramping
0xf7e4e5193d79366a33ed91ef725d8fd27a0e29b6,ramping
0x803943927497464ec9fef2dc47f85a3fc38abef6,ramping
0x72bfa350223d7956a2e31a363ab2861bea2cb76b,ramping
0xac149b06a7999ad6aca221e699ce35738164e204,ramping
0x04749883548004408925925191c98f1136672a1f,ramping
0xd1764e5e04204865383c8c865cae587fc1886b99,ramping
0x213e0d268e79e4c1cf1c04797ec6bb3d13ef7809,ramping
0x51a9c4d8dbe0e2a77982f3d1112ebc409f3ef75b,ramping
0x7988335a9a7319f61439492550fae16e14056e50,ramping
0xb2248b75b9d34cc4db4e4d3724ae36ae428ee15b,ramping
0x737b8c367349021300d3df8a9a1cd35715d3b66a,ramping
0xe8e4f62ba86022f79b5aed5ec250623f74780376,ramping
0x2b2eee0262738e444ddf56057c2e7eb75de7ca8e,ramping
0xa84bd8a60f28d2937b49935c4998e87fb527c2d9,ramping
0x02e3069da85c27126e11ad0b867c3ebf22208906,ramping
0x9ada85ee0e4acb44f2416beb70dea68b92aa93bc,ramping
0x208c8e0a3ab96b7c7187e10656514797ca07a615,ramping
0x1531562aaa4050413af980693564b7d76cfc42e5,ramping
0x82bbd4d4aba87c30c4cfd3e75b215071812559af,ramping
0x6f26270435f4978c266fa343ff9b6de5374ca60c,ramping
0x458366f4c56e7145d565cf63f5d781c089da9781,ramping
0x418107b7256ce7fc57d515cacacec58f4c4cf060,ramping
0xc07b563d4911b54a82081454fa33c7527e54d50b,ramping
0x15f7ed9d85be9152e0a8fb7b2df6c912e0c0ceb9,ramping
0xec22654c195ec9d993235044193f2763d22fac20,ramping
0xc7a9152c0ecca1c01977d8a0c6838b36b3553e11,ramping
0x779031a4e5124ceedeb1c99582e9d0a07ab65d26,ramping
0xdf4b840cf93a20ab340ed8fd5c37267d04f7809d,ramping
0x32b961a902b945b5a4e2a204a9b74e98fcefa624,ramping
0xfd5878df5c7aeba9b907eb802ce9bc53ea11192d,ramping
0x1a123ae6c9d353796952db57c46e36408bfe5b35,ramping
0xed0df3a8e97681cace6ac08ea5aa7ea2dd3087d4,ramping
0x69315d8e24ce91215c9a3ca2ef0dcaad83349043,ramping
0x5d50599dd179c9a82b308fd14996a9cfe87be08c,ramping
0xcd99cc759f8c9b9131ab8d12317c204f0fc451b3,ramping
0x9264400575e18158f1487f0f134b6e7651e265d3,ramping
0x754aefba566a74a23f79efcaf0cd3930a2eb85bd,ramping
0x4d11e0d0af69371fb0a27738c08b9c28e5b93946,ramping
0x1a830be9aec009248380c1db16855801f0dea9f7,ramping
0x998d13d5a6e128d3c3dd0d3170cde0a74de19f33,ramping
0x8269eb469f6e3efc5c64936e667cd3bff1301915,ramping
0x5788f6ea4add3eecf9b363e4c121829f9becff36,ramping
0x2ea729751c66a729135e76c720bd1cf2484a581c,ramping
0x5fa1104dd2d5b00ee22996e5aec0ffef4dbcc8ce,ramping
0x7e8ad26b0abaf8d92c90e18f3cfd7734eaf975cf,ramping
0x758c2d1cbb6834a1a0ef32f74be3d0f02626d778,ramping
0x202669f8f6c7eb86b092a4c574df2568eb991a82,ramping
0x12abbcd6f97bdd506b15e6ca64a865cc0039860e,ramping
0x2cd8a455fc8811779684eeb53e0250e74829c4b7,ramping
0x2b627db500308a8e35fdba13d9f9c52d60558f2b,ramping
0x1888cea6b25ec2697f274dbaf10c2706f24118ed,ramping
0x167e22c08c71acf2262f3fc5041f625b7eac8ba0,ramping
0x803bb99a94ddecc7a214060d3843b61f0fd77805,ramping
0x147fc752c0b254ae8157936e8a33f71429e79350,ramping
0x0d7b9cfbff80aaf46e1e2611bb0c0a4a21b9088f,ramping
0xfcc81101db137e27b7dfeefb29c9387c00f2535f,ramping
0xfad6c312a3be1de49e8c147ee361cdb7a09e8a76,ramping
0x7d3e06dc787ea6af9ee5a6b2d954a87b02fef64f,ramping
0x91d4e9b82fe890ed3d0ad4d51e7238f5b7d62e9b,ramping
0x8c25069c63b2d9ac3f1ecfba0170567313662d71,ramping
0xfd80f5c22ed31f49ac855e44ce2ec21bd75d34b0,ramping
0xa203530192f638da9196a68ec9b0ab685b1e2d87,ramping
0x756e9e3f153e3e95e94ba969b2ec208e4dc8988d,ramping
0x6c146fcc01a9f1b7568bcf906b51a549447f128e,ramping
0xa3e0bce581b6dc5b95d3c0e6d5f5b2cb14c537ab,ramping
0x7ba45154ecc78c6ad41b8499daedb67d26886193,ramping
0x36d3cb3ae075275e3d9ea7a33ff1843eff935b3a,ramping
0x79fb658e2953c48d27c9e48a6274ecb68056bf70,ramping
0xead86621113d26fcdb4dfc05ffd511e882d30dde,ramping
0x9d869d297d2121ec9670913162c42a37823ecc12,ramping
0xcbf5f637ebbe30fdd170074e0a4b9740660923f5,ramping
0x2a9ae8e5a0f809ba1fe364e36f8fa2170597da45,ramping
0xfcef39b6875136e43c970d0f693e456fa5d9e815,ramping
0x112ff81e0213164c86856283ec384002ac53a53c,ramping
0xabb9488fb51a64cd1aeb989398d19f8ce6eba648,ramping
0x10175a9e4132cc6f0a9e0133e8f4b7b89b3ddda5,ramping
0x25e6fedbd9fcdea0abca3cba486fde31c9fe2600,ramping
0x30960138ad55a6c9d7013d3180164f93255ba4df,ramping
0x4fc580115a68a19283b55fcd5b966eeedc547e0c,ramping
0xa45a378be3e969b3d31b62727b7c632095ec1286,ramping
0x6a71cc062f618e5ce0b0bad354788d86ff02b51f,ramping
0x9a9678d78c1dfa9983f0eafe563c0df5f6dc551b,ramping
0xf5aebefb5ae8bbbaeded456174aa6ab32eec4ac0,ramping
0x7243c653e542c463a4b95d9619added32d1c7a59,ramping
0xb97c181ee265fdbfae3e2f48bc438e83e63486f2,ramping
0xe5d15c3a13f05046f22e061b8a49b059caa452c8,ramping
0xb60d50ff5acbb84387a11d47ee1790a78b78b1a9,ramping
0xb58256d9ec94867a4f11c8d5cd270fbcf3d343d3,ramping
0x41c6045a276894c57b38b748c776597ffd2b66f0,ramping
0xd24c986ebba2e2ef3ce90787a6307d90daaa9dae,ramping
0xbeb81d22caf5968be3597223b199dbde1e9e9224,ramping
0x2a0159198e480cfc9b01c319ef1327d1d9fae85b,ramping
0xf917412fa195f81f6da0ca6fe81ebaf15fc64d20,ramping
0xea44dae08929526bc9107b46f4b38fcdbe2493a3,ramping
0x8871cd17344788147518166689c70bf8d32c4587,ramping
0xe2aded2764e0c639de5dc39038301dd30bd711ba,ramping
0xf7f2003d3b5ca94920e03147633800e8319043b9,ramping
0x8e11899bd4ca79dd867b78322ae8f5d5166fb382,ramping
0x82ecff56bedcd854827e36ce3fcd7a219a5d4d2c,ramping
0xc97384eddc782d19648b68a42ce6273e7a41d3d7,ramping
0x7a3b5a3d7e88a85293660e056aa78dce660cae98,ramping
0x85d61f7241d95911d040ebb4152c5972f3573db2,ramping
0x70a65cf30d1dea44a0f922ee7b1aa0a6470999c5,ramping
0xaef10ee6fbfd6a2be04d3a7c18f57444d0b69110,ramping
0x5aed43d7027490db3cf3fb7307543e8eda809b34,ramping
0xd7d22ed59c968c45d5c60879d88df1e6e377a508,ramping
0xc0304ed996bb35e0061a546970f9533b9a9e173d,ramping
0xcff76de0febe5bd6db7efcc8a4f82cea5fca08ff,ramping
0xbf32b1c077c9038ba5333209fb405e7564645e96,ramping
0x4151106c0073e5c94e9038ea785b523c5a68eb74,ramping
0xb294beff4eae6ee7e28ac40abd51e065f30fcd32,ramping
0x327703653299928c78f811dcc7d0cd3cfb3fd0c8,ramping
0xe4d6fda032a83925b9ab903571a1ccead19e973b,ramping
0xb354e93412e4320255479efaaf691adedb8bcd66,ramping
0xeb9f614ef406c07c56f22a23f3e921924e450a1b,ramping
0x7f6ff98eb73926d2a90d2844edcc91b417d3787a,ramping
0x441eea0c365dab09a4944bbc1e6f9b2858026a8a,ramping
0x85df8c0f517984cae66dbdf5f6a2d5194bcf9ff3,ramping
0x80abfc94f3a046d4d04b95a67b9f039e40e577c6,ramping
0xf2b4430d2e9981f6432a136a49fd630fa278d665,ramping
0x6aa0b310835112c96e0b88f9fda20879f7b22ee1,ramping
0x40716a94900eed1ace279b8a9e36446a8654b4a3,ramping
0x975a4d4c22d9def51502c31de96e551eed2fdf3b,ramping
0xdad3bc9c8e7c11e63d1b6d4a80ba89242d0dd793,ramping
0x9607222a36a94db032d023625493046e5766289d,ramping
0x58f779554f79324cd836dcb4ff0547fa2a1189e9,ramping
0x9f31bf4bf64565abc255c8faa68a7138979cd399,ramping
0x83992a48ff6674dee0ed9bf6a48d83e64df8f5ce,ramping
0xf76ad3a233fd95d721ce958c82076548eaeab417,ramping
0xb5f23b382852e5a76425980b37ce1614dd3cfe52,ramping
0x9d37108c8f610fdf226e058e7b913e49a8699c49,ramping
0x66f440e8f86e2f18fcc8f93de467a19ef3738ba5,ramping
0x40d0d6d5d1b9bf3370f39dcff61fa24ef2a7e70b,ramping
0x93a8e008472e119dcf004c32d4d5f6048ee0e4f6,ramping
0xf60ea621a69121b22fd6f1b8a64dd4aee9590268,ramping
0xbd627ce6e5bb4d7761ab58d218a9828ec0a38827,ramping
0x0f1402882d38c042cbf71e0b2f55158cfbf21f0a,ramping
0x6b8470b2bf6afb151656da03e46bbfde04932090,ramping
0x1ea1fd67f30b68f298a08e1bc12b4eca4060dd6e,ramping
0x4063b759b011ca1a6ae075242ca033a5db88e46c,ramping
0x76d0f121bc98b64be89cced09ccaab7a3d89ac7f,ramping
0xd4c46bae8822661e9cf489d8be3aaffae7a3bf6c,ramping
0xf928c0044e46681fa903f756d31ca7a337687851,ramping
0xcb81a7b7b29d89bc71ad6dfdae673fce1cbd575c,ramping
0xd7151a976725379c2fc8d8062bbdb39029c2a0d4,ramping
0x885c4386998d9a4fadc970a69b2322cc44725066,ramping
0xc7a3838806f17d2c1b2971badd2c9ef47ef2bcad,ramping
0x021275942645f945d641cf6ab4973cb92bee4110,ramping
0x50dc924b2762aa14aed14b502b841f6194752bc3,ramping
0xbbfe06fe875e83ce5bd56ed474bad2d071764f79,ramping
0x04838f527576bfc8b1e5ab367e2c218a3a96bf68,ramping
0x153a76c0fabdaeb98b24643a31441423682affbc,ramping
0xd64251a0172bf037e59befa68251de58ab4348cc,ramping
0x8e68e45775780cd8a0c953562fe97f342934ff7f,ramping
0xfb233dd07f5095417b26b362ea8d8562af9e3a68,ramping
0xa66aac6b98ba96036a4a9b63693d99e9807058ed,ramping
0x2daddc6dd5e055fb34a4914802b794fc1dc55574,ramping
0xf7181205c655917998160356bf0eb78d08663756,ramping
0xb8dcd6569453ede9a31f36a54e1534da79049ec0,ramping
0x5d36ce14781fd32e874f5e5192e129dc8dbdea50,ramping
0xe10aeb8e6f8cdc25ca99c661bfe55f9ed9b0b250,ramping
0xe2f951c3a99db2d3d227b05e16ca23b0fae78bea,ramping
0x731679b8e522920266f37b471617426f4b51b101,ramping
0xbc8ef862ae699892eb817c3b8efc1e8ca3e2b77b,ramping
0x8111e1099d68d14db095f2ce0d99a834c2a601c6,ramping
0xf7acd07fafa649728b4743863116aa35710752a5,ramping
0xcc0e6f95337e3f76c8e2d5cf4bc7fb35b65e263e,ramping
0x4cd136758c5a382a5caafdff360f67f4cb18c17e,ramping
0x0efc905ee561bad5d44dab39943acb11539c94bf,ramping
0x874134cf58beb4c95034a8eb6e58a358214eefd4,ramping
0x025ad09d2f513e8f9606ec06bb68def5d603fb5c,ramping
0xd809cd76f184261d89a371de7aeed70ac37172fa,ramping
0xc79e1f955357072c072c87a7b8a7f3a587566636,ramping
0x1aa28c29f1dce87e41c636944aafd40334686b56,ramping
0xe273ef2be6a11898146dc716cfc66078b320d620,ramping
0xbe8c375cc87515603adfdae2722c6f5f6f85d02b,ramping
0xbeff35b906f26bad071c14d892daa7c4d7a3bd3f,ramping
0xc7557f7ff274fb12437e0cd47f4b56376afb0eca,ramping
0x3b936a8a60068e449f562fea3387a7ba30fda944,ramping
0x1e7555e6c7771a13701b0db03d2d1115506407aa,ramping
0xfff30a63c0f7b1dc7b590d2699b15ce6c410da01,ramping
0x4e4c4e0fba918c9ad39426eaf673fbf3b2f2476b,ramping
0xafca63a3efa33f7f4c8e8704e50c33d918d06abb,ramping
0x28bc99f6bae077ec159726550b545b681f53769b,ramping
0x1e225edb4ba2cc30c2a7390e261286cbf9473b57,ramping
0x59db6be79c61661effc7f2009fdeb7e3f020bcc7,ramping
0x24b9bfaa5b340311fa1f5e2f85712deafcc09a3b,ramping
0xdb8fa9257cb0cbca2a1a1d72bdaf766168df8967,ramping
0x8e755453144cc4c40a03b667cf44f6004b9c9655,ramping
0xb6a7ed47fcc7b9c5a94502dd3a85c9d5baf0b97c,ramping
0xf6a3c7dc15c5a5fe3f1b8c157e20802897ab5848,ramping
0xd3d4d01d5d03609435b71c0de9114bf252e99d8e,ramping
0xb91499e38919328763a2fc09c3cb1ea5aeabfb69,ramping
0x4ca187986aa0e739fbd95a76bb0be62c7aed489c,ramping
0xb00a192c5c9b9ab5cbf8b4087010908a31f24b66,ramping
0x2e6978f2950f9ad6f0dc3bff7d63a1b93579b525,ramping
0xb35443fd31bd4bc3f954d8d34185596d023fb594,ramping
0x028f95d46b88e72a4f0aaa36878351d97f0dd16a,ramping
0x94fd76c61f954815c437cd4e410e2164b3aa4337,ramping
0xf0c2d4aa49099eac5651773b048c381c09c9dd57,ramping
0xa8c0878df9b8e4405e731d3f3d4c80447537f0b6,ramping
0xa969a8e4b4ad64b5e3b60e5b54026d70bd9187e6,ramping
0x8308d975dcca21dc52b9ec10047e470cd1f93b39,ramping
0x5b0614fadd0d17de607f19135fe20b7f3a77356c,ramping
0x80cff63643a0a3f14acd081652affe33d5e01e3e,ramping
0xe5408abc0094b1e77db176c4e46e0dbf5eada3b7,ramping
0xd62fe6b1d7c9afa83c57a157360e7533d8fb6817,ramping
0xbc463fbe43ddce8f6db8f37063d7ab67c4f28d18,ramping
0x5a37c442af8733cd8ef09adf21868440f22fecc3,ramping
0xd8f93a77dfedd5bbe3f8d61380c9ac1baf9bfe53,ramping
0x24ff6184430910110e7986a5a40496e801108b7e,ramping
0x1db15a0f1611365b3b3377eac9f4796cc7f7626c,ramping
0x76f0fcf9dedc36054f747d0643f1a14bc202ddb4,ramping
0x975ec5840d866ad0f61d5410801962c64f55921c,ramping
0xa4aae65d604aad00b04665b8d6beaa94e735e0f9,ramping
0x0ebe31c8746110efea01b3af59114a737ea8e818,ramping
0x7537c34b821fd5238d8e2e5ca33eceb9a1f520fa,ramping
0xe9ac1d33f5604026508b7cecaca359bb0e778351,ramping
0x1b62e9d9676d30fbfdc706f361627d510b90d889,ramping
0x2d8ef6135314a305b6671a970d903cf908380014,ramping
0x6465f972ecbb9c4b1cf8a88790ee59877dbf957b,ramping
0x68d9288c0d71f5934378c8e3d801e54e5a8e3314,ramping
0x192082d35f9f9f6a5cc6c8d29ee680d553fc299f,ramping
0xb548a1cdcbb4a2b39ca39720e6e7ca540c13577e,ramping
0xc0deda3c154bced3e8274fd3ac8a5b44004589b0,ramping
0x3dc0db16a5f04b45150449fee19278a3e3376a82,ramping
0xd9ef69266280d3e4760e36837014d450b5fedc1e,ramping
0x89d8eff7c9da5a0f0ddde9ee5a836bd456c70c21,ramping
0x8f05f3dcadbe2b7bd5583c54b386d360c2eab613,ramping
0x65872fda146dc7379630296b5e40c92e17e5bb72,ramping
0x1ffc39fee540c8b28f282f00c9d92b6f3a5c9cd0,ramping
0x183196256a0e9812f53948c7281692c0790fb168,ramping
0xa34492c4b01bdc3bcb0e26956908d537192ea5a8,ramping
0x0d4a3a0cbcd9c792dd0986ff1fa1d5667e4663ed,ramping
0x20c934670d48da00755bbc471ddd9ec042cb4bc7,ramping
0xbf8343e92086dc4c7e4ec3b027492c06ea8ca03a,ramping
0x9d6ce3c8828331f002cfa01df7403b58ebd1816f,ramping
0x94ac87f99add6364296bdcde956b433b4505bdfd,ramping
0x0eb9ab855c7a6322d6d67c0b57fe70ddce9d3791,ramping
0x8b71a97c1d81edb301a1e6ee73f1fa1909ec1ca9,ramping
0xf1925be5c8c262d76e386a1ae9ea2ff91fde5f62,ramping
0x29da1ef28de6d341c657113fb1f6d208d7702f72,ramping
0xde4dc6db25ed9a8ea5a265b9347db7ed59bb510c,ramping
0x6b708c41396e51db13436979bb44a014526dad55,ramping
0x512acecf07dbd92aa9fd3351e54a5df7ec349146,ramping
0x730ea84cfa4eaa83292b5f6a4d85510c8fb3716e,ramping
0xf155b5b43cd483a5af68a6587099d3701de07752,ramping
0xe23db6c910442a6b2359f492cbbea67603dead09,ramping
0xbdb9f958e2f0e38d89173374e24ee335b50ed128,ramping
0xa2010993e6ac9a6db79af7af7dfa11f307050652,ramping
0x7a1fc60345cedd9613a1fffbc6ac39d3044b4b0c,ramping
0x5f0c27714a3ee823590356a1a279b505fbe6ff89,ramping
0x820ed718492de5d744202efc57d795e782ecb804,ramping
0xa53171664a578d931650c88c996f5f8dcd7f07a6,ramping
0x4548d13891866c339742437ebf9376a57b143ece,ramping
0x8afb54b8cce5fcfecb4170ad4428c1a1f39e590b,ramping
0xbba8ad1b8fc25302de76a80292eb39c474ee2179,ramping
0x9b4f1924947e3c46b40d72f15ae4ef0ca5a95b04,ramping
0xeaf0d8dbc2e8f000f895c1b17edfb73d3dcedb10,ramping
0xd032e6f48f599010ae04579c6ea6075a7465148f,ramping
0x177f124bcda74afc25d0992f0091ef5a1b1014cb,ramping
0x1fb797d19b9d050fd0e086180aec3f96ceb8661b,ramping
0x24244abacd12c87a21a297daeaf7cbc0f2a25f70,ramping
0x87d4672152a91026166514910c02447325decc00,ramping
0x17b992d955a308f569b871774ac4e7478ef2ff16,ramping
0x87f78ef85098e1c340d1092bf3317ec9cfe67410,ramping
0x8c0405d05e191b046c42a6e8008cdc7abece57be,ramping
0x5e00bafe7d2f893fc4e78cf42798f3240716b9fd,ramping
0xed332eefb43082b74f44144bad1e8b93680cb59f,ramping
0xc294a58f77b99c93e860ffab10c90cbd6360266a,ramping
0x45eaedc9d199310d8ff273f8b73797c37b0148ff,ramping
0x4d9e274f6b3395e3debf5754628333139fef1247,ramping
0x5a4d92a4387538ff42a39a034a2db8bf13bf611e,ramping
0x8a10d76cfa5ac78ad89093041e7866ab72126285,ramping
0x7def3349a829f8c73049f6f40484cbd387a9612c,ramping
0x1f01f2ebfbe70edc1c3df82eed091d3a968b5607,ramping
0xf070d90606fccdca6a1e10b53264a1b519917d4b,ramping
0x6d99794ab0397319f17d1086dfad0706fa06e7e1,ramping
0x7b8cb8361a189d9a536b44f35a940ba08b3cc744,ramping
0x377f3d613623f09639c1e28a3a96cb9780480b53,ramping
0x1e38952c4f5205d8f09ef7e64a2a151ea7d33e7b,ramping
0x4210333df3cb41f2ec8fe025104deae0f992b7a5,ramping
0xa09863e2b439be4e84a892c2140257389ef63f3a,ramping
0x2de4fe755b0017a5fe86a4fc8aa52c2dde426804,ramping
0xe933dbf9fde06d8db539e80b294b423674e4ec41,ramping
0x30f0ca79f15f605bb7b1e823c53cc21015672c90,ramping
0xea7e5987f23b22b2f70b41dc93c10cd4b30620a8,ramping
0xa6b43fd6462bcfbd62ff28affee4c47453066155,ramping
0x098b7e92b59d862a03155203717ecf523ce79600,ramping
0x56e5ba03ad4a9d2891f1caa0516c56ba4577a059,ramping
0x166b9100f89ad31f5220597fc49ad0dd2447cf50,ramping
0xb8192df6a54036e43a96deb5627467731ad6c5ca,ramping
0x275f70be8e1e55bff9664dd5460e4430fd1b5c0c,ramping
0x4734e3ac4e128a5246314185f7e6493dc4f31e2c,ramping
0x1151aca969bef0f9ad34e14b579160537100a7e7,ramping
0x5bd2b1d41025911c5f1b3eaa44b05e0876749bf8,ramping
0xc17a75adc11146fc651badcd590b7e39f31a8104,ramping
0x39a2cdcf3bef9f3d2d9d7bdd74a2e9790ca89fb9,ramping
0xb5fc8c64a3803736d2ec6ceb17b5fa177e424d17,ramping
0x61ae2a8c1f8beeec50a26477c37123e5ea13090a,ramping
0x61c7723d99e360725113933fcb02f962801ef0fd,ramping
0x2ace6eb1ffab42a18d695d9d99aa9a4d1899ce9a,ramping
0x6489da9cacc10d45eba9f8237dd9dcc42ff1699e,ramping
0x10605a197cbf3d5105e9374432b85f80167bf8f9,ramping
0x62e9f2a72780837aec940fc4e9046c169390b955,ramping
0x8eeeb27b87d1c0dd048ee83a6c58c78a1392ead3,ramping
0x1ed12eeab19832e264b8c191f394a0f1143d7a8d,ramping
0x621549f8fe5f3166f81f6ee968b863c217b75be6,ramping
0x1c4f83a31ff5246fa174547851ed93f1769bd941,ramping
0x42747d9041a957a4f18f9d424e2afcd04d6ba6b9,ramping
0x02f8522c58197fcb6554adf958dce614800215dc,ramping
0xdfe62141d00b0d996e6c206d8c2c13e6357c073d,ramping
0x8df459c46cc6624536acb5e9230dcc93c3962035,ramping
0xe61fc04bce375c6da910b9dd1d23faa17e40e4be,ramping
0x09ebfd3af23f4156c5ec9ca8c025deb604086983,ramping
0x1af302bccbe52735b73a4e70267edcf036b70dd7,ramping
0x184b4f5fb9fc335a811e469f6c1828d3af3c428c,ramping
0x410f9fec47680510ccd5524aa656e1d50b46e0f0,ramping
0x927f081ee97306401bb3dfc44c2b63522a976eaf,ramping
0x839ab5c8ca020fee7bfcb47ec3ebcbb09fc54ce7,ramping
0x5177f5b3389da6e6cfbaca76e67e859926756b9e,ramping
0x7f6c522b8ae858a17786aaf02aab5e74650012fd,ramping
0xa654b57d78c3b273eab50e4fb702262043a25c1e,ramping
0xbf3c46c229f62e11a172f9c5534d95a6897bf254,ramping
0xf868818859b1612076ebd03e0f65639184e4659f,ramping
0xe06c40185cae2f0be19dd4ec582ef89971447ff5,ramping
0x905cfd07315b1709e87929f0f3b6ad18b359760b,ramping
0x1e507eccbe9b0d326d9a762fd7780bbf80f1bbb0,ramping
0x022bafb85e199e6200ac5a44b9488a159e1b6f39,ramping
0xe41f89e33afa504ab2f3498b4729cf43a46ce485,ramping
0xfbf5a004e0c59e1ff9a2c26ce39472bfeded775d,ramping
0xdc6311fde3bc0fe9ac117dd0c8eaa17375977091,ramping
0xf0ed3eafbe65d87d84042774cca32f7f2049ab0b,ramping
0x512d0bf4ad846fa16c964d14d2d002f21c541d85,ramping
0x7bc09903f38e5cf05873e8d672215d16e11b067d,ramping
0x110ac34acdf632dbc2bb41d9145b089833e6a8a1,ramping
0x8b609255c556548198af668d79708a42ca230492,ramping
0x1f62a9068e8347e70611097d6200d02dd4d59e3e,ramping
0x44300a0da8f696508c332b545587de521e16c1bd,ramping
0xa4ce93c19ed477556a048ff4324043cb792a0c76,ramping
0x92e048783459726c33a71965140afe3a375eb75a,ramping
0x59a440c4c1d8ca52164688708392538daf872235,ramping
0x0f9a8785f9f7bae2cf9e8eed6c6bf6def917624f,ramping
0xfbbe8431522838b623f438e5f776efd66367ea4b,ramping
0xd36ebb0ac395a925d424c00bc23de08224c2781a,ramping
0x6f1fda518fb7d07766c0f5aa8c243465a85f0ed7,ramping
0xeeb87f73570614ba8b60f814e63852b10d4d0e6f,ramping
0x863975cd2ebe8a59cdd70f7f6e9d376fd4bc4833,ramping
0x3f42282a2964fdf2955f51d9bf2b40751835facc,ramping
0xc2ad00bf2fc1d1b61c9dd54679de4f639077110d,ramping
0xc42fb4adc70ae1afebe5d34085b86ec8eca9bf7f,ramping
0x875fdc33d4b82d41df3b8d4a7375f1213752f15e,ramping
0x8468bf03e0399ab8968f822de0b7142e20fbf632,ramping
0x6ef4f093de82327b082e20e235ec72015842aa65,ramping
0x4cbe7ea1259b8613b6984d5dd5aa67e22efb5331,ramping
0x383c9eec8c77f6f877238bfadd4221225edbb654,ramping
0x5e8d1c4c9d8c8062e82ee844960672306ddc062c,ramping
0x314f974d02792a5da5bbc367c3649742666c76be,ramping
0xa268e34430a7f55b76ff79347e4714ae26ead87a,ramping
0x6337e7f39fed97e435a36c39e99c38e8e02b20b1,ramping
0xc3dc5b6ee13ebd8bf4349a5fd806c7cddcd2459e,ramping
0x9392c95a97d160cebfc19647a50b7b758a3f95c8,ramping
0x8818c781e394fbe01419317630a1ccc61db21bdb,ramping
0x184575896c24fee841c8eaef693c7e14d22cee75,ramping
0x8012f1167a8e74cc6a7597c54934988664e4ac5f,ramping
0x180d25a455fc2aa4ed770658e7bf3a03eb877451,ramping
0xe965c93ea6fe870b03662793f56afb078873e766,ramping
0x48b42aa576334548a174306df03f3d9d43672b05,ramping
0xd8e2a4b43d0206ccebef42b439f2c3dfdd238ca1,ramping
0x891d943d21e385c81cc6ddd0b7846ef9a05dfbee,ramping
0x32e7da12cf0925f38fcd603110834b3cac3eb613,ramping
0xc616fe981638d57c18f31ef3fbe8fc7a346a488a,ramping
0x49a4153ab5d81ef46b5cf17d7eba379bc54f11cf,ramping
0x883db51e29d74ef65477b329636edf48100d206a,ramping
0x2fcb95182254bf24f8bee48e75e4948ddbd66e23,ramping
0x6327321a7d70e29942f42b9e507016ff51a45062,ramping
0x92de0ae0bf30dda2e5615801f836884ec92c2597,ramping
0xba8a7f8a795a6efc4b63f09464ef402ae014e789,ramping
0xbc016df3e1c28dd790968de808a3b99a3ee180b2,ramping
0x2dd081816f4a0ce50019d8ce7c64e9431911ad50,ramping
0x6b85b4d85ec1f3fd93f585d5fb5f6b96d2ee6004,ramping
0x2fff80f789a4b36c70942af936a8924311b40b73,ramping
0xb7dff5380baf6549b30831f9ba20a492098cc774,ramping
0x249598c2338b6d6d0147d3d9303b636408e6e3f3,ramping
0x7bb9b13c847ac8bbf50a3f9d296774cbe61c96e4,ramping
0xad5ea1ade1d57f8ca1c5c38b5df7fdfd8cb803d5,ramping
0x95e3deaf50fc6ee6acdfddfd4d82a62c7fedd012,ramping
0xa18629732bfa98e297fc02252bef938d738ce713,ramping
0xdad9703a98fa7798e2e12a5598207d5cb1f7dbd3,ramping
0x12bad2b9321ade6f2bf471df0d3b1d5d55d4e978,ramping
0x6eb5caeddeb20f4499f9d391c6bcd272b4009018,ramping
0x460b10469bfab22e8d376bf9089bd381b1465200,ramping
0xb9a1e63750f63b4e0a0b546a010d18d4517b3619,ramping
0x8d393adea1c587ca209b20c550d6c39abf9f7e82,ramping
0x8d557820d8a3211d9dea4fa188c8b73f642ffe6d,ramping
0xad037f47998c4b2b85a93095f2f4671934b337f7,ramping
0xf23d1e39d0e7ea78231a8b79d818434807e490b0,ramping
0x9ac65fd218fb497fdb26a7b1e54362fa3775196f,ramping
0x509ab27ce441ba936219bcfe021b5e009071c16b,ramping
0xc22610ae1b75ef4dccfba10f21207790bcf0d01c,ramping
0xed7167b310b66f3b5c754053ae7a6f52721bcd2f,ramping
0xd4acc016526d0e12a07efe863c43ec98b0e266c5,ramping
0x80c349e563eb2131bbfe573450ac871a338ee3ab,ramping
0x012a24c37d00184fd1546dc6183c8e7f7802baa7,ramping
0x56d892dc017867014df8c43b6e1f59a71a89cb64,ramping
0x7cc129bdc42625974deb44d70ebda5bacbd2be6b,ramping
0xd2d317e1c0b622834a2bcda0fed5c4b8e030b9e7,ramping
0x537b7ab20dee3076349ecc48ecb8dd5eab92ddad,ramping
0x575836afaa2f494728875ce4fbc382641dc996bd,ramping
0x28a04e763b6a90e359a71ec061b61a7ac8c37c98,ramping
0x748683e644c85d0e5326109779c85522033a4e34,ramping
0xc6d11fbf6e00370eb764bf087e0d32f831f905de,ramping
0x85383627eb48b86f73e4b4c4629a46851568c54d,ramping
0xd8ba871b77b479445c39df8bbbdb1deea45276f8,ramping
0x5328681eccb99f37bbbc886c1240ec155972575c,ramping
0x94c615576ab15fdd21d31c7017ecbece34e29f3f,ramping
0xa6f2cd46831b7bf8b5b70e120e9c870f4bbbd571,ramping
0x36fcdf2c97c1f6baaf36b1560e57ac6cbd8c10a6,ramping
0x1b1be26f3d386586710eb3d846cc27ccbf405682,ramping
0x9ff3bc2afa9c95e151d69cbb5ba13374f8858680,ramping
0xce659a6f78a4d01893e2dee8edabc71797983804,ramping
0x1edd991fce5091a101235e4f17bfe9b069d789bd,ramping
0xb596ced010b8fe8ca7451c8706fd7beddc8f8b56,ramping
0xa86d2816726b299107ca85deeaa34e51ec515d2b,ramping
0x8a388c0ddd7b37621461a6d6314eb2999c823315,ramping
0x8e23a796518f2d65a20375553a2d5453fe90bb6f,ramping
0xcfb3827fd42a9e815af05ffadde8ac5f02556fc0,ramping
0xa1e397ae4e9f60fc1f108c84890d2541140155e8,ramping
0xe586489533a256b2c1864b5b58a4209f3c95d67e,ramping
0x224374449d8b880b2ecfa561715aa854dab2aa9e,ramping
0xb80a6faa5c660273df0d0b387772bb261494a8f9,ramping
0xa80e269e4fcfd4cd028ed7ef840e8225e15dbf86,ramping
0xa97092bb6094fb878a553773a080738eb5a0f8d5,ramping
0x8d4e6c8f2e275fc390bcfbe86bfddabd9c167c64,ramping
0xfe0dedcce12306d929bcf992cb787dd8b174229d,ramping
0xeaf77c6c64d4283ba86be4c37b8441dc3c5cdea1,ramping
0xa4974612defeddcaa6fa28af7543fbbc72fdb686,ramping
0xea30fcee4a32ed7b9528ac4fa1a8634e60586052,ramping
0x38c6087f3ce3f348875080db6d673802f3f5e217,ramping
0xe034ab76ffbffc61cc939edf06a85ba1af9ebbbe,ramping
0x865f55dfbde055d343698dbb27217efff1d7f775,ramping
0x24a3e28ef6d096a87873c8446576c91e0cd4835e,ramping
0xba9a8227652ec8e190da8a81b34188f920a3bbe7,ramping
0xe3d27e9c5ee1d5abaec30ff4358fd87e1d146d2d,ramping
0x909f42f4ce37d51e3e1c544d7a11ac02bf0f2346,ramping
0x6a365d4b6aa907728e9ab4fc357f0c898e49450f,ramping
0xa9f641e244c91b8ccfdde7e108fed0a26d478512,ramping
0xf622307818986b3270b8b2f63b00a71d91f39beb,ramping
0x0e4b716784c7fda2ee8a24c7c2c14653fa607e3c,ramping
0xdf0f93648dacf93b6ac3de7884a1d766c9840388,ramping
0x89e76e1c26eec4cf8c3418dad17f4762bae6f29c,ramping
0xa73e124b840617f1bba72eda0f2f611eb48a31c6,ramping
0x5228003687a318da199da7b3bb8b75544527381a,ramping
0x8a21d7df6183d267a51473a76c6de190c378ffcc,ramping
0x77ea69dfb3e55e77172b7fc17d6549a4abe6b563,ramping
0xdcc7e8fbbdd8e23ed9461d2742d1f5e67a209f84,ramping
0x63ffc4ce9a3c3857007d62413569b2a7905dd702,ramping
0xe9922dd555c34c6fc640c40dfe978aeb74772e3e,ramping
0xdf63addb29bf76206bd029b293465974324c1909,ramping
0xce4e8bce28fc1225a0b364a216649889bcddfb1d,ramping
0x8e7d43cdbdfecc77df441efac33246b3929a0466,ramping
0xc83441fc8db4bab74d7ab0018b5d90426c4aefc9,ramping
0x0e23441cc3b8071712508de6c978d952d683e122,ramping
0x3e6db257095136a94ce65c3221a32233101cb731,ramping
0x03aaef7e741a4b6ced50daefd66b4291b26c7b73,ramping
0x4ee279e1282ae0d2215f8eb76962eeb0fabbc4ae,ramping
0x97e75a7ead31551744219f93e3604c26de24a602,ramping
0x39061f6a96ddf44e9d70025337e4a73b37cf38ab,ramping
0x852b0d4445c45dcd2220ac2903ef6d4cba1cd83b,ramping
0xf55ddb7fa995000d2f90ffd5b1254b64385066c3,ramping
0xaafa64caa54ebd33c227561703ac4f43a08903d7,ramping
0xe4d8510db571cbcd20ae0728056c4974276bc225,ramping
0x16117b7b3ae5615eb5fdffedae2f50fee5f9ba54,ramping
0x712b0b71fcc37aa9fe4ef26660896e6bf7f77d72,ramping
0x32ffdacc1e07b7d060ddd31440e58d998bd995b8,ramping
0x83bd0afbf644bb584fca0cab82943aadffec6751,ramping
0x046c9bcfd37895806b5c6969bb02a4c1e4fb218b,ramping
0xc53dfad1350f175515be76df2a6bc8590ebc68af,ramping
0x04c07c49051d9902bc8c98705414732b42fabd66,ramping
0x54060e9c1ee5fb83173020d394fa5592c500f04c,ramping
0xb4102d15878f1ed487a5e2c547860995268a9e24,ramping
0x96b389b9e93d4fb99ea755cde7b28bc751ba43e7,ramping
0x0d8ef0d1cec3b26d5a7bcf70e729968d728e2c01,ramping
0xbe4f2dbebded2b5c8bdad9e8b1cfd9b6c468985d,ramping
0xde56ffddc8a25085e4191ebc2f2ed22048817b5b,ramping
0x6f35379aa87476c6f6c374b4aacf9e0f8c55e690,ramping
0x41e4dae148100e37c79120b6317ea13e57cb7564,ramping
0xb5cf011d116e2f27f5b0c9022846ec0af696cb0b,ramping
0xbd7611ba76df75f72715e0b95ae95a65be1ad219,ramping
0x98d633c45b57cddec1593c624faea224f1b76e07,ramping
0xb228222d87c1a0c15ed565beb9c377cbc9984419,ramping
0x7e3604062f79d509f5502c590b5d13681591c46a,ramping
0x2f62bb24e6a3c835098faa87a02a890e5799e2c4,ramping
0xe9983b803ad966144d65c6bc6dcd39dd8a07c93c,ramping
0x2bbbd699c8cefd90d4042f5d9ecf08ee1a6b348c,ramping
0xde6128942a87682369229ec54f6094c4dbce4302,ramping
0x7d625d42ae8ffec6b2f580eb23e30f8ceea1c5e1,ramping
0xb38d3fd34cb3730f5bb2dae16fd528e3369c537b,ramping
0xc9c66cdfa34cba8e6e5d3862cedb9b267854cda8,ramping
0x6605e2d53070dfabb43d7d489c276a2d90795f30,ramping
0xd9a21b42ae190a659a19c387dcd46f8c654c08c7,ramping
0x854bd2d869afb23b8ce5ab4a5c44570872b8a740,ramping
0x5c69b0243daf4e40f7a798cb4ee28dee2bfcdd53,ramping
0x8f284ea2634bbe935edd46f23ee3e786a9179369,ramping
0x8ac163f1e8a7210aa345968c75d8e4c89ed1e0a4,ramping
0x9ae3079d50496135c34ff0fc5feb41ddbf9b6547,ramping
0x7376fba93ad266878f2d3dca87a18bba333ae37e,ramping
0x0977c0cb90d2d33262c5509f5a3ec46395366620,ramping
0xbd413cb964654bc45dba339b09c3359dca353402,ramping
0x6d5f6c71ce4f03e8d7fafa5d9cd7c29f913b883d,ramping
0x63a42241281aa0219410762297cd1366d6c21a1a,ramping
0x2a602d3c0be4af81f6cdea8cdc088d31bebf373f,ramping
0x112af233a8a6044b7f0c5bd6773391fa2c83fc00,ramping
0x5031377201bb8579629659f6505e84f60f649a7c,ramping
0x4458a998bf60261899f0ec10b6d79ad4bad48ee0,ramping
0x8a53414ca35c939b4961aec7d6a3397c4535d299,ramping
0x011cf7d5e35da009d3b53072c721862150328b93,ramping
0xbf9423ff830a3562f3b96acb1cf76a6b304b442c,ramping
0xb43029b208a0b4cc61d57a830c8588b2cc892ff7,ramping
0x933f86d5a55235e8df4212ef2bd79afd033e6034,ramping
0x759519394ca4c132ae25c47599bbe6c63d5f1e21,ramping
0xe0ee1ca323b4f9ad43c81f699548c797af73ee2c,ramping
0x721eb797e9e9b3388efa82df4cb12524644e1356,ramping
0x0dacf98635837ae93f33b60c788ff7bb87139bfc,ramping
0xaf5f29e36b605ad43159e2e1d1e8062e3d0b43a6,ramping
0x997969f05b9805ed2f58444ce778e29a7aa6ba06,ramping
0x0ddf8cf117d6039d447a80686e34d8880a10d25f,ramping
0x42543393b1c6cce3c9d68d814973c84f52c9fff2,ramping
0x36b8ea2904deb3e219bbfb71d42b82baf40d5464,ramping
0x6c7e4a6e7a6eeed385dab6897842e14d520aaaaf,ramping
0x90fea145cd356ab54565416f04ada3c3a3638097,ramping
0xe2f94456b500c807a10f130031443309b1a63005,ramping
0x23af948588ec3e5905cd51212661cbd47e12da2c,ramping
0xc1479069e753655e9f32e49e4e02760b15a1fd8b,ramping
0xb64652bbeb5e5110fcfdead5058e0356c25ac425,ramping
0x86ff70bbdbeb5ca6584b570fa6c64251453ba957,ramping
0xa525417ed110e8716a9dad08a1740120231bf17d,ramping
0x1844ea571b081c808f4f8a0fdf9d7472398763af,ramping
0xd2c656724c97a1f0cbdc6f4e933cf8d627227845,ramping
0xc36ba3cbbd09ec37b65ecfa495902994eb1412c7,ramping
0xfea01d43c628b062dff4a3b9a5364c15994dcef7,ramping
0x41280b45486c68bef17265eaf680e90c69c5d582,ramping
0x839784fcb535b71c3d2858a553b9028af05dae41,ramping
0xcbef3b6329831818688aa6b740a0a3a3530a04b8,ramping
0xa74624bca0ab2bb0780ecda9eff9ab149d43b4f5,ramping
0xa0142a6333291de736eaae86fdcbd0a8b10df81e,ramping
0xa739832fb4745c3adfb004ca5027a0dd24c8282b,ramping
0x036674cb484c72365dd7f9ad40475d00401955c4,ramping
0x26d7fe52ba6039c24bffab918c4f31ed8dc356f7,ramping
0xd2cbf8902f1172ee58e061e09eea55a85048e481,ramping
0xcbc43d419e21e50611a1b319922f51c6db0ecbd1,ramping
0xa965b8f8924117e8c51326076b80835cafa42764,ramping
0x82a14fed8b40e4252a4e5cdb369d1323b42c14aa,ramping
0x68c04f9f0c8af4491ff89809d5a518aecbcedbf4,ramping
0x0501692a6d9117cf27ba27a9401da0dfee57d9c1,ramping
0x911e54f78ca6783b518bc0f4c64690b13fd186ec,ramping
0x73efbcb2da02de737dcd95bfddc467c64cb42a82,ramping
0x7a70f8692314045ac6a4eaac2d7d66f8f477a601,ramping
0x9a03212cc1dc45986cd106085540ffa1a0da4920,ramping
0x270686eefac18aa1df891f60b624fea93c97ed82,ramping
0x5e2cf1ee2a99fc2bc71f931ade0eb124b9784193,ramping
0x2823794be4215551b826a4d516ec3de9e685a93b,ramping
0x1d7c32b56c3d1d42ef13d34682f317f89ff213aa,ramping
0x3dcb76452aee7e08425aea0ab1b56149c809e991,ramping
0x7d74600b8b6a22d131ec3c20de5373be9519c139,ramping
0x843205aac15e05e0c29b4b4fa7073b837e10bddb,ramping
0x37ac762b5f59c51ea7934cb4c0f94a35ce7a201e,ramping
0x3525766335118c2c322e927574b0ba854305c4a6,ramping
0xb4508d463346b4f3bc5f874b00008ded98783847,ramping
0x70dff5228e0d6f92167fd55404373b6d19807266,ramping
0x7a0b346d0c1b1326355944406e7e81aeeb0157e3,ramping
0xb131bc8efba1771323a5619240a6e5e98778b8e5,ramping
0xcd0c7ec64f93d7f986d9037a367cceba64617614,ramping
0xe3c101e0fabffd4e8ecf5d8b6dc2ee9cda0684c9,ramping
0xac83a099a18e87ba70dcde6fae907f15cbf52870,ramping
0xd07b20aa3839252c437eca6e58ad3c07a461516d,ramping
0xa39f91ad66befb9df9c639aa4a0d94f93ec1a3fd,ramping
0xb6594eef100d3ff1f2f72fa5e2c920416171fc49,ramping
0x0db57adb63e00aad8689b41e9f9f1d3c2361b4bb,ramping
0xe996b174380c280e9d8fa4903977036c2c2bdd13,ramping
0xfdb13a2d2ed859d1b3eeb3ee6b1cd3f57d80d745,ramping
0xe6ec8b9ab87de60fb8b5bcfcbb5a4fc21b89948e,ramping
0x6578b1ec8ec85920b56c35f6e37dbaf508012728,ramping
0x9fde45d09346af618287c0916973bd29761b8edb,ramping
0xad3a42599609502ce8f86457f39367da3bc8473e,ramping
0x26d7cccdc299ed3b67319c0c16942b9eee84ebb7,ramping
0x0e5e8ae98ee9223f4ed7326876507024d041de58,ramping
0x2275be278d38b2f2200bc38be46cc3f90d580fc0,ramping
0xd36cff39ed8ed1e3d65e60003ca4db3416bc3b2f,ramping
0x7a9e4615460ba8aed5f4bec562971293462899dd,ramping
0xb1373c734734c589d156bfa93f86c70118acf91c,ramping
0xb78ac41854899928e2277e510441e44fde872110,ramping
0x7ae4964fcbe1b95adc80ca998dfcfd3e7b0a8f6f,ramping
0x3f09a8813c647d46f4fd8a266070e9877f7ecd0d,ramping
0x1aecacc58204a4eed7969a4592b8f64da3fc602d,ramping
0x1d40b7bc4835e63dd3c4d4822e3608bfcb931052,ramping
0xcaeb72faebf18091a0fc1d0a4b832c65715c0a0e,ramping
0x13a48539afa2f0e83dd62e0ca9591d3dcbe6febb,ramping
0x52ee8b3eacbe8fc0a8f7315ea14d76d0bbfb34a7,ramping
0x8dfbc7a305db042d118e95fcf5081d032802b57a,ramping
0xdb0f052462329d7b826cb5ebc524ddf83b216451,ramping
0x77cd3cf2af3774cb4cd28b35c79e67569d8945fd,ramping
0xd58e7ee1a532203609f12585c1c9d7f6e7c4d69a,ramping
0xcc8e05841a0c9a962978f245ce1eb647a3e8b622,ramping
0x7c588a0bf537945c5212b3cff2c35ed1e8979efd,ramping
0x5f36a5a33b60a4fcae3d8eb75355a9cc2a5a44e3,ramping
0xbf75be6b6b412b53ac94e992930928c775062e16,ramping
0xcf572eb55917afac82d309d391b691b40f712b9d,ramping
0x11884b6338d2e34e36bce0bdb802b9f460754d18,ramping
0xb538ba3ba4f7bf3ac78d4d3ad3218ad2553c84d0,ramping
0x171a4350f1b0372175c7089e7f5c76fcb9bc694d,ramping
0xbc5256d08d49636b21bb4c90d895dfcc66305df9,ramping
0x7a96a31bdae4e10c07fdaae6f3c0dd47a4207ef3,ramping
0xa2cf205b1dfe22a75fa9c45dc881c9f44872228f,ramping
0x4d282862e09cb07acf66fc29998fdf8e347106ac,ramping
0x34a06e23180af5e72248965a3f6850ecb770e7ed,ramping
0x4aed643bcdab7ca93dbe42693e5a1df6e206f4da,ramping
0xb973f9c2ae5819f60ce218cb2a790824af6d0f1d,ramping
0xcab80b5a3ff2065f9e638f718a45f5ff721c7710,ramping
0xeec4abeebb8e4f0ed19f240ad1893ade6768739e,ramping
0x481c3c04bb2bd624a51920a68f141e1cb717e24a,ramping
0xef493506f4b59273b471f060ccc8d7d3aef44d96,ramping
0x9d393d6e4da531ad841366b7dd3898bae1268566,ramping
0x81cbb3c5e25e3e1c39bf6b9fee0391970d7ffc6f,ramping
0x1e1262d50b4a9bdc81462c3a5824da6547c958b7,ramping
0x23f8ca4817c0af7c5bb13e202b58ce5df4c959c6,ramping
0x4e8083f30379942adee2fa03c6616f90f75da8eb,ramping
0xe60d7c4a7e78534e83f5e068c5c697c7309eedfd,ramping
0x627745840af9d3e35d44b940a14b688c321155bf,ramping
0x71fe3d99c61f915c6f28b16f68cb9d8fa78a16ef,ramping
0xf09dc9eb949ec55a2b3bb182affb869e5d2d8dcc,ramping
0x0496b13d3ffb2ae7566801b4d6c8004c1bf2cc8c,ramping
0xc12c411e8f1650ab2666b04ea12aaa30dd2c9582,ramping
0x6390e0e452ad8d0e5a26ceef56ed600e1f3d2879,ramping
0x589c77a0acf283c20892dd97bed468bbaf2f999a,ramping
0xb15d49f16e8463ef54a24391a56a78d18f8da445,ramping
0xecda56ebfc60a2d3d36eec766cec53896db92ed4,ramping
0x652065f4cbec87af15ad7f854f4994a432c819c6,ramping
0x7a3480b30da55d7713e914b7b2068ce82f66003f,ramping
0xc936c58bbad56048ff7b3a5ace6ddbbb0dbe9d06,ramping
0x2db6281ed20e9d72756ac0be1b7157e52fdb3833,ramping
0xf13c185cda7dbadbcea90a30dd984da09766e81a,ramping
0x43b1e53702c5bd76bfb772bdee0fff1410113827,ramping
0x76c1f35baab7a91bcd31dd451aac4bd5fd0f1f02,ramping
0x3f80881384a2b8d05d5836ef11fbbe38e03c5f28,ramping
0x82010215b948be289fb0ac27dcb390336bfc2eba,ramping
0x51404334ca569ce1608b2a5b21cd344981459997,ramping
0x41536343beb11256b875088c7f1caa2daa513d04,ramping
0xe6f4247090b0ceb269cf5c3affa15211f91eddfd,ramping
0x8a67db4ddf310c10b6b02b93be9c386a179cdce4,ramping
0x80b55a2516c6c4853950b96fe96f518f3b0cbfb3,ramping
0xf9d4031d6ec48589e7e19e76dfd7cdbac3d11cc0,ramping
0x2b925e76ced29186fb6f2a230affc9abfd1991d6,ramping
0xfeb017eb3a1fd7904cc3eb0ab5d8eebd3c2a13ec,ramping
0x2c9aff13a752fd443bdf024bf7eeef24d5540048,ramping
0xafd7e4091ca9682b5eb982094666ba3493c41070,ramping
0xb17d757314dedc7a75ba228664e65495764b9bdd,ramping
0xee81ed1ae3f387f3bb2e161fa68d35ac713090e7,ramping
0xd487aca659485d600c5d607303cecc3ec739306a,ramping
0x2b2ab78c7b05f3e186c19fdfd671dda89a90a74f,ramping
0x9bf2c7f753e122749ff250ad6ab75710c749ed9c,ramping
0xf077feb92a518db3212c00d1f209ad229ebd34b9,ramping
0xa81ff28ce6024fdbb85533b1d703a61034449faa,ramping
0x7275418866784ff41ca8f674b96961da683e23a2,ramping
0x07cf09e57f4bc9cc840f7ffa93d23a2230dd044c,ramping
0x8d19d57eba8f80de317c0fefdb4a7e96b1469468,ramping
0xb2a908970debd6ef64329a05c23e5fbdc91ae8de,ramping
0x8d65a720df8129e0f19df1853822e73cc6a1003a,ramping
0xa66ab98a1e9c62d1aa4b1cc389d91c5d3c15832b,ramping
0xcacba3962c2eb91ea943f497ff9a0041bec65348,ramping
0xb7baf3aee290f98c7c17a0c4be484ad6af56a7ec,ramping
0x6e4d776c99be5559b9ad8cfda40fdaa167290e28,ramping
0x33d7022e6cb7506a514b4598bbdd559db056c26d,ramping
0xe97e64aca61890059f8fae63fd64dfea97327eb9,ramping
0x6b02fa3b7468b94031d5edea7d3445a5e9414893,ramping
0xf41f4630b380a36f880e5356e9c8c5c912435808,ramping
0xb105c70b02e310afbaabe3fb2e7679cca7fe7b32,ramping
0x806408cb3dd26a4cb12352a4a198c7d686f49a3d,ramping
0xb37b832b17b65540c0f5379554c5760d5d36e791,ramping
0xf04b9a10a06adbb06e1afb68ad81b02e1604a0f0,ramping
0x4942cd62ba0c9862984f89fe073a706f7bfddecf,ramping
0x8312eb7e912242cbdd4f4326a2a4ac9c8f8350d8,ramping
0xddb51ac1ac09e3bfb501e9198e3bc47adfc9dffc,ramping
0xd977f2b72ed2f3b10a134d71ba5fac87b64daa71,ramping
0x4f3bc870872c36fa6145fe02e0185be7b5ab7de2,ramping
0x38e3a7a69315583751976b5fd594d1c24aa440e0,ramping
0x98f2608d4d0156582619a63e2c462bde9ef9579e,ramping
0xbf1f4a34b845ee366bb44ca896c43101ed30d5e8,ramping
0xa5b63f2320257bd57a60fdfec061d8c82675be42,ramping
0x7f98df6ecdc0f6aa532148a4225aecd3395e2745,ramping
0xe3fa90220ade09b86bc25708e6b5cca3c9dc0b0a,ramping
0xb7782d81d3cb3af78c6bad79e0301df3ba42faaf,ramping
0xbebafee5af2f209276516c4321363f7b817bc02f,ramping
0x67c168a584782a908b4d47184f7078e5392dba42,ramping
0x9b4d736fa02b992c3f10645743ba3f4b548d9e33,ramping
0x065ee8e33878345ffe759d385eb192680191945e,ramping
0xdfb1e1705840fbccb8fc5cd9962aa56e520f545c,ramping
0xed97df73eb7cfc6046c67700fef2841f4e20025c,ramping
0xf8d57555fddac1b1d974f60d6906dae09b1ee7a1,ramping
0x93b3e76942b859898d80e39cb435e423d7ec1550,ramping
0x91faa943dbf8cf1e5dc4e4f433c06310e3e0033a,ramping
0xa3bd29e9ade9bc1580ed5842c96f7483bc3c283d,ramping
0xba2413beaa08b939e7fddc98e3c2c18c0d7502ea,ramping
0x32c25cc84b8eedc1df7c8e3c6f813333a95ebd8b,ramping
0x1c381b253c4913273b67ab7d46c3fb800fb5cd83,ramping
0x8683a325e28e4445f99ddd454126036f5098a348,ramping
0x249e2de583ac8499d792b9f7d0af9de8617d40b3,ramping
0x6304cbcf656d1505de55d252a1dcb14ddb50353d,ramping
0xaf1c8000cab2c600feac973a6885b38d03cd8dad,ramping
0xdb876cf491d3fd495b52b933657f1713ebc3352a,ramping
0xd8da802c53300806928cb91de7b216167d09726d,ramping
0x6aca493cd37c63f6d075cd211f88aed5c25341f6,ramping
0xc5ce03be8ef87c53e945a2a8e1a222dcdc1895a6,ramping
0x0fb10a656d9c7b1a83d711b35c60c70332afa7a3,ramping
0xec656a87afd3ccdf8cc77418b0c5b2115ab7e84d,ramping
0x37594d88a96c60c9a6fa807ffbb0770b60f26f20,ramping
0x85af88a21bb6777ff55dcf5dc97eb425c7d1e4c4,ramping
0xe090840668ca0ef1ffa5d76d6daa6314a1165477,ramping
0x1aced6a1f00d0288b25c466d31cc11731d7ec04a,ramping
0x4ff8b64ac444cd604b7baad4aab0c6ae7067f2db,ramping
0x61221d1fa18b63df5bf6cbbf413507f99d98691d,ramping
0xb739e9af395d59ca95d2d39cb8bcd257e72bd734,ramping
0xc229b78a857caf17dc49f96dec735c05b1967622,ramping
0xd15e62e64c1265dfb753ed6e7c76cb5ff8f276c7,ramping
0x7d284bac91099c0e90fb2d3bf722cd1255678a9e,ramping
0xa73532cc07eb8dcef0b7dc95d6661d81d974ffdd,ramping
0xd15b472f3dc27a5cb1e6c4381e297c632da4da34,ramping
0x5f3b7e7adc3fed15494d7724fc3c17a6106af46b,ramping
0x6c458f61657a14bca8b126988e86702e6639fa38,ramping
0x94728914e0529a855aaf0ea13b40ff36f278bc9d,ramping
0xadd226d3f1ca85d937034c1b31ceb4277238b719,ramping
0x55e153f345beba8e851a808a9dc774a19ce18673,ramping
0x908f4d7dcf01e14e8e445b0cf6bdfb5e4204f02b,ramping
0x819b9e870935085705e0df16cd1187b71bd95eab,ramping
0x98a5ee9128bede8ed6185c1756e6386661bfc16f,ramping
0x94f3f859485208c5474d259d390dc466f114f79a,ramping
0x4502bbf5a4f27e8dd68a49c9078be09e5f4f27d5,ramping
0xf9cc1fc81e96182405660d1da20a81c399752504,ramping
0xee2462469128e43a23fd5bb4a92bcccebd937edb,ramping
0x025bede8eeddc563affe1cc506d3f6f2361ea473,ramping
0xc7bc10dc23f96ad63882b919488b826e049cb1cc,ramping
0xda5f3dc00037563b709ec6bc9a5a5d1d6d92ad0d,ramping
0x5afb829387dbf1b00cc729ff4c3dc9791695dff9,ramping
0xc1777f58ecf91f8c053d245470b56367f96d0f3e,ramping
0x80f65a8f5ffd70aef793139ecb10b035aec33602,ramping
0xe2a17a5e156298fb7154cc8a082572e737c3cda9,ramping
0x447900a5291e4c2724676dce4db40d6a0487f958,ramping
0x41cb8ff611eb7541d3cc1a4532c1065c9c211579,ramping
0xc947ec30583b28a91cb31b09f54e96bf1e936ce8,ramping
0xdad35a96f330674dc721a31b53f0714c61fc241a,ramping
0x2fdfb708816ec82ee8f4b445c2c4c376c9dc3697,ramping
0x93e93f09492dc70644136cc3547c62f9bcb255d2,ramping
0x067f69edc180754d77f43c78b75688b29e200012,ramping
0x6fe7120a231aaa4d4a7c341bfa278b27c19232f6,ramping
0x0c389f5de4ef55a794125009a9b689eb2fded584,ramping
0x8fd6136898eb639c6cc5a1af028ba6c2e91480ea,ramping
0x7b28690e55d9652de58d104dde7260826ea5dc50,ramping
0x3732326679daea25eb80dc762b2e061d8a59b61a,ramping
0xe37aa6ff7a4f035358293364ebb17428ae49bec7,ramping
0x719b954ac2d08f16c00c52612d80f49c05b2ce21,ramping
0x6a21bf13f03a1e469e217f3e8de7476395a35adb,ramping
0x3c5e6cbca13b8e3d59c65cefac9659ac7470524d,ramping
0x6085b7279cc1b4ef79c33c0293b381d63ad5aaf2,ramping
0xcd9fce1aae620be40f064455fa3ad94184219f00,ramping
0x88133f6b233afcb7b600cf642b85b798095a9893,ramping
0x0a9e09cd4bafe39799c2d6694f43c4238550341a,ramping
0xfd35d9b12afedaaa8a5e96be36ad3cfcbc5c8414,ramping
0xa33b45d5d5638db96a60567bdf7272adfb86847f,ramping
0x11b9e5c0b0a97787e1207591f46120aeabb7e25b,ramping
0x4113cbb518e2d4c8781e870cac3669c761a84e61,ramping
0x4173884442ee71570c8e420ab2fbe97907ad451d,ramping
0xc0d3862565a72fb6c0d451ad306774dbd833ccc4,ramping
0x85f983fcbc9af2f698e998e10ffaf78a5fa82ef2,ramping
0x2b992e4b0e84497701d340ef1143ab607468b740,ramping
0xc3a5c07b139bc5634a70193acf332bebd8ef7fcf,ramping
0xcc53d758566456bf8d03216a13be3cc7dfe10675,ramping
0x7e0880128fbe60954394500d8c6010d6e6236bee,ramping
0x528da01ae10a47f50fcc61147c777c807206e1ea,ramping
0x6a2a0489a543c48140a9454d566bf8455f0cdc54,ramping
0x18041d1c9772240ecc8013b04f42d7fda2dda22f,ramping
0xdc3471dd1347048633df61b5213eb320a0b3a994,ramping
0x27a254061cfc2c35a3627d417cc3695fc275454d,ramping
0x651e1ad595509bc8bfa0c2f01c4d4414859976d7,ramping
0xb08cda7af527321e15ccfaeb93ccd676b2923407,ramping
0x8f20ec4c71299ec9e04fc07a82ab3943d5a905ba,ramping
0xc44b595fa2967f8434c60cc0a965196afae436d3,ramping
0xfdd90d2fc0f87f74902a952f4fa8d208ef0092a2,ramping
0xb369d1283f6526f382eccab3b421df6b527aeffc,ramping
0x1c0c54eb64c395086a43fe6a9324598095c446e5,ramping
0xb53b6ba11aa19f2ec39f1d9b094896ff2fd56d3f,ramping
0x9c21e60d0ab262a44d4e51529e1b6e0b1135e514,ramping
0xfa4a6c315b4e331c20a45d890e97a7aa65799d5e,ramping
0x1843ba441b63815e1c0c7f8693711e73792add1b,ramping
0x568f0c5ab6314fd463b91e0385353edfdb3700f0,ramping
0x2fc5f7fe59b8a01524b62e23b7a767f038bdb367,ramping
0xfb0ac31d960b0b441501ab5f70a0c89b316b5222,ramping
0x82930553a674a008b7fb1979476e163bc1c743b5,ramping
0x16b87ea1221a212b9d0bbbf2e2db8e4f95bd65e1,ramping
0x903d0ec1f89e4305de6c72e467a0117f20ff380f,ramping
0x46b90d5fc8d7a1c4b2873505cef4407b14109b60,ramping
0xcb7e5d41a9335b508c277fcdd19282873a02c003,ramping
0x1195fb625d46e7df6ebb7ae581ac052db939b0d3,ramping
0xd8a22c24a2f69244514cc0726669f58c64f9aaf2,ramping
0xc761dda51ca26911fe398a9c60a5ba3e5edfdddf,ramping
0xb5e146abc466caa1dc7f79e2b2d909f36c1a566c,ramping
0x6e0b74690ec56954e7559f86a96428aa304ecd78,ramping
0x6634573a001e2f7e475d561e312ede513085cc68,ramping
0xd4a08b8177b4226b72655deb2fe6b4037818d4fd,ramping
0xb2d57aec8b1831d055dd9ed3877eb25527081e23,ramping
0xd389e4cfc1473bb838569ed5158c4e9b5206b340,ramping
0x8f0303e5b47ca152373dfaff90177ecd1b291a58,ramping
0xa3467de8c2f2920a2c485141ac6d8f1a61f73e2e,ramping
0xfb6114d5ad8c16e7c5a6b15b79e902122be37036,ramping
0xec60bf3911854184b43ca62215dae2c536d204a8,ramping
0xe6598763c1226a5cd35af3fc7b3d3f6d1e0cb146,ramping
0x785831e536b117ad131ac230aeb9468c468f2cc7,ramping
0x21a66950a08278b72b86f4350152637c9a7be87a,ramping
0xf325fcd2d49a2635614558e86c0b08017e848e19,ramping
0x69bbf71fce91cdb18672860c00ef912f639a3394,ramping
0xef2e3c44150d052cd9df5e5f1f24d920be78343c,ramping
0x3a81e0d85f12a68ec8e97c1727291852c31b3363,ramping
0x38079beb28c758b5c34120f469c60b656d3f7601,ramping
0x086565dbfaa98229aee2cd00da90809dbee56557,ramping
0xef4589cc02aa95f2d12e06593067dd4246f06981,ramping
0x25983fc1e71a3370f08de5f5b39be7a56c39e8de,ramping
0x5eed202b4fe6d0f4ca9d24ee5781af9e032ef6b0,ramping
0x145d68c75c34aacf340798ed2fd37b6eefb8762d,ramping
0xae9af2af7fc9a8634f30d8615bfda1b0900e27ed,ramping
0xce77beb0390d1303238566d02c4c5446d5e4788a,ramping
0xe5d5e752e27d7d49d4c4dcff8d9d5dd2d7c6b98c,ramping
0xc89f5afe4d5c13daeef96164abc8001c1e320718,ramping
0xb8dd9ff563a8a2a86e85178a8cc9a9458cf8ced5,ramping
0x40d045c66a42abc398774ebd3e9b8a84e96975fd,ramping
0xc037a2502db2303f6446a14d4ae293e981295e70,ramping
0xb44ca3d9d97282dd5a79daf6e65da51a2aa4e8d2,ramping
0x678dac7c62a1fc545284db52d4faff2d5375346e,ramping
0x40d89bebe0c29b8ca32eb3c5b7ef222e50eea4d3,ramping
0x90b32cdcd14d2552f6502bd4b0ad520ca3bb299b,ramping
0xffec3a50bc96e94a5d79be269371cbde0f90cb30,ramping
0xc9c2431f90aab5c5595ba22ec12cda0aafca4593,ramping
0x48a52bf6d3a51897ec1b2ef59b601080d04aa902,ramping
0xc284f18c222535ba7c82f8d19b63e301c99e418c,ramping
0x08cc8798357448750d5972de9bb9956982d83d17,ramping
0x3eb5173dcf9f850894bc88aff7df0a64f9d962ef,ramping
0x8ce9e3d5d96187236218e7efeab373e27f09bee3,ramping
0x68d3464c39dfed04fd560400c14750aa585f7890,ramping
0x302f900e5937a424c83f1bfa76286e3c0e51e0dc,ramping
0xaa269e0403eddc5d35f145b6921540d5d6095499,ramping
0x813e6308feb74a6743383762eb95103c1c116935,ramping
0x09486b4ff1c3302f3ad99019f2153d5158689d5f,ramping
0x030e7d3bdaddbf52a32dc9765e81535324c888de,ramping
0x44f453c5350a51c45ae387a65be4533007db5039,ramping
0xc44c8af62867310d225a2fdc75fd241d010efe61,ramping
0x51fbb630ac9820677650d455c1764a42da5a8730,ramping
0x240c43e983fc2250000139abec4bbf33803d8c77,ramping
0x9d6f85500b619e941a045cec0a1f8d9af192f4fe,ramping
0xe8336462b85cf7999584745ee7be942d9c569b87,ramping
0x5b59393f53d6c139c5ac7e0676253f798d818c93,ramping
0x5735a6b0ec1f9a4163d6aa37801b6efcd2b497a5,ramping
0x97c455b22b07c985819ebc246606087b463408ef,ramping
0xb8d5ab5aa66b50bcfefe8ca5f7b2ed4922037926,ramping
0xb6cb8fdb23f7a5d2134d0f38c5c90cf4b1d044d3,ramping
0x7bc3a6936bc17b37c6cd03a16b8dc17f4c9f9e4e,ramping
0xe5bb00bfbce8557ab03b6df20f42091ae54cda7d,ramping
0x7e212fdaf0a878cc5e23e3bd4911e04dad691dc5,ramping
0x39c63a18d59c494e3695730aa214f71e5e003d94,ramping
0xaee5dd01f7a95ff7a575423920e4501e0ca460db,ramping
0xfe439e4603971fa97dd9242a4d03d6298f8d936d,ramping
0xf84c16830e15447d7497adac14d876d557650514,ramping
0xb5c0fee66b1796fb395a65346dfba20c41563749,ramping
0x5b652a961c3a4c88ed7e489ca0154fd0e452895e,ramping
0x9a9147746e8f6083fbe4b2c21721a1defaf3afb2,ramping
0x378a3aa59559c2ff0948445515f7b37d097c6f6d,ramping
0xf3298880b0a8ad6dd2702ffd32bde92986d8f83e,ramping
0x202588e675da6d05255fac608dbe9f24cc3fd573,ramping
0xfbfde98006e313d694a866028951a8757162bfb0,ramping
0x77a8c421d1e18d2ab7995014f5d466730672ad72,ramping
0x0129420ecd818788dae28af6148afd9900e83e0c,ramping
0xa0ae2ae2372893082b2297bf2c5713a5a054a0ae,ramping
0xeefdf4fc1933e247093e57f4695617728a2e4bb9,ramping
0x841ed7cd82802b40b4d098b6140f672c33d62d99,ramping
0xf7db14395b7509dc420be90e7f8aeaa6fca529df,ramping
0x150327234c3c9164999bea57d8023b16a4eacafe,ramping
0xad5c2de71447b4547623051ca6ac4c3ee52a6e63,ramping
0xd31be6cb04394add99def6c94ded43abe58ca4bd,ramping
0x6eb5bf066bca7e40a837704a25c587da85dfbccc,ramping
0x0c4182e1d6b7e6c0ec2fe74e42611b84a11aa525,ramping
0x717f75a09a02b65b4871d04d1e5fe5aa96dca1ed,ramping
0x436dfd0726b6d193901c090c993157280573435a,ramping
0xc36822cf3aae0fc4b6a7517593825540080c6b40,ramping
0x9a3dc641c68ddd21b29d530435dd401a23759033,ramping
0x98491ba817c230c7ce103e827b5c9665358d75de,ramping
0x0dedc53fec6642d500a44e0a94cbd6bec7af102b,ramping
0xc912b3255c42669f326d40a708c6b876c5ff85b8,ramping
0xe21ed28a9de73e0541f5483a82ab701d922d1d09,ramping
0x6d6950d3a6468cc9fe22d0524d60cea77efd7c48,ramping
0x50cce054497a106a59aa0955cdd478b464c4b0ec,ramping
0xe60d94c2af39337f17004d63619edb93b1355636,ramping
0xb413f00973c6ed993eef722da2fb87168fd303ed,ramping
0xc74b19f37bb575cf386f0495afa88d0a417b2a0f,ramping
0x501971b1d6b8a9de826946fea53f9b4f61fdf9e6,ramping
0x633671776dad9aa78b8de1258682a7efd3dc58d7,ramping
0x8b49421c5d816fd403c661f38548235c82d1cc85,ramping
0xf5cc64f712fa12180145e059f489ffb225d31d79,ramping
0x19df36659cf3d630dfe8ee88c78600f6600e3fab,ramping
0x1afde39fcca1be3ee18e3fa2fbaa351dddea506a,ramping
0x57e543b7f030390dcc9336525c02c4a067aa9475,ramping
0xd86cf80d27ce1ce6f5673b1550e0caf176fdbc11,ramping
0x19c8bddd651615b0da4c952e66ef3283e061b4c1,ramping
0x84e3c6bed5d9cbca7b8e77cfb16320dc9d4d288b,ramping
0xe1553fdbd3802d52ceceaebab1e27f480fe60403,ramping
0x09620c24cdb8091ed91cf1591e37ac6669efc372,ramping
0x9995597da68a68c1f1cf6c2a907300c3c6e992ce,ramping
0x97822b89d7ac5df232abf7ad1089748ae8c1e564,ramping
0x8ca1b3ae389e81621cdbda4f6ec665a3ac226f5b,ramping
0x394a8952f521ada7c40908f77cb4a991e054cd9b,ramping
0xaa45687cfa0e2db9b60cd97f19c50c9192197fda,ramping
0xd45dbd4f7c868d5fe7ea97a9e7f30832340fcce5,ramping
0x00246aae4bc77c777cd9c7919472da33a8d1cb68,ramping
0x7d1851f7b3df7cea443866a127aba5e84de1f9b3,ramping
0x3c21352a50b144e5123eb6f773f10ebbdd56d6ff,ramping
0xb9c8b0afbb7d3950c9adc92862e8e82ef7b3b28f,ramping
0xd9f50843b27af74b04a7b981ff0f020561582643,ramping
0x9d400feadb43401a539910c3029190cd3342e876,ramping
0x1c541944111f504f0654227ff0e72b2383084281,ramping
0x74b117d6b0d19b0c7b64d1faf67f7a4b4679db81,ramping
0xdd61dbec081c8b61e1c17b7265009904a2e1f9aa,ramping
0xee172a2d9dbb713a9efdb2a4c4f5b9d3e4b4a354,ramping
0xaffe7a4a00a83fe5d880f6199444a4592980bf91,ramping
0x5f7e7a0ca5e4bbe17c7475692215e6d343daafd9,ramping
0xb9cd85fb3041d010490d8a8e91ce003b952afee6,ramping
0x9d4297de38cc4898387ffabf4c9871e5f999f06a,ramping
0xc5bdb9b3ee40bbbcb6c9da37fba475be017e2675,ramping
0x3b6b770403d3b38e11562e8f56cb5f348af74a79,ramping
0xd66b0b81402f4e916514302b1c82bc66a5ebca67,ramping
0x4c9053ba3cadd16f8e7991b1ad5c3fca70890000,ramping
0x62b22d4e820e148833d316eeec6af2ffba2874a4,ramping
0x95cc4b1e14fde41fdcbfbfe3b3610575a7d4af42,ramping
0x482a7b72060b0946cba10d0a9a4ab7a3d66a9a0a,ramping
0x7344627ba19a364a09b3aad06a392c65c822b6d6,ramping
0xb517d28ca607d2428bbc6d872af6f14ae57a9c44,ramping
0x588c72244fa9b92339e6698b8aff0372e2b75b06,ramping
0xc491e45eacaee3bd9f2653c457217e3b7e625b13,ramping
0xacf1ce06f32b20700a8f799cc918237491d5eb96,ramping
0x04dc634c4e953258c5bcd14ca64a7ba1b4805b4b,ramping
0x7e69f44e2de70ba96590b923f93becfdf83d6edc,ramping
0x9a4ea1bdb34bcb9640a0924b7d3942ea21967c9a,ramping
0xdb21f39c99e26673d400f246c6d1955238f37047,ramping
0x02bec21990059be22ebcd413f361afe93d8d832e,ramping
0xf3b812ebafe2184271741459180dec18c135efd0,ramping
0x6ed94c4eafe45c0271a432f7774f3bf4b8a8041c,ramping
0xd8bb44eeb26e09ece495ac872e85cc45b097e202,ramping
0x3cb47ce0479a53b558ef5487547e0d9eb9bf1ac5,ramping
0xf3db3ae5a08d0e201b9641228ed15206746230c1,ramping
0x2f1b89baa16385c7c6ff1db094a587e2b87784d4,ramping
0x357fe2544cdc8f8e25753edac748a4085e4e3413,ramping
0x787e0a765e0c46dc51fde266c323e72e71b390ab,ramping
0x1cb750412198b9d5727232101025c28d658fc3f8,ramping
0x71f4bf26bc26af6cf7d083c8a8f2f187cec05e62,ramping
0x3e7f4dad526f689a548baae659d37dfbe93e5b92,ramping
0x82e70cffc2490ea540452079024399361b789031,ramping
0x90791b190a22fefb64bd899a675b3402205501c6,ramping
0x9af12dd77c63ec708b22b21c2f611f9c0e065443,ramping
0x16a269cbdc816ae724cf7716415b7a04b2d97e24,ramping
0x360a3f046aed0b012bc9e1dd95a30412fec4eafe,ramping
0x638a725101865cfc7c5b53c0921bb64c2cc2b878,ramping
0xfed4c3cf4ecf4353d65920cd008b637b4b1f687c,ramping
0x286fd8f3402e1ee502ec9e09cbc9b16b38deecb8,ramping
0x6f74860f7136613d96fe4d0fd779a4bd22ce542c,ramping
0x89f97576459851378e8c2bb63b28ad615834343f,ramping
0xc2b61f7bbd2228e39722df54c9306f185af4f913,ramping
0x8ae71309aa1ccff456c9f0e1967b8c58c8c03277,ramping
0xebd21eda7c212c752cfa855469856dd12d2d0804,ramping
0x79b4210189cb9150795d8f13af21ebbefac2ce15,ramping
0xbcb06ec980ceefd0751cca35e466ec57bfa07430,ramping
0x73946076afa3e01bc9ebcadcbbd1ae929e053fa3,ramping
0xfb6122c2e42792a704c0102cc028a3187ba0fc1f,ramping
0x28acb89ec7585b73035f1044dcdcdb7356172df5,ramping
0x45f3135aff127e62f25f8053d2115bfcb23cc416,ramping
0xe0e76a0c3759af35a4d6b7484713db41d91497b3,ramping
0x4a44a026ad5a85500807ef5114b4852c49ea0dbc,ramping
0xa509512ad429a7a9df47c832f78a9eed7f1d6c29,ramping
0x507137e177022865fa2eb5bbbe8f528b13b9dfbd,ramping
0x74edb1f604b46515bc0ebc11a5bb256df71b6866,ramping
0x38c9c250e4585a44b930ad071980b0aada7509e0,ramping
0x3e7261f8d92880900f3d4d80c72cd97e2b8a05cf,ramping
0x718a8cdf1ccca1622c5c35ddcbc268e5b4420259,ramping
0x1173908ee4d96449c242bf19b202e76312ae4d94,ramping
0x830ee31d28eb1b54daf77803e80b7bddf467462f,ramping
0x5691b7b9a13fcbfb9e2468b5d2767cd32c909fa1,ramping
0x9b18931252aa814b0f689b3db3c5e73741d70cae,ramping
0xe32e961bc3e1abd0e1cd11d8fd06743aa2533111,ramping
0x22ed6bc03bf56e557eae66c199bd291a29e71ae4,ramping
0x402690ae0c8449edb7b09b63623401499e922435,ramping
0x5d9580e2d94450b7554857fccf82aac5f93deba2,ramping
0xf47e48576f6d8424fc1860ec799b1ecd735aca59,ramping
0x8fd91ee8e473bb17ef3f8b408a9cbd4294cab374,ramping
0x5af275f103851fbc613cc046318c6e3c1647f66e,ramping
0x825bd8e8c592f792cab2d2fed3b567ad8374e17b,ramping
0xbe6e06abdda870a65b30ccd80c0cf8575939ae1c,ramping
0x23601184d2f4d4ed88ef6caf748b7f5c2b8c2c1b,ramping
0x26a490a8ccd4964b735427dd3f408c2ea3b8cace,ramping
0xf8b219f28e31ef2a7bdb954664c60bb957a221df,ramping
0x93a6f2eeaf9f86ddfd9e4117e64c92692494e877,ramping
0x15a72932e5ab4443a96230ba792c7823d7fa488e,ramping
0x9add5eb369b818690eb0e717fcff7767d4341244,ramping
0x948502149ad6bf81fa121e06785fcc6ad7ceb4b6,ramping
0x37719dfd7ae6a4248cc79333c0f4d0a9eb45423e,ramping
0x41753243a7509ee6718018ce62ed83b3d23f53e7,ramping
0x38b268d531da6caeb389f2e51481ee7227cb9ee8,ramping
0x39278921f1b54f2b2a306bbf0a90581756917287,ramping
0x640ea72f430ff8d6fa3a5124a64437bae896c940,ramping
0xe39324496d51bbb81a04e42e114bab5ab34ef2c8,ramping
0x5608d51239b3a92a735cb5f92c22e3163bce4a1d,ramping
0xd217fef97dd61bf6dedd3833846fd9d95f662ea5,ramping
0xc795f7a37f624070bffaaf1ed5b13e349f90e89d,ramping
0x71ca62d94d4ff9a6465955cb2b965ec4431fbc8f,ramping
0x4abbdf166faa85e592bfab5b91069a8ad241121f,ramping
0x9a3a62b059f091d4ddc266fe10c150aae1d2dbe6,ramping
0xfa564e77d3ea377c54f3a13ec8cbb80bf8a15dac,ramping
0xa1e760665f7c0e2c5488a1e92abe8a132ecbb4f1,ramping
0x8703e4ab5f12a9acb7fb316cb15ed2063f76ccaf,ramping
0x9bdd3d67c0c1e97521f0efba3d93320e57561911,ramping
0xeb1dbfc7e05fd97d878f9b6a2978d067746457bb,ramping
0x2da2aef10f700eb27b71daed4981f0c544231222,ramping
0x843285d8acf19498eb69464ade2e3c6a93913d91,ramping
0x6071bd3b5cc2e784c631095ebbb7a13a0bbf3337,ramping
0x20e3703e14454b4c381c3617d1354bd58522a10a,ramping
0xba2ba57bcdf096b7475a357cd49f728e11d9daaf,ramping
0x45a4ee5a0137d27e344919ec8974b8ca130b153c,ramping
0x6ecbfea08e5149ba348192995ac059beca3edb7e,ramping
0xdf785db64e3805784242f42a8cb0df55ed5c7239,ramping
0x55ef1e3e3eba0bfaabb8456c4783ebbecea12689,ramping
0x6b014970dd865812cdb51355197fe50817714125,ramping
0xd66a557927413401ec4507b1d7362ebf8d64d415,ramping
0x7f17630359c51d32f628cd4d06fcab024b8bcc99,ramping
0x9eb52f028313e027c00ecf03a392802291b77de7,ramping
0x389c241e3824aa1daa6277ddffc3a0f127e37fc7,ramping
0xe541f21ee35c480e706c71447e62c0942f80a680,ramping
0xcdd79f27c9a97bd7dde2ff76841fbf5a5fec256e,ramping
0x3cf73082b526d371f3be610585895edd9af0e961,ramping
0xdc7c69547cd88f4ae066e6f7fc88f5c3df626b3a,ramping
0xf9f03f46bc7ea1b79daa3bd450242963a68ed093,ramping
0xbedb2ccdbbfac87a650042dbbce0af6c24a1bf5e,ramping
0x22cb7b70dd3a3413854efa0d576c3e1c86ab765b,ramping
0x142569dd9f2d41aaea30e58bba9d5a434f2640d3,ramping
0x1b773c3e004c7cbdfb299277d86b3b27316a8e96,ramping
0xa8997d485327890b2d8dbcb8438575eb90a696cb,ramping
0xda1d91934857c9a88c23b26fb9c30ea646776242,ramping
0x07861e217d248737bdd9812a30a60dfd81685fc7,ramping
0xea6e8a2c12ea22255ee127fb43368c49b454887d,ramping
0x1195fec1dbc92b9b136bc330c412d5196193a3da,ramping
0x909159d39904b2551be1a0ea89428f6ee98e5d20,ramping
0x4eded6577f6c1c06a5f2d7f41fed1b8d21b56427,ramping
0xcb41613b6a519ee6374c1fbd964d26e2a08fab44,ramping
0x8e8d7a344e21863b4076471447f0aa8c08bf3e76,ramping
0x29fa8a5ac7208bb2080490d51f88bf902a032e95,ramping
0xf5ecca6ee44e87cddc079f55368699933b0277f9,ramping
0xdf25ea729926bb122ae6b1df6d58c82c92e90f1d,ramping
0xeb5cf26d353da5eec2a55f065a86c6a9567dce0c,ramping
0x4f02efb00c608972676d5e69126e67726e814c86,ramping
0xda764563396abb5e19c81b3d54b87d1d9a2effcc,ramping
0xa7ef392cd83057962c6adc1ac3516893ffe5faf8,ramping
0x3f230f2e7693bfa6db376e3c99b76d3fcb6e5f95,ramping
0x4880994313a09945cfe69d9bac6e4ed0aa0ac7d5,ramping
0xfae97f34bc2bb3b7f912ac963238997917c6b696,ramping
0x56e73b2275b9be5e07b4ae45c8148ac14b445f7b,ramping
0x8cacd99c28f389eb4c9230b132f0bb7e35b96df1,ramping
0x8426a847d73a89ea1edc27d2484042581587c665,ramping
0x607fafd99204c64651bac79e6b7f20b6e5f84339,ramping
0x0dddd0e455cf328a1b6c4ac1e0a4da7c67f3dfee,ramping
0xa468380f3ee63157b529105c4627f652e8973733,ramping
0x909c5231f3feec82f19f1caec31e5972b9a6ce80,ramping
0x5ebfb7ea3d5845bf8b854f480a955c7f49c3f9a1,ramping
0xb1f887ee391f4c126e000604fb67a84aeac5928a,ramping
0x988ba4ee07411e8f10d7255fccc0593e368271dc,ramping
0xbfb3f137f2433e44eb31c8fef97d8fb1db89471a,ramping
0xda5696ee01cd1d85fdace75ce09e8a05b9d17a5e,ramping
0xce9f91afb462ef49eddef971e4af06715f6ca1fa,ramping
0xfcb203f895e01883ca97a3c0f0b6b4f323251088,ramping
0xbdc7dea8f29a79065a316f4c1605c93d6d3f4a03,ramping
0xe53e1e7f0abf53c3e0b629b393b384072fc878ed,ramping
0x030677e562dd29133c924346431d9696798e2782,ramping
0xb8469263821a05c3f74b7e23b4fdf34dc65e4f26,ramping
0x7821e2c3aa6b37d5c5606f2e4495d274f6fc8be0,ramping
0xd75c46f57b7ce9ece0823e82db89b6e4c2a6ad14,ramping
0xcb60ad34dbfd5f112205d6183604982fe78640cf,ramping
0xbd5eef4d0de2e5e4f3c9da43bf6a817966cf253b,ramping
0x2a6462c0296a29c60b66208d52505f187a0bea18,ramping
0x62ae534a8eafed43522c5d502f3b434dc530524a,ramping
0xf4a818344f32d191eed8d020adc89ef767f1db9f,ramping
0x67eaeca8ffe067ed0db78fa6a47fe0317eb5240f,ramping
0x588dc9cedabeb0483ab2c4dc10c9213270992fe7,ramping
0xb80f379c220bf3da0e4d74db21e644b702eae193,ramping
0xf33b69e39850e1bfd76cc48673e669a0f6bd671e,ramping
0xebc6bc618efc0162b5a0f8e93d2cbcbbd9390726,ramping
0x268c8a1507f7cedde11d57ab250c036cfe795f9a,ramping
0x8db44c6b0c5595cc0c53372f3aa4c695489bb14f,ramping
0x9b7c3f9db1eef0286ebf1318e593bd63423aa748,ramping
0x17fa7f72a25e031e85c41f9e36f5e0e588fd054d,ramping
0x1cbb4cddb8dc2e686c99dbcad7afc0ec74483981,ramping
0x90542b51030ff25d32b42068efd409a33a9f1a3d,ramping
0x75b0267631641c3eca1df27c196de7ea8151f77e,ramping
0xecd728b4e944889a9a62edd6ab6763042bc3d8c4,ramping
0xbc536ad7c76269bd605571d1a5ecfac43efb81fc,ramping
0x4fb54ec8309311e449a76df806062c3dea8bc81e,ramping
0x251945d9279400eb034db5cdbc7994ada06b3c01,ramping
0x1f64d86e1a5d28987e1a30bdabc6089f3babc6a8,ramping
0x8d5eb8380a56270a09ca2ff3b70cc4d60be37686,ramping
0x9c96a8c6c77d56b6753f442f132d1eea166410b2,ramping
0x4ec2fd77694fc8634913e3f145d1a114dca412c1,ramping
0x24e6ee41d6db5d512b0e9e271245de71cf4059af,ramping
0xc8279ab19220cec02863914ab9433baa5545673f,ramping
0x3a20d41fac8d73489ae7660e0536cbae501360c6,ramping
0x20a16ae1573b545a3dfeb45f35ad4d7d5c704c6d,ramping
0x83344c46c89a07121b692c7148cd2bd408b90ad3,ramping
0x60e9931fb66bcbe02e6a301a2073ba390057f96b,ramping
0xaea4667e8affa94f988549034074a4c7197ceebb,ramping
0x7ca96686ef0a3c11984f2f00b3c0ce373d3c7d11,ramping
0xa96c7137db624acd463dd6cd76578a56e4e52bea,ramping
0x20fe69889f78903caad0e8fd47a0bcc62642d5a1,ramping
0xdf801b47d2f0b092c1330685b6b7d8f909670c02,ramping
0x19055350e084a35ef8464a028d8971329858b565,ramping
0xfed7179b9c6a896ec4a8c41181156416e055686f,ramping
0x393149ddd62a2c4d60ddf0dbc3bb800f4faa8c0a,ramping
0xc7917bb68f38b43264f6130b0b5f2498f3a5618b,ramping
0xa4970b750d5223123adf859311fd04e7662930e7,ramping
0x457eba2a2612abb28862f1950f0e570ed6a6be0a,ramping
0xd308ca34cc8f56b616ee44218495ffb18f49fb91,ramping
0xcbf796001cb141aadb7cb0dfc69a87120be4ad5a,ramping
0x18ba5a8e5ca55a92aeb16a248e52bbedd4f89039,ramping
0xd83aa78237c2a81a21a82009ecb24677c047a002,ramping
0xa1a894700acbc320fcb38cb3d6e6e152e11cc933,ramping
0xce0e5bfeacc1df8b0ac16ed2aeb00b6a03faa609,ramping
0x927cd28bc09233f4cd3a30f98696e02cbcac9cf3,ramping
0xc846c8f3f90879b43f61a672ab38a6332633da10,ramping
0x19f3b897d4c0159ad7e221097ca0b67bfeac5876,ramping
0x9455fff90e3d79ea8f297bd437a30e5f1b166ac3,ramping
0x71e4a9474c1353cc7c58785dd43d846cea8970fa,ramping
0xc98132ac927ba21b03946752bbeef3d29ee8f53c,ramping
0x28ec6bf2b09ad36afc80b1f04edcdb5d5ae26a03,ramping
0x0fa53724d0f92193bbf01714541dcb220ee9a4ff,ramping
0x97cd53cb38f96ec12a18c81909166e3c6a4bac8c,ramping
0x1753d5bea1647e5c99f111f01b01006b4fd5433e,ramping
0xd7d79188d4ed64dfcb1c941c467bfaec8f7d752f,ramping
0x505853a1eca41ee4966e74a1227536cbae63e67a,ramping
0x31f4f2721d64c70dabe61a01c1bf2d77661f55f5,ramping
0x8327083c6527c5adbec11fb074231a7e4cdd62fb,ramping
0xdaf796b07fd91993fea43f570bf59c038463fcc4,ramping
0x526f138e502a419d3a5c4f2d82b59371555944cf,ramping
0xb36f2c1eff4c8df35fda454f6e7fc7e1a243d502,ramping
0x076644d1793e207efcd03986ca456c2651dd8eb9,ramping
0x40db9f7790f9af5ac71fcc887c3dd0e32419a22f,ramping
0x41a83e5c9bfbd25e40753935fb4dee1befb1dcc5,ramping
0x5bc7f75db380d5824026d91dc2bc9fade6054f9a,ramping
0xd27bdc43d0df01fc6904043945c32ca8e03840c5,ramping
0x0ee1c2184822825a3ee6bd9417c6da6eb6f6a421,ramping
0x758c29b2d5ddc99ad81d49309a7cf54822cd1542,ramping
0x0a4547d126c705c88b99f8bcec7da3823827ae9a,ramping
0xc305fbf582a5272d79eb275f11144358ab5edd3b,ramping
0x29c0dac604301667b81e338288b98f4c286066dc,ramping
0xe9fde78285ecb8d7e20c12db79e3c69e1a12e894,ramping
0xe8a68ff25837e7b70456172eaa10e71e1baa8b5f,ramping
0x8684301693ac286cdcbd0fb19ed46a2ea09ad8aa,ramping
0x783e04c1258f9771223b446eb8ef3d17753287c0,ramping
0xe5ca0077acd902ea12260b4771f51976f1dd5ab6,ramping
0x7544ae58b34861b40b33a0f804b0c20c35cd8290,ramping
0xc5a044f10a6d22dbf73d8dc609d25012fe65a394,ramping
0x944947014ee59d0d0e8851c1046c3b4b91f29fd4,ramping
0x7ceaf7440e31f111538a74de254b1090323492ae,ramping
0xd0407686ed3850918895e3d997234e7425c339e4,ramping
0x03ead11a215164a82b8786da62edf93ebbe8714a,ramping
0xd3e058fcb28a2859a72dfee151d82325564db6bb,ramping
0xf28ef3f86e1ff3eb77d7ef8a41e87d36df155ddb,ramping
0x982eece4c531b5aeed7441b7376d997ac9f095d2,ramping
0x5ffd0799a266d2e04e45496d1eac7acd6f77ce9a,ramping
0x9cbddb9ba75392ffe26be207d4b020027b969518,ramping
0xebb81bb187f5f61b9dd5d9980e0a21399edcf41b,ramping
0x3454fbba79e63f6f0474e86465b4e38f70e49e0b,ramping
0x7b19b42c9c6eda59af7cd241256839e7c195dbc2,ramping
0xf371e274a8091571d1d3edab3aae06b5cd24f73e,ramping
0x9cb2b50416ddbf9db828c82ed123c25e51f98da8,ramping
0x1c234a4e3eeac2202b4a9bab64aa72e095229e64,ramping
0x7c1c6994348563889229c0e88c7b7740931a13cc,ramping
0xaa5fba18e47eb0c78d2b239958f67dd065f98ab6,ramping
0x8123d72aa7b09f47c728f5db5cde8eadbe7020bc,ramping
0xa6b771db0306003db6e8ef5be5683c712550acc2,ramping
0x086591e544b0e31c78ae01cb1558960b46cffc01,ramping
0x29e5dccd7773d4cd55a9c7f3256d8e009c22963b,ramping
0x2b1e20ae8c0306199ffd119fbe3c5b2e43c13a47,ramping
0x133aeda79c96141fd65d429cabfb9bb315987b87,ramping
0xddbb6bfa9c9aea64f942ce78c93bf4013cba56cb,ramping
0xcc482b646e9670a8c477de43801b523ffbcc35cf,ramping
0xe1e9fded6211242daa579c639672ce4a1f1467ad,ramping
0xc16d4fa09af702e652d160764dc6182003f60277,ramping
0xc07622b569146066f450bdc2daecb28a82fcc6e1,ramping
0x6d7614c09ca73b1dae115486b14b72340789609c,ramping
0xc0e0e390b1a7e4a2c33add83f44694a4a74ee66e,ramping
0x4968822846efbbd74b1c3ad6b6502a13b7f3a4dc,ramping
0xec31ed0ef46d6f8196cc8d37062d3c6f8c51c116,ramping
0xef759172e4cd106081827871bd5d8d2877e87a66,ramping
0xf787e000f2a4832bd26806138b02e6ac129ff906,ramping
0xdf97894a0506cd11101ef5067b7cadd8261e1ea3,ramping
0x29696f0a2ff49c3aecc9b1d41d14d3ec899b2f64,ramping
0xd2fd32ec4b84d9d4cb718690922fea4e88de209c,ramping
0xd6ba323239f7054eefbedad6ffac51c393e531b5,ramping
0x77aa4c854a431a98ddfcef3b69567fe5e7735915,ramping
0xe90e5e6d606e4ff75599ebe5d718750cc62b57d3,ramping
0xef364c96e3e176ffa8b52830f8cc6b973c0380d6,ramping
0x0f3cdb379063ecf7ed963ef48a96c13e44eae8bf,ramping
0xa859867b2130a2b8c9609ceb6bdf03dd866eedc0,ramping
0xc47b400d36b587beb1066a7bfb5f2248aabf7da1,ramping
0x01d540bf954a6386724423fe1ea07468c9658934,ramping
0xc909d7cef8cbf80abe5b955d88108df434e2cdc2,ramping
0x37c741a76e71c9f43c7745c54120e2e8cc76e5b1,ramping
0x3a130737e836a82834dc97c78c3b89dd63c852cf,ramping
0x9afe335f3d0d9ba69acccd47a5da122afda170e5,ramping
0x7c2cc2bee57b5005b7415c156ae3b8faaca14620,ramping
0x50f41df44a41022d65c0b477d7316c43bddf2eb2,ramping
0x78d0452b25cd7fc5381e20893e19b76c0804b6fd,ramping
0x9ad55ac82218d151f0397e4fbc0dedefec4c3b71,ramping
0xfa13ba4871f90bd5614031dda3db505fec2ea62a,ramping
0x1254b89679601bbbf366eeaeff7f01b9bd6606d2,ramping
0x05e0e97d4c0080137c7ed352341c4b8c5fbdc930,ramping
0x9a72411b5c521abd39ddc138aed92ef977ca7e70,ramping
0x7e1510c04706e6fc05f699c6253f0dfe3b04ea38,ramping
0x9e537d6cf31f800aee770c12874e50c0c4dcdad6,ramping
0x80d16a00e57fad9f4a5c726b3904d3f08949f12f,ramping
0x26518a1e8a35f1bbacbf41a78c5c2bab4407a48b,ramping
0x9a9cbfceb93dc5b0d044b56efec831cd0eb065cb,ramping
0x9682a1fe4b0e494b6513bac892ae17122562e173,ramping
0x76ade267c8d9a8aa69b8355889ef4a80b4806896,ramping
0xa201ff685db1d5455ee7678ac242a811707c2428,ramping
0x49e6d5b74c3a5a6d6534752ee5da3fcd2fceb9c3,ramping
0x46486b64534f7b7412a04ce9723d480e20f32ea4,ramping
0x49dbb4e616f10b9c3706c9c9b85c374016491a4c,ramping
0x277cb1402a4a5b9ef875fa2f2bb8a0c96f4ad905,ramping
0xb63d11dbc86b86b49fb89fa8b92323089c6e6e6d,ramping
0x4e4c7a153fc6ddf2bf8911af646fdc6a64ae026f,ramping
0xae0c98364b9aa9f89cb159d83957366a67a15bc8,ramping
0x4736b12a00d9eef41212aca2cef3485ba781dafb,ramping
0xa4e05bca8399aa8b423b94a9c76468cf568f3611,ramping
0x1f57b41f30b051ba08bc5e4aa928fe40fa29edd4,ramping
0x9105f16d7fd5b63e05f8b8f88a04f70eb051cbb6,ramping
0x8caae1df2f601a9cc899fe2e6bdd56671367ecdf,ramping
0x2b8fffdad2f3bca811947421147747b7fff0b082,ramping
0x68f37aeae87cf85c252db8d65940eb23e9060a12,ramping
0x502530ae12e34bb471d7c75b0f188bec79bde07c,ramping
0xe466178967de127667916a6c9e6204edfa313028,ramping
0xe27aa477e275c85d5c990208d0f5f936a499639b,ramping
0x0e5bf730671adbb95eef9c73ebcea2fee29fbd73,ramping
0x0b5c4a7fcda49e0a8661419bb55b86161a86db2a,ramping
0x39832119d05cee229a3765d75649a6377e88e04b,ramping
0x3c3a2c0c8bfc42ef209e7274251e25f43ff89e7b,ramping
0x834fab8374eaafc116188fb2525a6b9e13d55ccf,ramping
0x376ee8811f6ce7e95a0c895ab27bf1dac0250aa4,ramping
0xfaa35bed0e4f36a2e13c12bcf40ca635c5be3c90,ramping
0xb2c0ef05845b46b22c34308a073a7b20a0769579,ramping
0x80083c9d53f4495a11ee7d8c126cb3401b64c3b3,ramping
0x231db399c99fed0b9bc266791abb1cc878ffd72f,ramping
0x0aa4273e7aefa7471548bb34189cf5a19af3bc66,ramping
0x16c99ab164cc4626822f28159ce43e82d6df68bf,ramping
0x449f6d0bb7f1900209112b49a064641b7a477459,ramping
0xf27556b34e5945602b53523d64d3a776dd0c607b,ramping
0x732aeaa9079278b7a80a5ce588798f5ee9056fbe,ramping
0xa99ac975d570ea798bcfe7127bec5061dba615cf,ramping
0x0b059571844f0283c042300707d5ec2f7fb2c578,ramping
0xdf9187560921a4c8eb771e0064d86a953175a97f,ramping
0x1e01d151160b5e7a8fb3f07dc276a39b75cd2685,ramping
0x6f33e583155b826fc929faa607cd8693092e106b,ramping
0x67160cba8c2e65a713924cadedbe4c296dcd5014,ramping
0x90b23cf9a2221211fd67793e96dc775e04192c91,ramping
0x8c7c4182b7e5e503f9e60f00f74eaedc5ad77c9f,ramping
0x88d6177c3889940f89357ae958e078e070c90e2f,ramping
0x17fc690d171c8bdc58026d9f6444ff776c7631ab,ramping
0x358a2b0c9994e8505de6b7a9b432fcb546417db4,ramping
0x4e967018647f0da7fa941239bb231e26de52c95b,ramping
0xec1606880a58302a351288c0001552cde0fb8f4f,ramping
0xfd49cf4465ae6b1ad8d8a0fad6b79ef0bffd780c,ramping
0x888504e305de00a0419ef2119257b3ced38609a3,ramping
0x7f00065c2684f3c4ceb8e2c5351f43389804df89,ramping
0x8488e5a8581f777f5325c8e4357d21bb7e93dc8b,ramping
0x8ad7ccd2d112aaef128d68f36807621c57ac4976,ramping
0xc45d9f4d15c1fcf37332c628e7fb1409fbd43500,ramping
0xa22357cd9fc3af0df1ca4a7b604a1dbbd93ed750,ramping
0x27e27c1e2a5b46a6160c4d8703b5e31b129a06b1,ramping
0x7ea3b00b1c49d0a364698c767af9a0bb6c354e83,ramping
0x1803a429b0c4f95e95de4222b23ce9f65edec6b5,ramping
0x224ec51043e6895809f7aded61e4eb932df69310,ramping
0x8cb175c52bd8a82da2db2a6603d62466f0396a8f,ramping
0x715395fe4f30f932f9521b64d3594a002da0d4d3,ramping
0x4c830184c040771d9fba3c68bab08d5c52505fe9,ramping
0xd92872b8081d44980d3b665b5799f25285644118,ramping
0xe2c436a7c465d7a70cd002df67b38a453c704e0a,ramping
0x537a2707a77a542d9ef14aff810b089b843a3b32,ramping
0xf6513fd321ef9422ab28d54b378dffb720dbacd6,ramping
0x186129b746c7882aaa9228d61d0aa410b6e023f6,ramping
0x887dd940a972dc6cf95aadf9e2d74ec03a587f2b,ramping
0x6795bfb4dc6c00aa8c0ac965c446d4b0f0a11c1a,ramping
0x02d34fd0983188fecb655e177abc8895934d7dfd,ramping
0x607e566a53c70c8defb0b706349d9938e29780e2,ramping
0x41cb9e8592cb4db0759b4670aab1c05eb932c8c5,ramping
0x388f4976cd1ffdeb4dcef5074c1128ad41b423af,ramping
0x02faed67580bdc9148b3757ac1dc0e16f91a2a94,ramping
0xf46952457746a9cd4e563575459be1016e468918,ramping
0xd73e100a039508299577f78bb0ad706ed122ef30,ramping
0xf9fca1f85730823ef701ed2a019aa94bb095adc6,ramping
0xa02218f29315ef54027651802bb0de60a5067948,ramping
0x0d8d23e248b18faaecfbdd49038cb0627fb80b02,ramping
0x03bda877499c4700184e39cd5cd8071cd5a6e5df,ramping
0x24aed18dacc17bedd1379ac835ddd200d63521b8,ramping
0xd71632eda8482f2a732be9b3783ab8f52c22a7f3,ramping
0x5092cf7d70fda2842f47b5f42fb87e4f3f6c3b73,ramping
0x52305c9747113fa29d299bb661cf00b57dd4b4cf,ramping
0xf25764cbf6353303fa8de9f2c2fe340580831c5b,ramping
0x49cb63133e4fad002fb723b3111ad15cbcf22349,ramping
0xa6ddf8c1bbc7ce5ff0fe23fd3f165e09c42600ce,ramping
0x23230a18b3b9fbf5d32368dba388763a253b5f31,ramping
0x0d7e6adf70e8b2bf7f259f9da02b1fd5c7ede449,ramping
0xd0e4b29c36ce05def8dfb4145fdfb3090fb14de5,ramping
0xc91c94f7855db69f851d783daf8120334cb62fa4,ramping
0x5974235d7867912bf67179fd527cc7dfcfc2d03f,ramping
0xa42b25215c89389d2efd89b364e65e4f15942497,ramping
0x3c7889a3f88fa8fccc2d143b547ac93448144e36,ramping
0x5363f786c7d0dba6f1c8e20d989885f9f17cacdb,ramping
0x27b91bc1775a18a1816dad127c8e123d7b461a51,ramping
0x56779898c2d16f706248be1ece2e1111432d91a0,ramping
0xe5d438a651a068b5542e6df33e763bfa18f77384,ramping
0x4fe3c888e4907b837c76990a602354f0a927d7a9,ramping
0xedba509b8fc7b062936cf9ad876f129615427188,ramping
0xbf2fdae068f17bdbc32ac9a351c4e5e4ef23acd5,ramping
0xb250e8b36dd4453acf8a98cf972a67da97376634,ramping
0x7f0f9ec6f74dbc80b9515d8a732980a76e316863,ramping
0xb229e31534e8a8fb04422ae04f8aa56f4a3dc041,ramping
0x87ab89f35f4c90abbe9d30f73601b2e176c830cd,ramping
0x52c4d5683a97a78c87a91cbf15030f51501db0ad,ramping
0x70ed926507382ad0cda2d8bbe894ffe67964d56b,ramping
0x7bae195da1eac321efd64642ac1775ae2f0a3050,ramping
0x7e387679639d0a791e4ffb0f0a66c9618fef4f7a,ramping
0x9bf81ea6b5644383dfb6f8da35853bbe59249d61,ramping
0x6d3f650460d80c82d8c92a81ba4473b1c4d85be6,ramping
0xacd8f6be1c0afa26e101b8fc1bcd8f7e4f176bbc,ramping
0xde5ff817fc5e47131bbd95641349bde5cc79dded,ramping
0xfae2293730511d1986a63d176cc950d717c57e99,ramping
0xac51e45d9e5e87b871f50251c7bb53346ec4c81a,ramping
0x0173b04274d603df2aedad8fcb87c550b3875880,ramping
0x297242ae40819348c5a345d4f15669796816c347,ramping
0xcc3b9b4ea7d23a089a73d13eb3bbd75e56ec7188,ramping
0x08acc40532bc866e0ab363ce0162a588bf3604ce,ramping
0xd026e8b9c2a90dd9c1ffa7f51038e41b8ecf1c38,ramping
0x3189a7649776010b40c241a326b45d1d94f8dfe0,ramping
0x3c9de946dc5968c309adce415fba6ca5d2753deb,ramping
0x93629e290715d0e8be0d1cbb9231b1be6f6297e9,ramping
0x1a66cb22f0f1d9e14bf9648ddc14ddcefe4d35f4,ramping
0x5b28e3b2bb66185a508d8925efabe60629f866b0,ramping
0x90fac0de048e706f7d461d30bf22b77a4b8bdc54,ramping
0x16378dcf39815e862855da4222c57ffd3c550b7d,ramping
0xdf4e8894087f75773c6936e6dff06234f7ee8231,ramping
0x0d439a03c4d55505a42957061776dd062f0a009c,ramping
0x07b6ef51ecd49244f2180ece5d82475fdfdd8fe0,ramping
0xa18a72f1628e7f8a0bd6f7bc5f4119b619221ba9,ramping
0x66820a8c6c9684c49f2a91cd818e8bc6b2ca4659,ramping
0xa1393ec5ff0410aae53df778cf4886da45f087bc,ramping
0xc201185c099df4b2ec7e9400c0135fcb5ed6c2f6,ramping
0x6daf1a7e5219bd68fcc8764066fdd04c482f6596,ramping
0x6e1a7acb82119a26c0cdb7370b8d79d7a77d7d09,ramping
0x5633968788e1df98284d6a5251d154a6891df031,ramping
0xec0610ff9b7b156d727af582a7fe52b662cf7265,ramping
0x6209f90dc97d57825818cea5fc032f316cfc3563,ramping
0xa4c8494f48fa24442e58d13034790efa91eb4223,ramping
0x2539258edc93137a1eb3d80239a987604f21b264,ramping
0x36d9560e371c9acaaa87972bd8c9989719c6e4b8,ramping
0x92f767d49e99e82e1c9bc9a95dae095c9b950a59,ramping
0x24544c3fe85b13805adcc161e2ea074386a579f3,ramping
0x88febf828331504ccaa78b262f39395ec0edd283,ramping
0x832733bf1e896fcc3a3297791bd3ba73f3a0972e,ramping
0x46ad294821a9d74534be1965812bae38913d74ce,ramping
0x1002fd14aaff64d14f68ad4c873d4bd06e6b2fed,ramping
0x2637809d2659c397ee0b553d6c910f187f89f93a,ramping
0x4d00e7c9da94aee61a1c4f39a07d5a5b0cbb5c47,ramping
0xc00bdf89b62657ce94695b01467cd0bd2bb60da4,ramping
0xe6435946f008c32fbcaadbf0344197fa55513245,ramping
0xa78a960a3bf3678b03ce84623d2ae340c48881b9,ramping
0x0f02cb74658836e77f2c2f96429bf496da3b95d0,ramping
0x5797458a3bb797adc56f2ff3b1b2b7c4c4d1b24b,ramping
0x9bc3bfa6342e18548da54c1ce93da38d254b43de,ramping
0x8636905364d585bf40f7f545345a4527736920d0,ramping
0x2e3469671c785362f1bf8611b3622e08401264c8,ramping
0x23ac862b668c623a19e952d38611921c0f4cc636,ramping
0xb69fed5da423e3331a4209f5749f06105157ff29,ramping
0x4c9307ccb8740999964d08d312df191b0c43c7d7,ramping
0xdbff23d13632967685ea2fa88fe42e499086a53a,ramping
0x3b85f8e62bac31126679fcd74ec00da7d8198c6c,ramping
0xa3d89b84d2d5e068fa30a5861e525d728278e3c8,ramping
0xfef28708f14c58b97840f0ca0a91195125b8f388,ramping
0xa83a821f32b9c2d0253e3b380d710e90aa1d5173,ramping
0x2adcbb15591e630fdb5641517106be9151d700f1,ramping
0x621dc382e470deee1f35bf2b55eb65e6c2f87b91,ramping
0x6153f7faf11388050a8f8428972e6bbb3fb401c9,ramping
0x1e274341c0a3e26a8f7c1d16b259c7bb480f219d,ramping
0x291c7ed0a6e21cab08ad049f47deb38933c1c926,ramping
0x2f855822eec84345d135ca64b95cb2ad988299d5,ramping
0xd1eb30cf9ffc464d2580fc57b1a7c14a2fa7f126,ramping
0xc0074772a4ba5991628f693335eec11c1a2fba81,ramping
0x70ac42549a911e4278552ad3169eb187a6c90fff,ramping
0x0c581f83efdd6c36a320c71ece14e799c4ce9b39,ramping
0x86025099ed5d93f6b6cad049124447328b63accc,ramping
0xfbbe62b85eb29829683ca06f6d31d7d26ea793ba,ramping
0xdb4d7f263998016b5294e1b6dc831cfa8b1c28e3,ramping
0xd591f5937a294fbad56ba5f48b8e634cf71d9dc9,ramping
0x08d837048307697896dec162c89cf8e8327b6003,ramping
0x1c56f790f3e0c5c9358a6bdffff601579c6bdcb2,ramping
0x80deb9cebb0e39dcf6c493ece03879abc338f660,ramping
0x425f58030662b0da8240a0598ffbe1457852ac90,ramping
0x50d6b4219d03e4744e8bf68319e3b001992512ef,ramping
0x24450126fc7b633320a602d2f2bd887533855ded,ramping
0x10fe2009372e2b462d9323f6bbc6f34456c9713c,ramping
0x9e1d3184ef6e06cb0c9a79344bdb3e5398912893,ramping
0xab5659510127e8643847f191c202a10a9cc8a9d0,ramping
0xc110d17783c6b2b57dd23533c847fb7842e7654e,ramping
0xe0ac8eaf67953cd781124f20fefa045f51986620,ramping
0xce9cce213a309dac171d64a0bb0b4ece905139c4,ramping
0xe1e3f1f4bb9875606c75793d9785891be9a2665a,ramping
0x281a886a8271e808f9a894dc3dc3d2d1b7c1c623,ramping
0x773b459077a95e1bce583f90cdfb634a0c319909,ramping
0x75ef25059214cf0cabf38dbd547d39fdcea4def5,ramping
0x5aeed31d83043ccff38360c0de0faa0681f5ea8c,ramping
0x02356fec67d3558bdf8d4a56b9b393c133e9bb30,ramping
0x933468a2096bdb0a841a2e0a15bf9bc37c6d3825,ramping
0xf0f000df476cdff8e1581aa8e1c65b031a439d1a,ramping
0x8da344c30d9a63f1a7b2c4f22dff481d09a0f7ba,ramping
0x00f0303e343570503019c19773b6b85fa0b0fe73,ramping
0x1869b022d22abab26faf02078d0ad0b8c8a2806b,ramping
0x819197c0cbe170ee934569e56a7f69f5a00301b7,ramping
0x0065f1b1cf635d574afe6b16b698ac52e6088894,ramping
0xcbc14feb742c9cc25dc2101db4ebd04c5d08bde3,ramping
0x9e45d4f73363853e68575d064d1e801bd4846bdb,ramping
0x4f161c4669c27b8f4abba071b11cbd92ee0c5549,ramping
0xf68d0ca073a3e09f520398c530e05ff0ea3687a0,ramping
0x81ed6f3aab1277b1bd1e2551591ca004c3274b86,ramping
0xc7e7aaaaa841ec3df19aef4b2c320e9c606a8a7e,ramping
0x27943f82b1048bb71a93a2f672bf9458d52e1cf5,ramping
0xb55c0032dbf92e5dcf56b3ae2b622e9ca1bde0b3,ramping
0x7178d3761acbffc05d7810d598bb13bc82e59579,ramping
0x120ee05b9d6472d2ca4e1a812b5d35c513a4b296,ramping
0x6b8cc6149a3dbeb8f7c80d7abc2b043da7890139,ramping
0x0e0e43a52eacd7e69a4be9048b6e9bf33f7140a7,ramping
0x6e92bd576a795f9bbacfed506254123494c4b70e,ramping
0xeada0c0e40035c251e461fefa773f3c771fc07a2,ramping
0x9e8061b28544ad720b3e62a6dce36a43d0833078,ramping
0x1f839a09cf364897fadff3e773b0e5bb293c2428,ramping
0xe16db3773d5435eb7fa70dbf9072ed1d9c1fbdc8,ramping
0x68fcfa598ba48a8e4a67d64e743abdbcf813ad9e,ramping
0x3c9bdd6978781d80633d2c27d21c4a9a23958269,ramping
0x70cf557d308fc33f1a6812ec5a6a8131e862e6f7,ramping
0xe9ae7eb60cc29309b46f19b7801ea80b1c1ff17e,ramping
0xc1081751a8d573e795c6e3792ee1034fda306031,ramping
0x6a543a0b2dafd27d1705cd431f2b3400e14d3e9b,ramping
0x88235e7838d9d7f1e8f9d27b8eb7721f10a4e7f6,ramping
0x17bcceb76e956e54fb758bf4f57dd60aab23c27a,ramping
0x8b182213311a910d487a50c66158c7fca8459c3b,ramping
0xced9cb5bbb8ec08d1bb50b703da33fc2c7976d69,ramping
0x155659d8ff66c5d0e9c3ea7f4dd049856ac568d9,ramping
0xd53415aa04e30cfa8e2642384966a8899e4417df,ramping
0xc28318cd754de51c580d259989ed6439797351c7,ramping
0xcccd49bb3247455e7baff9ce52c231033a84be05,ramping
0x928cb6d60cf548cc77872e6a2c6b9011e302777f,ramping
0x7c49022755ba8a39c5b37b56cda19d0415e8092b,ramping
0x797a1c3c46929f6a6dd98c353bf24789129d8076,ramping
0x4a587321d5eec96c826596449fb19fd5b251268a,ramping
0x27668e80e1980342d20379376d049e4a5a837551,ramping
0xa583bef38b1153810ceda219eff6fed28a75e76c,ramping
0x0000000000000000000000000000000000000000,ramping
0x1952c5d512aade7e1bace4cd66420a60a7bbf99a,ramping
0x7e4b468e3924c8d2cf52f3b34b24f309f52ae881,ramping
0x9131ec054b4ac6950acc30adef85c9acfd46e084,ramping
0xb3b8a49f1b462d9f5c74638032da058bb376be5d,ramping
0x907edfa25df1ffc611247e6a646fb2655efd9098,ramping
0xb7670b67f10a31be6c5fca69c4e759abfbd37bbe,ramping
0x96ea747b34efb2a89553fd79ff248e94613594f8,ramping
0x554fdf454fc1ffc1f7af53b25c2f2fac20e2bb57,ramping
0x1ab956339f7a0f5d9606a38e7774f2017f50abd9,ramping
0x98b43872f8163cba85906998e65ad1af0add902b,ramping
0x7e03c8c46dcd43c030494afca838d156bbf00565,ramping
0x9d2d121f8c93aa0f1e038904e4be59eae3a221bc,ramping
0x1aef5353e94eefc13b0df757af29c82f0dfc68e3,ramping
0x98b7d8c5e631df4bf6fec190230421636c4be2e8,ramping
0xfa0e6c2e06a340fd7f743e97d282fa9583959d15,ramping
0xb3dd7a44492cef3fcb89ebb953f9023ff8430b8c,ramping
0xa9bef7ea65f297da1cada715a941ebcba862d0dc,ramping
0xfcc0d9c8a5aa2848ce1fa204d7643a50da965560,ramping
0x51b4e7f6b7968e9921c89df9b8b1f3256c5fe843,ramping
0x5e9378498b0d46ae24b505e038393944d682c77c,ramping
0xab14da313ba333a3deb5512387159562d98529de,ramping
0xd6f35caa69bbc3f2778e3211b1064d0d172e68da,ramping
0x02d2517927d0e37e7a5e6008b9e674e764d070ba,ramping
0x9b3eb352a4d5aced502bf9c8065fe42ad496c8bc,ramping
0x2a210ff188200a4a0c1204a5c9694cc310baedcc,ramping
0x28085e65e5f94efd2d17aecef063087c887caf5c,ramping
0xfb98dcba719778489bd22f0fc4c41b04e6ca6d8a,ramping
0x2597a1104601bd1f3e72a5939505bd8bb61c89fc,ramping
0x7a3cd822ea48f007ce5e3e15ff2fdf5c0994287a,ramping
0xc26df4a42391768c673774b61df32d3050d7e148,ramping
0xbbc17a99b45e77c55dc94c55061e721268bb29a5,ramping
0xebdc5cefc08045f1e36aab5367cd1165b2b31ac7,ramping
0xf7b02d012b3b2c2fb6e976101e06649500d2a6ae,ramping
0xc2e7d90f618b750eb37b0a471ce642bf58f67bda,ramping
0xb90ab08187e07388f3ba69201fbc863c679a2439,ramping
0x95b42bf2d98a512407ba2d4e33f70a8a816019cd,ramping
0x0b730e20bd2292fa41bfeac3b1b53a6d6a571964,ramping
0x5e72016240c4c4bad1f149e876447960ced690e1,ramping
0x79e41fe33f9a05b2d29317816ac0ab1430984fe7,ramping
0x7f013ee5f1ee91450494187269184563850845b8,ramping
0xae24f32d441b203733f310a855a0218695e11b0d,ramping
0x547cfb876945144af1125181185da3e83d69db00,ramping
0x21ae1f898647a913884a47db53237db0886f18a3,ramping
0x3d435cde6e4a95f87b9f1cff8275bf112c21855f,ramping
0x7c38b24b34909670c523a21f91af522a9e8c2d6d,ramping
0xcc30341773080b4027846a84e5612be23b730841,ramping
0x2ff6a842ad7e3fa5ebadc04839f523f8ddb50ac4,ramping
0xa198ddb634bd979258e3f2a05a37cf295d4cd992,ramping
0xf516e6f99b109936d832f6211c9707cd1400091e,ramping
0xf54dca3325f98e0e6aad973fce25249fa030a370,ramping
0x7428691b1af39340b1d463b1c6eb91001079442e,ramping
0x4ab54410bf61ba659bf7c72531989651b251045d,ramping
0xe158afeab760b440dc55268ccc08c6718e739fd7,ramping
0x723af7e5a7ec7ce40ad479f5f876c7fe386fbbfe,ramping
0xd6443738458b0eb1c262dc528f85740ccfd263ff,ramping
0xf5626ed4c71baa4a74f5b331feaac3111d1be146,ramping
0xfadbe8e46d532aa0d5647bf66b80b5bbdf8642c7,ramping
0x34e740b7b6841c908b211e61a2ec3172d0110319,ramping
0x32322ca683c9d8dad1deca59aa4975519d188255,ramping
0xe3c6880a72e36ad6780b86f7c84dca8f2363e086,ramping
0xa51666265d42754452260e851736b65ca6ffd64c,ramping
0x14c9faa97a955d6520ad6343defedbe7365f0db4,ramping
0x94d13a151f3e8aac23ee57315472a9913483b2d7,ramping
0x5b8073bfc4ac4db29a7788776bd183ba0f79d26d,ramping
0x353a56d721a9b7513d7d9afecb69d541e443427f,ramping
0x77178c231d1ab8b8dc05111083ee32db93c3ac35,ramping
0x7dc80fea51a5c2b4819e267f1d25dc6056db85fe,ramping
0x1440ec793ae50fa046b95bfeca5af475b6003f9e,ramping
0x39c4188b519b644a4a5212c4f60b3385650016bb,ramping
0x23e4a7665c5afa107242e38c5304428305dbd2ba,ramping
0x37f05dc811132cc3ce7611b3e4017a138c7a008f,ramping
0xfbb2b03362e652973f46af6f405f13bb3dc0d27e,ramping
0xc9af0c8c0983e44451ce17cd40f21d83c83653f0,ramping
0xe084034ea87df911e275c49f667170d84b19032c,ramping
0x4b265cd9043df1afca824048ec4a467d9439faae,ramping
0xc036e617cf57e3bf94150997e0ba1881bf84e86e,ramping
0xaa66b9dd466c39333c33a6f26e17cf5ea10c680a,ramping
0x742e0375d714b0109f24647243b888079b9df62d,ramping
0x59bdaca4ade93392de8d0a89c78b26a2cb981fb6,ramping
0x99cd1e5143a347a8aaa905df4efaf59b2513adf3,ramping
0x16525c4010307f18ad55e16e328676c24a8e13b4,ramping
0x55c8e60a65a348a80867fbe1694b3209bfd72747,ramping
0x524fcea3f29070f00ee096ca7ab19813ee327d7c,ramping
0x1697fe3d6855b81c1f3f09305d48b87361f95e21,ramping
0xbefb3e11f8a60de0744879974646d0403aaac24e,ramping
0x51a8f24edf65e67d73cd6cd7cbbb6c98b667280a,ramping
0x5b576c761684087e2a8e0c16c23aad9d784bbe73,ramping
0x00f4c2227b61da764438ca532f127245ec3aef9e,ramping
0x5091fa074464be0e0561d23b66516381289760f5,ramping
0x0a2ff6dd09d4961198db9919a4c435835bb4db87,ramping
0xe69568046026690bc3b51027409b4188ae8b675c,ramping
0x2167068b39dd9f960746b989320f990e7ae44a0e,ramping
0x43680f79d77ae3d915116d531c93bc288c918640,ramping
0x10a45fed0cc8a0bac2b191deb795995bdf2f0dcb,ramping
0x00bb70872b68b2ef0c32994e60f90525101e245c,ramping
0xf9784146008e16fe85ca079deda78e19d0d8fab5,ramping
0x70ee738440ab40ebbf0776718685af8ad9b51ea0,ramping
0xa3457510dbf2008039c9d6a78e0c89dc35d492fe,ramping
0xc6b03c38dc88b6c0dc408026ea43f88f3a196fce,ramping
0xbc2bf24d3b3e4dc3a9751ef8dd3f31cbae6b4185,ramping
0xaeded673fa9ee286e40f2b3bd9ce7d08f850bb77,ramping
0xfdf3b3c386f2d40ba498f0b67fd5677f8a132ac8,ramping
0x2c482116aea8929b841efe1783c9e26469c6481d,ramping
0x99e41a1192c6f8e2d47c9748b8040e8a1a2bc20a,ramping
0x3d3bf4d2a200992db194afed2a2b9d881e4508a5,ramping
0xc75fa83989869fd3616acaffb6b92509723ca0a0,ramping
0xc4892487f2eb9eb57b6092853ca152eda945550a,ramping
0x37473ffcf9a029b9b4dc63f9479d3e7f61a478a4,ramping
0xb8b2d798e5abbf6311dbbef45eee418ef84f9cd6,ramping
0x30271e4ebaf964c310dc9b9a39cbec1e51e466fe,ramping
0xbd7636f5ca398792f7aa83f541eb9e89c4285de3,ramping
0xcae3f76738240f5e1e60ad00171d55cdc122abf1,ramping
0x2200f272d9ac43e1d9f9b7007340495fdfcdf06c,ramping
0xa1327d7cc5a26ff9549d9eac06ba3b913959d8b6,ramping
0x3fe3e0ab7ee7502d4f6ded0b34a79cae5a54e5e7,ramping
0x7b979d08b7e5a6deab0e5b11cdb927fde782fbf1,ramping
0x2971cde18b47e3553ad58225b93b0424f84b56fb,ramping
0x91b3513ad5d49b1ef68bf1867122de3c20d76db0,ramping
0x56ea8b67309ac7130d93cdd1a25ff0030e575087,ramping
0xdbef50eccd370ed324c6b1ffeab793cffebaacbb,ramping
0xdd4251c63f4365aefecbd218a7949a74ad34f19d,ramping
0x804924fd8449299b819a00f6e7f3e99c1351d904,ramping
0xdadddaf00217fd4c869ab63163bec120b4389c8d,ramping
0x8128af8bcbd703c58d78571c1849ef04cea82c24,ramping
0x1c424177fa17121b5b66890e69f455234d4e65dc,ramping
0x41a85822e53d8bd32d55779f214785789749e26d,ramping
0xf569aad4d0ca621d19763d883b6b882819e84246,ramping
0xd9dbaf12381b413c93fb75bb6ccd75a9d3941ea6,ramping
0x28e0d24ea311bb6c621f452fd3f4271d2a8719a6,ramping
0x869b4f361455705fdb2e10a09055337a0767b748,ramping
0xcb0bbf8d98011d2b276057bf3d4bd4e0592cbc55,ramping
0x3041535a9f603e021a924d040a170593034b2411,ramping
0x2a2273eb6855ad984cdb52756d2750ecc43f3469,ramping
0xc92f1cc630e7c02060f83de5774dc098fc18a180,ramping
0xd07ea428490d5a47ba1466c287bfb6df4b68bae4,ramping
0x38802bc89573ad816053d0ed03acc5f610c44bbc,ramping
0x2fe7883aca69ca24c774e49af8e4b77a2440325c,ramping
0x130cb1cf88413d3ae4092f6646e90c1cddb5ad1f,ramping
0x2dec8fd4bc3cc6136320244e3fe14d0c0092b1bd,ramping
0x2225de9edccd855de00e6bb0f1b78379eb182341,ramping
0xaac437fa458b2f851e90bd7dc9c3c402e48d06e9,ramping
0xcf3298ac43dff999e5d375b977c7a46ee320c178,ramping
0xdb018e0f7dce9447b6fb9c21887ca040bd3a7736,ramping
0x4cd4a6df5707959f6208f106b22157cdb2925155,ramping
0x6513d33989011a5d5521a17fc85501d87779d484,ramping
0xd6a2540166b601ecf994adfd271bece3a17e71a5,ramping
0x02b76e1d2578a3cd73b4b34470742b2fe1cdf050,ramping
0x8779b0d5fd7a8a75a0da15cd43b60f2d8fc5d893,ramping
0xb2751bde63445c7a924b9f9588b7b5a25c6ce11a,ramping
0xbbd152e7e83837947854df731cb99ac1a2d0cccd,ramping
0xf42e241a6a5504d905469212ced087715736fd8c,ramping
0xb50aea0ad83ebad34f7cb1039c858b27daecadc9,ramping
0xfc0615d9c0c74c7f54362dcf7832f149c61df193,ramping
0xe4cfa3d01245860948bdd83a0d3e6febfecffdd6,ramping
0x2a3bc7db4c1738c5de1ec0afd460d7ae2fab97de,ramping
0x80c0fecae748341749f88409071a3a0de2b9e809,ramping
0x28312082240542e19c3f61e2693f697816a83ce9,ramping
0x42bfaba5afe1e3163b44b253f04ffbbf9090b846,ramping
0xa33190ad9a2d93dd7ea48072bd9575b62bb3d2e2,ramping
0x459d3bcf142fdf11df87fb1f5d154f23ee12757c,ramping
0x24c2605416f9f7b54ce1bf72840862c48e6664c1,ramping
0xaf4fbc553ebcb065481fe6c134ddd47c4479cac8,ramping
0x62796b9c166cf4af265db8c6d1062e448cfd1f80,ramping
0x4f8ccbd3ca5b476e81ee0fc9a1d4d020388e2115,ramping
0x15b7608c84e680866d8289ad32d4f17c5b4880c2,ramping
0x3b96bae5aeb9d00ea4050ae4658d4e9e434a4604,ramping
0x2801f5c90fda98c44fddb4467868b61b74dc9389,ramping
0xb910030b219204966c777e2fdd31a7ed83859036,ramping
0x969d35e5a8236382ca3256fd9884d3954af70bab,ramping
0xadb90467f7c02a97ce5f08b3b80479470d8e134d,ramping
0x7c7ee3349d754511741c6ac5558083c7a28f878d,ramping
0xe28afb04716ebe898ca794cca4cf12e08eceb8a4,ramping
0x3bf193f2de72db190f6e7967c02669b85121157a,ramping
0xd0f20de7545611547587c819f2af3520fb113965,ramping
0x97726a450469c5f361453ff97091e7c427ba8246,ramping
0x21560fead4dc31a99a42f498565e5e3a2f73046b,ramping
0xdeea6fb7dcb44757d39ffcfb7de755664f07de68,ramping
0x14231d75d23b40bf03d764fbc6c0c2e3c23418c9,ramping
0x38c4a9c56e4e7e2f0e4170b7f84dcaefa1e59f72,ramping
0xb70387308b5af728c1d8c181a116d4b9976a664e,ramping
0x341108575a616e889d69c1e5591795222586a889,ramping
0x82a23ad2b07980a04f8c1596f39d32d1dad2f123,ramping
0xa7061c1289960e4444d8c1e75c8c925182b6297c,ramping
0x80a8969d303717cf4ca131a772462738d9308381,ramping
0x592ff2e58d27e631b4c1807b00f4f50b122dba26,ramping
0xd223233686527ad17f30e0dabbd860f21665ac22,ramping
0x10d2be635452f9362b34547c11f70c0bc6573ece,ramping
0xcaa1295ea88b3df1b0470629be8672cbaca4d7b3,ramping
0x0f9c5b90f3fbc0d2c9b10fc8304f12084b662693,ramping
0x67573567a0ca3731cb99c94d0473fd9a93f0d2b1,ramping
0x9645e711e20478cc7776b8d6fef4ba463541b900,ramping
0x0003623a8d474306cc7f1055bafa924aebab8d7a,ramping
0x5fb375add5352b03700775467c8ae97a15c3754f,ramping
0x919369ded39e1fcb1f2a39229fe92d18ac3e48bd,ramping
0x8f53914dde1462f64f99a8dcd50f43603a2f4732,ramping
0xc9247ef5fb22581fa64342c62ff92ad9b284d21e,ramping
0xdc0be9112b01991f81fe4c7b7499aa37d510e4a6,ramping
0x6e3563b3724e7ab8ebe83e2b9966b085dc4b923a,ramping
0xf21fd7b0b393745017fa10bbedd7cc6c1872563a,ramping
0xa4ca1ea7f59ede34221052a48cf6eff3097b7141,ramping
0x3c75222ee296024366e892f9db3a864080e4e36a,ramping
0x8e7328329e017ab93d317ead2c83c064295ab641,ramping
0x1adcf2bfb69e0677ba4e351fb1832bea5d46106a,ramping
0x604b40f50e998c04b3e2aa0ae357ff33d3722c85,ramping
0xb8149c284e8ece867fd162a57a7ec58ce4c84db2,ramping
0xb7600e38e0cc5896fcb6698c38f75003654f001c,ramping
0x0afd7fe66013614520b6aaecfc392dd0b4a39d5a,ramping
0x2dc2b9cc838d447fda0ed4199bda5b3f3dc86279,ramping
0x2ebf082403768a1fcbdaa6fca0df7fa945bb16a1,ramping
0xbc98c91c29d87dbde57e1547a7a02e8484284f48,ramping
0xa3e795b5933ac4fe8229e6836becf66546f5fd75,ramping
0xcab39f062aa46da2d6de8432afd577a0b8a3c710,ramping
0x850b28d22ce6ff826b1d3de3ca31c32be0f4e262,ramping
0x558b3805e16aa1a9ef3098019865cabaff1a44f7,ramping
0x0ab5f8b4671e635374ea17e0a46e9e29a831e712,ramping
0x6f39854625d1331c3a54ec4e7c51be11fc506b96,ramping
0x649073890e4460f812a7e08977ac66774dc85c14,ramping
0x47300ef1aceade77891fbee6975ed4cec202cd96,ramping
0x5d5c44e97778b00f5fda5e7b0e4607a0c81ff022,ramping
0xcc0293383e98deaadab2e440c93ecce45e036521,ramping
0x523a911918444d03eb9c8aff5c13d9aa6a44348f,ramping
0x75648a11622ae0f2a361e92f165db1c083b51ed9,ramping
0x7f59edd5f76fdb0c18d4bd627cb79fd46b6d771d,ramping
0x3ed1f1985fba05189afd47523d14837a6b0e78a2,ramping
0x2db04ad090af4336bf54ca315ff2b22f3e703e21,ramping
0xc8054bcdd3e16eadd460089da8650b65b48bd2a6,ramping
0x4b4bc21ffa481ece8e212aa9075187db01501b43,ramping
0x2d7201b577b0b98dda1e01839b0d083e418b1ff4,ramping
0xccefab5bf177231a9fc17dc652f0df6c5bf1673f,ramping
0x39b79c915df5a294ee5aa5d52fcdfcf023639db6,ramping
0x6377197361fa864ebb09f22cfd5133340a871485,ramping
0x0bfded6ee45ef2e4934297fccd969b8c543120ef,ramping
0xd811c71fc46d8756d74677b11a635163528e781a,ramping
0x3542cc2cca13486e6ba13f005475936fa646df4e,ramping
0xf7ba154b15ebc40c7f0443c0c6f497eb1b442bd9,ramping
0x08a1573ec3a8916bcf220b0069153134a59e0763,ramping
0xb7d421bfde860fe601215385de03dfa971d00381,ramping
0xd985c1ca341026ef09253ce4c57e9bd0a4732a02,ramping
0x2c65112d3277316d865e1c6be19682ffd1cc8f37,ramping
0x403f2da6f41a0b4d61eec148ce84ca85aea76daa,ramping
0x1b4e309e7641be0bd0ce19e25abbeb8ed31c9c56,ramping
0x734dc230f0ebf35e3ea035e8fb9375718ec35f55,ramping
0x6dcf4797631a999ecc0a366719c934f8dbb8513d,ramping
0xdaaed1bf86c16d043b79536ef44ce8a0ee2a9f67,ramping
0xd128fc4469415957cf1c68b2cb5dcece76026fb0,ramping
0xb85ac8d3b725a7bdb4448f5a96f614212ce43d98,ramping
0x66f47f7cec130efd4925d80047b9896fec113c63,ramping
0x839d1728322aa951b470ed81dec42a4005441d6e,ramping
0x5060f6febb58800c30bed0614ac00e215f29e1b2,ramping
0x02495bbb23ef0573f15c5a45045889d485dd3d31,ramping
0x10cd7c8b557075a1f2a9888ed2fc545bde827061,ramping
0x848bd1b0ec750ddc05a0b4a95ddddf3723ae5cfa,ramping
0x0f85baea3618bcf4b93285410dd9524d69d14a15,ramping
0x7e3ec4e0d301af57776ca649d7a03f1856ca7326,ramping
0x8eb681e0f7b48f7102a9be9f6de1f626dbdaf474,ramping
0x8e1a6f2c51439ef208baf289dc69e288d397ee75,ramping
0x2845df00f2ae0ab56b6acc8cb99158c9935cd642,ramping
0xce964ec06b5924446132ba07136ce90415862a61,ramping
0x8263b52feb94d4cf3900cfe2fb1ae911525b0a78,ramping
0xf9669752fa9d469b4a7b659be1d933f805c80f1b,ramping
0x6c246358b12305da3bf0e28ce1135dad49c39490,ramping
0xb804d3f5b5d9bff3b199ae23e38edbdd2df2d63a,ramping
0x6cfa281f6a5b488a89d0caedad0956d9dfa95039,ramping
0xee90dd71ec01bad2a5a01878165e13458caef677,ramping
0xfffa7e7ec8ae50b3b1f7c065f1acadc2a90691cd,ramping
0xf073c9cc1e8160f4a59e06259c48d64ee3525670,ramping
0x82c880bbfdb774531cecfea1bf404f1fc56b7b88,ramping
0x95af6dde013a3f653ef1230e4b13918a879dc8b3,ramping
0x435a0cd8c9d8c0eb0efc15e2f9c4715201c68331,ramping
0x4283ab7f413df39063380da3fd1d176bd5588a9e,ramping
0x6589f9c110d4ac57e675ee12d72a9a9233dc712e,ramping
0x750f927d7b4c8570f65829b76e7121192b537019,ramping
0x18cf4d2a3e4b5e49de46998fd00b1e40dec992f0,ramping
0x1345881d49af5a8b8ce3c764027ec3827c25f8c3,ramping
0x335857bf0adf316bd50ccceb1fa80f4d4eb811f5,ramping
0xf7c1f18582df72d880e4376069e48f65bc0d15a2,ramping
0xb526a124205b9667976ca4faadd36832b5240160,ramping
0x1d69d0794e23160be61932bcda290d36368243f4,ramping
0x6ce6b12192e5d88307d87dd8c8e618ed2eaf1e91,ramping
0xc00d4d8b828642cb55284f1133d5b3a6da152fe4,ramping
0xfeac0dd6f58add14900191b5311aa536532122c8,ramping
0x8c3f7ccf8a9206ff9e2236b57ab8c749950e1e2b,ramping
0xbfbdc2b49f77a39d69b6d17a6f0e4d85d0bf3c8f,ramping
0xda5996b9955c10e549287a9dfee5c9fb375180b6,ramping
0x5616458c79d9ca291c19af5ef124f748e065605b,ramping
0x6b350f358456e67eaecaf08bbbd437e29cad4628,ramping
0x36d16a03c9f8d02a360ee228dbf7005ae8f9d970,ramping
0xba534fb10eaef10b83337277ce3ac62eb7b4beb2,ramping
0x52130c46571d6ab082b6aee7e6241bc4247b9619,ramping
0x35a5ac57af3bfb6d94cd928e29f6676ab389e15d,ramping
0x3dd6f3b98c9d8e3fb8384da14230555feb31e0a9,ramping
0x8fd7c1290140ba6c3de662f2bcdfd58b38bad8f1,ramping
0x6511502198f12e8def7a2f42f6390f2f41edeb26,ramping
0xce5ef9bcd39e820036cf895f5c30f5543b788853,ramping
0xbdfab8c0897510610bf96fcc8713650338b99fe9,ramping
0x5173a456bf0e206b2da38701d65597c569aede0d,ramping
0x965c9a836d1480974d48883b1141c80101d4a559,ramping
0x890ad8f02148f7fa185b003ba3f33c109830acd5,ramping
0xff4d3662187e01ae0b2ede7c4d68db46885ca3e1,ramping
0x77b85f4ca0c58cd16b506c5bd6f11350b22f1133,ramping
0x0eaa93650558e7ce241e2c7f521babdf727c7314,ramping
0xe14288c732c5585936cdb93629654d874457fe18,ramping
0xb518c394a7240eb72c4e7daf0333bb472c7295a7,ramping
0x2b6ea919295efc5695d7e1d2e2f7c7e5436318bd,ramping
0x98a9db2e9832d28360a85e8f045d9d737b4d818c,ramping
0x1354e7b6315f58532b180c6b15573250dd75f828,ramping
0x524be7716cf98c84ce13732e94737261f8d1599e,ramping
0xd6807c950fbb0a1e0a4b0953d352325019dbc327,ramping
0x33eadc3c33149edfa1919cd14082b9576d6dfffc,ramping
0xa9be7c092cf3d56089b6a746ce9d032a1fe1a6b4,ramping
0xf519d12b529e3b03949a25d4363191084276100c,ramping
0xf006729c3b01fa6397b4408ad98d7fc5b0ae3ab1,ramping
0x824a37dbb35281b3a8093b32daf4187b974a31fd,ramping
0x9ec0e13060cbd2444c273192e93e4c26e9aedc74,ramping
0x22851e8bcab50f68e255ac666c91f2b81adc8826,ramping
0xd6e78cdc31f8141cb55dc7f8a7e6e4de7694c69b,ramping
0x94c8bf31647078c747f4f342fb88a17a9173a790,ramping
0xb314d5f033756117dc91a2ba15f76be288db7b06,ramping
0x3f133404ff1547d1fc5b5f92ddc0638bfb251c9a,ramping
0x751a1150b7c306c20a30701a7e0695e340258fd8,ramping
0xb9cbe7b7a8ee9c565b34c5ffffc2a8e0417707c1,ramping
0xeecd2d30e025b629fbcf4f7b5ae44f7a45d61961,ramping
0x0ee8725af94c8e8ff9e930384bcf4fba38b24756,ramping
0x43c56e636ca92b0df54c67cf1d65d18d9af57f81,ramping
0x32b3d458e81ab0334dacf0ef33c5113ef7a92dd7,ramping
0x7dede6d543c175f0a9435060d73a5ffc6023cb2b,ramping
0x1476d50d61e29ed6521f8aa02078c94a3fecd833,ramping
0x6eb14c42319f6b8deddea3c3e0e2bd5beba4fc9b,ramping
0xc6d3d6606c18a7ce6f5885301ec3b9c022e9b7b6,ramping
0xbb5d5be0d15824aaa6057bf69ba160be498c4a2e,ramping
0x545af48658f8aea8f089152f1f2a5bb76ca1dd11,ramping
0xd7f681214609fa937c0fa4bb68cccb75feb30b08,ramping
0xd4bf7e5b860671148146b8aa34df4b1c60ba7ffc,ramping
0x7676f8c371815e7ca41c1b0192a2f0cba031ae49,ramping
0x90034897dec05cf1e668f29e3b671f6390702d5c,ramping
0x7f8700444ed60330c05bc2fdb5ef8f89d05d8c74,ramping
0x85ffedd89e5d82f3c5cf9cb7ceb6c92ffa3bd7ae,ramping
0x02082015ae41326c98ee335af1ba74831735da2d,ramping
0x6465a1f9c4f3960977b3d54c5cb2ee57c530f77f,ramping
0x63f7c6695a57071d7d377bc90b955a2c1c12d2fa,ramping
0xf682d2caae2d6dd268f25f0ac7a54e6bb44b8ab0,ramping
0x408e4a946e5d2e2e2406ecf81cf081e674fa4ccd,ramping
0x563b9e52f0469b64f005d5b59d217c986d04ea75,ramping
0xce7e451840af0047d14cd71151cfcf0695853203,ramping
0x8317fb84e5c504da66748d25373634ccfb70c369,ramping
0x971084c8bc5c5b82db6510a9443593fcc99dcc8e,ramping
0x62237a28f16b7c24e4e64f418e11d6e7b9339331,ramping
0xe7aee5ff3b5d68afc043b42c5c1a305ced4030fa,ramping
0xe2e34465ba11539fdf16f697540ec8ec2f23598d,ramping
0x387236357bbe3f157bdf967b0ebd444e7764a0e4,ramping
0x659d34c08238b9503c1e345948c229544126ba91,ramping
0xd0b316e63fe3e36a92d78ccb1eb0d7190458101b,ramping
0xe2e494d06f7ccce0f461981980d1308554be4669,ramping
0x3ba1e440e9850d170226ffcdde736b97ba0dd8d6,ramping
0x1e2ece43f2f078db0fc53944d8d57518c1beffe9,ramping
0x06a948b852c5a2fda379cab755786fdc3c920b0c,ramping
0x7eaeba4202822fc3e67b5034057e86d9280b7953,ramping
0x663559c259e3e3dd05edbb7302424ed7d8a0b215,ramping
0xc10abb35bc09ba39fd72baf45b6c998daec3b49b,ramping
0xbea81f9a45270bf376fac678c925ad632f32b303,ramping
0x717523148e2f75ef922b605e0dcbacbbf2c6e90e,ramping
0x47df5661df503491422577cb9bf3c92adeb75b75,ramping
0x8baf859238acfea8cc873ddd0497ba72a2630650,ramping
0x30c086ae654013f51323f7a0bc0fa4f056842486,ramping
0xb5be08013728de23c0f9fd02b083988738e1427e,ramping
0x922c4b6cb47da9f499d75cb33371e78f1e45f6c0,ramping
0xf63257355eef9376b7dd2e1b5759661f0645bf31,ramping
0x4037b2f4ca8dcbdc64f6f9d9575c9a13716e7be0,ramping
0x318488352f1fd8e4baf0e4a87b71b7f111f0ac3d,ramping
0x4c02f35e5a7baaf3a017c76dcee66c8fe4420515,ramping
0x5d26c34b452179b16c9288108d46f42140f4ee87,ramping
0xe3195f6a4c84084dc49ace0b1d48991ae841be19,ramping
0xdbb8492a061d1cc9d41b73cd605fe7d42fe5c4d0,ramping
0x0cabe8c1ed316d035e29d18a2e5a788c6f4901a5,ramping
0x400086da0eceaf33ee2272671f5f443f24e157dd,ramping
0xd2eae5314fc3411035aaf1393f2765dbc04ccfe1,ramping
0x16bec9c6335d6642643f8e10e941a1f5bf38c086,ramping
0xcebd2282262918ba7036abd89e36e09d86f53495,ramping
0x35b2a22bcd82684eab074c309ebebf5ee4b0908d,ramping
0x692944c5e6dd7e6e04dc49a0ce732f73d408f805,ramping
0x7417ff5d7132b01c936e354b0a5217f95fb1e533,ramping
0x0a59766010c2185fb70313d7640adb8fbe7ac0c1,ramping
0xe9acbe53ad0477654e9a3e1197ceac63c3d7a045,ramping
0xe5d5e7f2c3b05914833311f2855f15c6d810115e,ramping
0xac121f31ffcb023cae7fb86487f1678847850fa8,ramping
0xcc05296ed306452b4f43f293d9657d1edc55c26f,ramping
0x4bdf8d80ccffca8d14554a8e6682db06652e00c1,ramping
0x4ccfb5ee44e2c132cd149172e758d366b9cc3b97,ramping
0x42b13dded66f39ea6bb8f7b740efaf8e2a7d6058,ramping
0x7e8b87bac69bbe9bb555fa053311b6274f15527b,ramping
0x1e9bc3a7a5e2e3c5735c87fc86e03e01c851e639,ramping
0x8d445a90c2c71d6580074ae4c6275c0a7a5cd85b,ramping
0x69dcd55baf399f9c73d05bb40cce30938eb63fd4,ramping
0xafb9cf004ce4dd08673393620bc649a4a094ec73,ramping
0x171b7a2ba2873f1f87097896be6b53877d796a51,ramping
0x866f1bfd3f977b38f658d4a325371a8ed09c029d,ramping
0xba97786e1a986709acfce79405ac720b54e00eac,ramping
0x9c9861ee8aaf056f69276c9aca1ca5591b2c719f,ramping
0x50edec8a368322f24b4ef1360ca0b6cc30c282da,ramping
0xeb92f090570b4638998c82f9d3d6ab8d2f6d7e47,ramping
0x226d819f736a34b8f137b190ea951d7d8cb9e64a,ramping
0xb0ad077af5209981e4665068852349e8ce3dbf5b,ramping
0x32160db049fb650b83f0c49598f816e012143eef,ramping
0xd6d404ad631587a920badd9add78e54fb6fd589a,ramping
0x86d77f7fd6fa0febb78d4a84cb61397999644979,ramping
0xd36434cb4cf31f897017666350e0ddefafccf0c4,ramping
0xfa135730cc15e27d814fb33bc8f4a33d47df4bf6,ramping
0xcb3f72c38df5520274112d63761e286a90482ced,ramping
0xc6d43a066825ba75b8ab3e57395e960f60beb6e1,ramping
0x8bd3f86711db2d9bf1a72c5cead931db8c0ac37f,ramping
0xa095fabc6300495c2f2541582078d4b999c758ee,ramping
0x77d5a8374293a65616707dc74880008089ea7a47,ramping
0xcb76b840fd3b091f607685870402f2c09f755a59,ramping
0x49913539189e9745b5ae69c79ba271f1403a88e0,ramping
0xea32ea5aa6b69ebb6ee41f41a106e06c90f1c5c0,ramping
0xed8fe0c57fb931cc53ab91da525d0d52ec7ca6cd,ramping
0xad879d5bbb89ab1af91930acf9322bc63e048985,ramping
0x938f0c2e2f33a896768588ae2d9a98f2cd8581cc,ramping
0x8b75fe5a903d2c478a0cf468b53cc1e1c4e1d82a,ramping
0xd4f2b790cd376ff8a1b503d113ef3d729809691d,ramping
0x2e0684930459a139a3235f9c8f7f46d30576a1ee,ramping
0x177a08ba0872221d726f694bed61b5971b4813bd,ramping
0xdff69140b2aa17a82ec6bb23f57ce803dd0a572c,ramping
0xb21ec1852a196c0e9a290ceb5a4a4b7928a7a09b,ramping
0xa15f3ca1ab33e05acb471fb1877bf50b01d11118,ramping
0xc80adb58e31ba4a6de1d18e3f60c2c0f3db40024,ramping
0x14b67e0dbedf49cb786df1544d7903110a0e7bb0,ramping
0x7c4972dd3727843f059b99ec6d3c189c8edcf873,ramping
0x52f78a651518202bd560f6d53ebec397afdab609,ramping
0x0fd553512b9d5e7611597256e35da521b23e0b74,ramping
0xca5f5aae8f2cab42cd40d5c8c6a997238fc29736,ramping
0xc3f0c812921be99671cf4474dfa3e999b2e6ce9d,ramping
0xad718f4eb424bf8af7aae7687e4298b4f08e791d,ramping
0x5b29d58ba9437f78910e38f27f5a341beaf66010,ramping
0x7d1740ec969345aff560d2a72625be8cc0e682a3,ramping
0xdbb0f948c08fdcf7fbdc56ff185d5aac825ff8d5,ramping
0x74fa5fd52c66c9a1cbc98694eb38fdc3fa871901,ramping
0x50338fd86ebd431181398d72d20796fb74197c15,ramping
0xedb50cc00273166073f97906190572d356edb5f5,ramping
0xc0275a729a8cc87b2e7c8b50763542ffe3feb37d,ramping
0x765140449f90c6893058139d4ad503705aae6ee2,ramping
0x6b5375c29bb874bb778f6f422df2e5451ecf2789,ramping
0xa6a911413dbcea6bc5578f0c2ff114a861ada1f8,ramping
0x78109e004e419ab24b2ee82d842f99e934d330cb,ramping
0x1b1c355665bc6540db848e1fdd1f4a0b079ace5d,ramping
0xfe1259eb62717ecbdf10f18b0d12b4fddabf41e4,ramping
0x5394036333c280527f42a61923cbf896a42ef305,ramping
0xcbe145b04574a1360a9fcafe762339c3bd7cf7fd,ramping
0xad735772c17bfb43728a6481e11854aef5354e66,ramping
0x205dfca318de8c62fc36520037c0d276849248e0,ramping
0x34c3e65894133d59b37509dfa43341ed28cb38fc,ramping
0x8677e07e8d00768a180f614592281c05c8af5406,ramping
0x1a07a3099fc0594a957e50f5f9d3e88e12462c8e,ramping
0xef2146b0294571d6f324a9e5ab05c04d85b0aaba,ramping
0x85638d2f3033b74a6f59d84179cfd449e506a7f4,ramping
0x4a38575fab42bb35f1852f643418d61468282f48,ramping
0x699d711fe030c2251b76ee822ad25aea649182de,ramping
0xd5e42cc4f50ee45989dc67b51f3659afdfa13393,ramping
0x2a92769e137a33ac1366da9e7cd3cd497187dbdd,ramping
0x6d7b8bfaf253880c878fec41701ac5eeac940497,ramping
0x4e934ccb862bc8815537a18edd700fd1bca73ffa,ramping
0x447ce9e22ab7043f410a422857d7eb74a5a074d3,ramping
0x7c440a34d550d0bbc0c4ae95332f22029f2297d1,ramping
0xc52b992febe1f357b37aacb8c15baa4ac100477b,ramping
0x050d873bf1e5e292ced0513a0a80099de2451ced,ramping
0x8e51fd00145a8a192f0cb8ca63957bebab2f32fe,ramping
0xad401c9e5586913c820e27fa7e5a5bd65c4a09bc,ramping
0xfbc33955572f07f4bc71603726a72c18ded0d402,ramping
0x88bdcda4832a33f4a71dfdf4e9ff54ff4de4c3a2,ramping
0x17ba2ff0fc0fe4bbcbf0370917a90c2a7f34ba32,ramping
0xd726361e83074e6f4715fb2cb2631b3c7d9e3da3,ramping
0x36b807b4a7ca6579718615283aa11ac3e56e618d,ramping
0x7172211dcec466ec7f07b9a3e434bd17d9a8fabf,ramping
0x283ef26baea5f216f472b75cb4dcfe177ab36214,ramping
0x4b16fa7f292b08a8db62c0167260bf5878e7c000,ramping
0xdecee746cfab87215a91e64594656a3106fe67fd,ramping
0x7796c0d53afa155ad71a5caba836b1b720dd0c6d,ramping
0x87376df36ada2539f6cacf929f35a83a75d6ad82,ramping
0xe28b33b624e4a2131c4e6e0949bc839fef2d55fa,ramping
0x38805509ff37e65b407f6f252323f0f06b99a4c4,ramping
0xea40f2cf045b02a8df43bf1990d4f1790abfdba8,ramping
0x5655efb327cb16d4ddac1ed36d56867583111764,ramping
0xa7fbc2268d73f1f9317bb6bf5a26659e37d62b98,ramping
0x2bfc961fcd593b33893d1a50b426a136b9e7d836,ramping
0x4c74807c38ce85f516d9c7603bd13211dc4f2273,ramping
0xd3efefb71d19bf0484f2182df0cd6e5c3acf98fb,ramping
0x14102e137c44a9a666745cd05ef32f1ea4be070d,ramping
0x73cc5e00ad847d4d7305afc3088233cd667c0d77,ramping
0x7223c429495da9612ba4ec784540ecb7761019c6,ramping
0x3e7a66430101fb177dea922c7468652d1694d42c,ramping
0x664695754f871dd6bcda45141283119e7a8d15fc,ramping
0xbe71c9108fed9fd41416ab51581565828a42c5f2,ramping
0xa2ef3544bfecbc28370579d7917b1f15546a6dd8,ramping
0x411e7cd1be6eee4b18fe3e55ef0b59ebdd1f145f,ramping
0xa36d4aa6c905a8ea5284fb1e8cb142a6b6170d56,ramping
0x34cf07c44cb2d0f56ea3ed266b4c54c90db75e12,ramping
0x69877a5f39c9ce235ec24cd4ab6f57bdd56b43bc,ramping
0x7a44c3f5122d2c3ed9ef74643b5ed6cd2c96f0bb,ramping
0x12763403d1ffa3136dcfa4e99c8ee83a9e79e9cf,ramping
0x2233886ec55f2b4111588793dae9eb2e4ac0c826,ramping
0x1b23ab76eeeab18e89dbfee5323475a6c024996a,ramping
0xcd52af2d5c80b2c6dde53799bcda81b5f902ce66,ramping
0xba2fe3a5aa0c6bf3f54bdc556eade9dfb9406b5e,ramping
0xd704239f5d646c702b30e60944182f9b619f9b13,ramping
0x46b19522fd0f240fce95892ab69b40cb871c4d9f,ramping
0x2a00ec9f8a110a30c39f45d9cb589963ae32e51a,ramping
0xe771147ef70fe821edad685f6557e3a64eaf97ac,ramping
0x000000000000000000000000000000000ce106a5,ramping
0xea2a6ec1b2d45468c7f48c0459c7341974d57dfd,ramping
0x4acbd3da2579fc80e2fa59c6ddfa09e87d61bbad,ramping
0x903496acd038a104fa39722aa0669a8d09667436,ramping
0x2a854bb413faf47d54c4091e8bc8f38513e81d76,ramping
0xf9c23d5977963a8c9eb83e0b85900a25bbbfc0e0,ramping
0xe85e82d8379cde47cd9c69261b7e98b4eb18c7d4,ramping
0xcc120a81d83dab12be66bb1027c2bfe544b099da,ramping
0x564900a28a6308ba6dc0d9b5ac05380ec748df37,ramping
0x43df108fe421b7aebe0b2903d8b8cad404e7c9d6,ramping
0xefcfea5c1250d554d3cea253590120eb9bb75ad8,ramping
0xa9710850fef2309599c8bf62aee358845c977a5d,ramping
0xba6cf964d17bf92264f09d8a17c01240e1794e87,ramping
0x7b0e713a8504b2884e5a4fb99851d167811683ce,ramping
0xcd5902757a39e2d68198b7bdde96a87f2d0d3be0,ramping
0x53d190415e174ce29b0de9ed1990e7ada29d2ea9,ramping
0x819492b208d227e133edcd50dbed8a9e74064f8c,ramping
0x69eb4645b83bc0e0efd512fb801767d0e421fa12,ramping
0x98fc4e8a358812f06a979dc2b6cc9260885db1ca,ramping
0x6f998c4c7806be0a46fe4393a4d6ecfec8f9c4b1,ramping
0x168869cc5db49df5f467c2e02bd47f6bb3e37f36,ramping
0x62051f49ef918641c874e58b5f375c611d3a49cf,ramping
0xcde41446c9253c6f05c5b060e8670d8f39848add,ramping
0xa44a140073922d081857f578653fa04dd12c6d06,ramping
0xa03638feb027ff443566c3d19eeb6a49f2825c2d,ramping
0x7df4e412787c787e54b501470aef506bc6b5b800,ramping
0x7d2eeaad8797b74c61209642fbe8ebb7b470bfd7,ramping
0xa1bda28956b742be1c1cd0334c71893bc7216087,ramping
0x67dee5122209d28c67a6b6fbd8dbd071b45782ce,ramping
0x466532697ebf3be89e7cd134300ecc6e7794ae77,ramping
0x0dc87ffdbdb299e27d60aaae19aff6675fc5cc11,ramping
0x46101310cc3c9a1f353d9e6f7563676008e5a820,ramping
0xdb83e1f4fb8b6f2c018001f28b3c50d2c52f13e1,ramping
0x7a340b445497b53ffa94a2911b2a47ad48974ddb,ramping
0x3160675e8d2095ec865a80b4f76d9d24288fb1b7,ramping
0xd9d4e864af1adf89dd6f0ed1c1e37cca698909f0,ramping
0xc2453741e87178cbda99572bf1264b9feaacda3c,ramping
0xf9e407271434b65973d7c6fda4bc5a70c0f788a2,ramping
0xc9615fb91e18ffddb0153ba7eea14548f829b9c8,ramping
0x171f10df20dc6369e7508fc316b322a629788f5b,ramping
0x2aaf373fdd594eab8a3b1ae13392cfc2beeaafb0,ramping
0x7539df4bdc86f95b71d1a86e2c88448488c0563a,ramping
0x67a55e4ae543eb5ba7d9cd1395a39feb6333dea3,ramping
0xe529528d0f51f333f50118ce0ca6fb5e3076c5f3,ramping
0xbd28b4f46139e6434e91e828aac216ddd20d611a,ramping
0x3f18b393901451eaff46de043ff192662a445864,ramping
0xac0637455b8a19c279fe1361944207ae7889697c,ramping
0xb4613a5bf1e13f0a7a20cccc44e3635ee27c08eb,ramping
0x076b7d7d001f527e955eec79627e9af649db267f,ramping
0x87ace006c3a46924d546fdfd46a0bc452170e426,ramping
0x180ed49b777289a3597cab6b455c687a81d17372,ramping
0x640cee8ac9dd18cdac7f1004c5c10f3dea8711ab,ramping
0x18dbd4163ae2607dca5ad187e7dd546a1690dc80,ramping
0x065d744f8fb8d2298537799acb3f12b92166306a,ramping
0x71d4a319e985a40f0759975ed0d3b68a97aec9de,ramping
0x365d339da4726490b3c7c766d5cf6312ed507728,ramping
0x92f8f873c2ee2b61f62d0fab041433b4e9cf55bb,ramping
0xaf5666430fc75fff995026cbbf1a7f15465b8230,ramping
0xb2420c3ca9595c87d6392494ff6d137bc1b76a5c,ramping
0x7344052f6abd19c8b335f3ae6871792bd14c5d32,ramping
0xe6ba3aa0545b9442542a053480ad1a311b03af65,ramping
0x582b77b69fef6e9c85fd694858e250c26b8ce665,ramping
0x23e87fcfef40b13f398e1ef325284cffd5923a10,ramping
0x1a810e0b6c2dd5629afa2f0c898b9512c6f78846,ramping
0xf71054bf4ed62c3f76d0443bf76e76cb4ca88181,ramping
0xe75e5cee3b5f95ddaa2af7b3a92e7d637b96cab1,ramping
0xdd64a639a99e6bee6b44710e71e197dd108334eb,ramping
0x232d7776a62ced02ac50046a7624eae7fc596253,ramping
0x95263e074eca92934f8bf1829efcb4a3ffe06d22,ramping
0x314f9d2ed5d4eeaee58aa0017528e2c168ff6e0a,ramping
0x9a1f8feeb90ac13e13eec10b09da18b442b800f4,ramping
0xe35e80b55a4f3d76762731faa3bedb85b8fe02c9,ramping
0xe62985d238195c8ae0e0a0e23e5402561a4c267c,ramping
0xa45c31c7545e1075671cbf23dd71e4b67b8f11ee,ramping
0xf5b8b61b97398e711a914ce652dc5fa474ae9594,ramping
0x5319c808dac89f52f46a3232c9f0be1ff62e0ae0,ramping
0x981b475a9b56a6f937e1402bde25c6c2ef979ea3,ramping
0x9d6de07f19fe269b9bd786345a3e9ae8a0b751b5,ramping
0x98651836a94992861bce4a934bbb5a4a0c9202ee,ramping
0xa3c194584930d6c3670650aef84e53b0a7c262cb,ramping
0xe82699a80701cff10a28f99f53bf5d4c7d9773d0,ramping
0xa907c66c2f164e605b61e14fef501d0226ee9764,ramping
0x94d80c1dd21484a51be72e50056b86692a299e6c,ramping
0xfba6c6adf44572f99fd8a68478f485aa568c583d,ramping
0x14e0a705a4258029f4d13c36d39acbe5d010ec7c,ramping
0x77a65182f6c50da3e110a6aea8b72900dfcf06fc,ramping
0x48f372d1ec1093a87880c17dced0b65ae73fac71,ramping
0xf28efcf29c275427b92e9decec51823fb3db7ab1,ramping
0x100b1771473089cdecef48c74ced9fb4f8ef026e,ramping
0x38cfd96f8799b7315096a886506a9d41d5d984c2,ramping
0xa999f3818d923da23d718c2e402b6e2f9a679621,ramping
0xd767eabfeb90c582440fc4662045ebe22066f502,ramping
0x80058cb0efa5fb65a8a08f01d1c4b9ab54c7b0bd,ramping
0x8cd19b04906b07bc691745221d65a24dac97419b,ramping
0xb70714de6668a225d267db579e0db5686648d353,ramping
0xdce7a806f2e4d062b662547ffec63089f623dfca,ramping
0x726c41f64019fccbf4d3cf8289ef7589335ebd2f,ramping
0x3afe8d6da529812273ab4b2b614e266f3c5111ca,ramping
0x708c81f5668750faa85f0026fd7650de39a62624,ramping
0xe6c6e9c52991401b45cb2a9699e5d1ea36224fde,ramping
0xe10734af96accbe1cc55e26a3dda2ccd0c0cf2e7,ramping
0x22e62d300f74a3b7c5993bfb81d74237f809c49c,ramping
0xb9499787cf7769ce5953157d8e77c1fe59d6f77f,ramping
0x9f165b00824b9131b25f1f2fcee470cd9ac1763d,ramping
0xcfd642fff94556412bfd3f27ad3feb0df0ebef3e,ramping
0x6fc85b536113a183933752e7c361607b5b6609d3,ramping
0x93eeb526d54603a8c4d3a336f5c86e53995aac90,ramping
0x17f70fdb4ab82786ab8a85d22865bce70e553a69,ramping
0x8f35fe5ec76977d8206f8d53411d93adeacbb74e,ramping
0x13f6d2c59368473f828a98de614339224e2ebc29,ramping
0x1ab8209a6f28b482a3b46754313a8ce42c12f2a6,ramping
0x44e2316569d4bdca13d850b166bbf4d8c2d572b5,ramping
0x522569c6dfbeb2f3a2c2a44ac6f356f6b5ffdd78,ramping
0x6d0f34b78da95ec789880f94615ffcb2268141c7,ramping
0x43aefc1f5e45f64811acfdf79f5ecec13be746f6,ramping
0xa9fd6c0297d53a1ac060b56e39edf645819c5e14,ramping
0x8440c505c0a3c619d389159622b5a6b98c110687,ramping
0xf2caef49efc694f5b08f9136ecd1043c605c2acc,ramping
0x372bd91ce36bd68f3be92e419b389b4ddb3dea36,ramping
0x49dcba2cb119f39dc0615f7b2a17da1937f1e037,ramping
0x467d4e893d37f2b4bf347aef4e1f7c72f0e45525,ramping
0x479df74dd5d990a84bf200d09a85aeae4289254d,ramping
0x859c4e26453fa174d913324a9550784370e31d1d,ramping
0xcf2888157e35d8595cba5abd7970f94a43f0d2d2,ramping
0x7306ae83d64dc8864f3404aba086d0d07b26f3bb,ramping
0x6b16dbdd65a7c6df71814740753d0cdde38dd8c7,ramping
0xa4ac00e98c55b29bae9fafe99a7f51beaf165011,ramping
0x97a7fbf238e98ea3268e2437ee5b0da662beb67c,ramping
0xa322ca8e0b0333f5f8038454194671995d2d7f4f,ramping
0xea5b6317bb0fa8a089e71176f24eab7942072819,ramping
0x2151bae8b8962aed3bee2897c13c32609a4ec540,ramping
0x87b9aec2c6e217bb9ce36bcfa7db92b8a2cd77d4,ramping
0x77ba491b1417ee5b708abb783028ac285910d604,ramping
0x27e4b3455c324492c5ff0f3ca6b7dc0d23972220,ramping
0xf2f8853005a9c2527b8ea7ed6a42e8a668fb9748,ramping
0x3d6b7862a88adfbb904d2c24c8559e1beb3aafc7,ramping
0x8d0cad21f4e935df3d614bd0c93fb8e31e5e00a2,ramping
0xf12b6dcde1ebd8b6a16a7bdb1b2666701f33b303,ramping
0xf45c98f9992b2da1497871cffc9e3d85bed92d32,ramping
0xbf262b218e1e8f38705bc2f15e6a8f4a0fa27f79,ramping
0xc9047bacb9f62588bae53bd8c16d082b0d3215d8,ramping
0xe26b073f7d498a2a3d822ef309b7fd10739a69b3,ramping
0xc19943b4000d448b85cda98feb287dcabcbc1b3b,ramping
0x461a56616b9076d871fabba8d50aa34a21a518b2,ramping
0x9e97c6e0ab2efd9e2cf8c824d76f1792aebd5c15,ramping
0xd991dde8592687d2a327a05995acb620adc31b9e,ramping
0x844c0ffe59a04eced33f4078a57d92049ec6034f,ramping
0x8d07729f8486c6a266b6942b7cfb13092e75efa9,ramping
0x6b2a4353d4ef74b8fc75202761e0000eb3a30023,ramping
0xd42ce9a67c819f8b9fc8b350170c4845ce5c41ab,ramping
0x656db8c159a64ae82da229014b5f6e5dacd66e0e,ramping
0xad188d0d76aed888db892f71c506f8d5c6569945,ramping
0xdd94b86056ae0db5fc3d1543d4626862b5ada551,ramping
0x7b030c95e435fd7e7056911b9659781c895221d7,ramping
0x86ecee351e2b48635f74f39229d6c0e35397afbd,ramping
0x1194d844f5c5a9adc488835e1f506dafbb579341,ramping
0x538ba2271cce14935b024d3d7b45c166409378f6,ramping
0x6480e19289e28e85c2eb2c952b3c9d22f7083012,ramping
0x94e6a0ad54e77a1000b3dcece633e6391ac33739,ramping
0xef2b33b1aa7c642fb17484bfb0caf35be9456c69,ramping
0xac65869f180e613c53a98434a98d7ad43006aaf7,ramping
0x5564865daa145b28c81aca6c72833f790259fe3e,ramping
0x4830ad8a4c2364f96207f91bec827c59b5108017,ramping
0x8c66a6f9078a4121f0a61e7d0578565ba3579db7,ramping
0x308300e10f500f1d486b27d325fa3d4dc3289a42,ramping
0x09d408f41d00c0bebd64ae17b7b7ec1c90545292,ramping
0x3a643fd0004598fc1f58d182ea32b7a16f9b2f45,ramping
0xb2692e69a5a3e1c3a64f8e06f0b4570160350071,ramping
0x6173ce12f83106e9b74cb2268b3f0c9c7c2f5036,ramping
0x0e31f1d24de07bf8bf74f4fad65d3fae817b5ca0,ramping
0x72d60e607a81439e7dfd70194d4cb98ca492419e,ramping
0xc423f56f9e7113f11da2895655495c8bdba7d3cd,ramping
0xe27b7c29e4eac6568eab4e575d4202ab3ae347d7,ramping
0x7c8f8a771340a21f5379bc55699cea313ce2e903,ramping
0x5e6727cfb2f6b31e2687830bbb1ffc113d5466c2,ramping
0xe122540b4feb2496036074cc5dac138463648ef5,ramping
0x713ffd668bc141473d18ab64c9dc1798034f1d41,ramping
0x32eb0ba2d38d6378411ffa274d01624d2ae96681,ramping
0xf677f22892e3481792b83f0b2cb5679b5fcc93cf,ramping
0x6ec2d3e50aa1669d402e2be903f1db97b7091e96,ramping
0x73773fb9033565df077702f86c6619cf76bad28b,ramping
0x75940e7baa4372136dd7f66b27fca9bea3792488,ramping
0x5df23e2b5d8f649a2a1b8d2ba3dde8c9663a0218,ramping
0x092534eeff1062fec2f2cf250daaecd899edd574,ramping
0xf9b27bb25649bbdb0dd9be6acf236fce3fb727c5,ramping
0x3153060c9a2cc25045353f559e1b659b5726c91f,ramping
0xe9cf0fecd9b62ace04c3d20e6b505899e5999fe3,ramping
0x3139da8e713625ed00b04a36a55698cb229ab542,ramping
0xd9ce51c5e19178319d9372c0e0b39c3a402a284b,ramping
0x29493d02b444d8df54e88f4d8f73e5068c74e7e8,ramping
0x9be35c459d3e101f48c588e69bc4df0f45b8e5a6,ramping
0xcadb42ee4d19939348793ec62d8982f3e5744efc,ramping
0xef9bb62d0e48713c8196a1a848ecfd456fa3dd96,ramping
0x0fa291753eaffd865c590f621a9b80c2c92e8d22,ramping
0x24a6b09328e63880ce117dc3dd9878e52a94596a,ramping
0x29791ca4006ff1608985a4bdc5b03dc5d5928288,ramping
0x377593201da22e186a05f6bcf2a733119a667e7d,ramping
0x14f648f7ef64a91648a417196e0d383ce57c010c,ramping
0xcd0627ee8977552e51b2888c4412855d2d01a4c2,ramping
0xaf7221337e825a4fb0d6e80c04aa34b6210a4305,ramping
0x96790e6178f3451c36deeef3470e5ce8e83d7306,ramping
0x829e782a4d865b64226a694a8f8c571f6d352ac0,ramping
0xa43e93504dd6360cb67d397e41dae7a316e94d7b,ramping
0xaddb115f931533693002fcb9e6798ea9758729d7,ramping
0xba4201c29df3401e3966fa7d339080af27a029b1,ramping
0xd43fa6b3583f7a493cb4d773f0308d8f5ed49b88,ramping
0xb9cccfaf431c1e708a424553a2b040c4fd5bede0,ramping
0xf2b3d30a4fb04497a2204cfd520c5b59462400b6,ramping
0x7effc62fd2c641afa6c9be41c51b91e3cc10cffa,ramping
0x4f0c40f6361cce01fe936435e0014f2ca88c2b6f,ramping
0x4b9b7e4629776bcb52a39aee61fc71cc8a5dd0fd,ramping
0x38c056b60b65007f0972f9b66b61f27ca6a29177,ramping
0xe3f1a9e67bc11e01c2b227c104a95f84c354b45e,ramping
0xd852271e819bbc4f3cba7caf2183a8c3aa283b0a,ramping
0xf00806a6c7d8efdd807eb7a2eb95a863739cd1d2,ramping
0x201d279f68b4f0913d040d6c2af9cebfd4536cb8,ramping
0xac31d78435530f9d59203d7b23f0053eabc6ef06,ramping
0x7b8b698c2c62640a43dd187777daf8c82f03a424,ramping
0xc58259687ff002e40cf4ee289a56df1427485bed,ramping
0x99371b502ba2d03d9c8783070e2d43c5101b3fd1,ramping
0xe87e978f19a4d0f013d6b4ec197d9b3dfb5c4837,ramping
0x86fd14b29a4c0111f4eb2bcf5081292c49c62604,ramping
0x70cf74e42a5d87045882cd5dcb179ef0c50a4ab3,ramping
0x61be07dc690d7d71734d7077f59b302373c73a69,ramping
0x1db113babd4e4d431c84430808b01f07188ac2d7,ramping
0x3eada57237d22df6a0560d876ec262b81db97b8e,ramping
0x21dd16cf9def6663ddf46d9ca6dd3d0f5e605fc8,ramping
0x34752e47a32e670964b4104d1c9b879c2af5eb08,ramping
0x65f05c3c3129b254c9126a51345d73a38b3f13b4,ramping
0xed8c69f1cbe2d591d3c9523db4d4964d0283687a,ramping
0xe50baeb3d2b230be77802d11d21bd4a509f5346a,ramping
0x040130f7a6b2b258781f4a3ffac5f796a3bca4ba,ramping
0x53c6015e337a52f6d8423d904259c2e9f238bcf6,ramping
0x404f9b34996495a4b94448ad371806f38827aaf3,ramping
0x0f88e224414c85e9d3b042a27d55e2ebd0907768,ramping
0xce605b5557b7a894e61576d62d840f66f09acb10,ramping
0xb121ff6873021d5376d3768cca44164b8c72fe8d,ramping
0xb9c2dfb204ba01d140e2912ccc33cbaaf7e52eb5,ramping
0x1b0a1595f12cade3d1d1bc8868c43f0a2e2a03e9,ramping
0x940aaf3def82b2461dc645110c1a90f2be6af821,ramping
0x212f482f7f166fb47d127eb57fc70854722563fb,ramping
0x11d6e42b5f73d249375b9c64523314cea49eb9e9,ramping
0x0b834e34151d67e7608e01a4bc7c265f8203cfd9,ramping
0xe5fda39bdfb7231dedebed15af93d5e947bc95c8,ramping
0x5e15a431844ea9a3c2169cb84fb7fdec4f999897,ramping
0xe840731dfe43ae437d556bdbffd7f272838bc8eb,ramping
0x1215b97971179a9c0a7b942bad000c7a5c474caf,ramping
0xe73a3ad0fd99b1a7080a772d6026fcad3fa8062a,ramping
0x85e2ab12a868a367f8f4624b29cd28c4232408b0,ramping
0x6e432c66150c43883b86947b67e3da4f76e69278,ramping
0x6b4cede391d9e7e633340074cfd56f5bc492c61a,ramping
0x41f01460512cf4fdf0454ac1fa92d3b372934dc8,ramping
0xa18871a477b0af9d67945bbf78a256110e6edeff,ramping
0x874650a8f6b180eef034df92b448789076dff233,ramping
0x9bf36865f9afccd15ae68c03fba212968098c786,ramping
0x09c0f6a116440e8e9ae336b842d6e817e90dbce9,ramping
0xf4178bc43934043471a25761075926783da86045,ramping
0x8d79eda2eb304bc2ed6f8b18d794b4ee458fa239,ramping
0x5821d4734b560e03f0c99dce26c6ba3d04918331,ramping
0xd37cfd1197e6894400b458aed8b1c388a9b8b9f3,ramping
0x185c9d187d5f551f122d8c7d2c61f2efca876d4e,ramping
0xc858cb90249219de24d9da5d421d243ebf92a0b4,ramping
0x88e8ad48e99812ec670bd8ad6475b3ff41e628cc,ramping
0x2c293eb33982f4890e54d3cc236e5a5bb84f7804,ramping
0x2254645e2b04800108a9c9c9023edbcbd0650a6b,ramping
0xddc3463ff6b1a7be44ea26e777367397cfe4b44a,ramping
0xdd42d42ec7925f016569bcb901e86d5d75bd20e7,ramping
0xbe8f0574970723581b2d1b59ee58ea71c428021e,ramping
0xea85436de63a90111d598c6300e9a58521585ade,ramping
0x3dc65ad1a1cebf6dd2d50fdccffc5fc6769f5b4a,ramping
0xbd59593c72a5c736b8908f61f7e3828620f1590d,ramping
0xc179ae4384dba747b7ec72aee6dd4a44d542c9b5,ramping
0x03871637f1ca055c83f8c8fcffd269b6f9a3ae0a,ramping
0x76a678b5994ad3512ea40f4dc2e22c73b7f1b874,ramping
0x41caf8da8a288451f3cee1f23ad10fdea470eae8,ramping
0xc3e40e30db8651626b89c04cff2f7bdb00541d07,ramping
0xedd9874308bd987dec5e688c68b6593670fe8e33,ramping
0x8011b93eda4893612afc7c29f62638ba134cf8a3,ramping
0x5a0ebdbc9062a0e6f615608622dcb75b3dff5bd8,ramping
0xcb205d7ca9840393f43941ddeac6a7bf8ded4c5a,ramping
0x2d2714ebf7b46a260470d6ec44a9b621d9857cbf,ramping
0x2d95c1d35f25ee50327a6f41bfe20a3e0d014c10,ramping
0xefee1496654d8982becddb9b6c04691540404895,ramping
0x0652116f2cfff21ae4c2da2c110c59010feb1527,ramping
0xf258c04525fd439996a8bf38c02e0f08474c0654,ramping
0x3667f37a5e5e28e61e7df745de156bcdbb67b8c2,ramping
0x38c18803f2dc09d04f582e91c9e3969ad20a8fab,ramping
0x05497569bc7092b3f28c019adeeedf32df814629,ramping
0xdc4349179e42d057278b1c4490939d9bf337658a,ramping
0xade42814ae1152ea0bf2c3710bd0cfe25c1bfa11,ramping
0x63d043998708be2998dbc38f75042c95013a89a1,ramping
0x9b8d5264c20a3f390a141d4bd13fcc1c94a31a1e,ramping
0xae562fd39119843f0da888d9ee4d1bbb7fa7d824,ramping
0x5f9200e3130e3664b2f250e2710e6da2b8900cc3,ramping
0xeb751a1cd43fb34bef12da5808b326c3a1dbb14a,ramping
0xb026579d241b4581be3ba1c8fe933d0d5a8f7e84,ramping
0xb15d0d42742a823e04f2b538ffcb330aa46eabc4,ramping
0x640ca0fd7187af7c1915966c908f9c2125e01728,ramping
0x0ec36fa582bb9e3c1c7dad8c206492f32502aa88,ramping
0xf928b14a9a7428f8dd4229566e09ccab4a501c1d,ramping
0xf68fb230c9067fd36c257367495eaecb4ed77ca6,ramping
0xded50994d3ad9ee6dc7c5160f71dfa61982748c1,ramping
0x72a815783fcf75d300c5829f658d139321e0bfd6,ramping
0x7490e47d0fcaf0ad3877e5066623f9304db6b1b3,ramping
0x7be89503099569f57e3ffab42a90657914cf2410,ramping
0x3a1607e34d1d6b01f0fe2feedff58e1145006afc,ramping
0x0907cbc0c89d6bc8bfa35393605263176f95fa46,ramping
0x1ce2c27f4fbd7ffe01ab732335457b9824a6e5b9,ramping
0xef67989d5227721b44ab30067210d69fc6261813,ramping
0x8eedaf78ceb838610cf6990cfcd90445bf316b36,ramping
0x00b8aed401cdaf6acc79c01bc13a375517ba6120,ramping
0x3fea90b18d937698be0a9c903704f93c50e1e350,ramping
0x852ff5f0ba0459f7e1c59dd5e590a9dff560a11f,ramping
0x0c58a4d98a6c03918fde87d40c404c78cdbd3d2f,ramping
0x9372228612a78049f8074813c0c1648980bbff7b,ramping
0x58b3f2960d887d218f227ee03ed692f098d17dd2,ramping
0xcf0cfbbb59728cb0b3fae2c51ede5abc7bb317a3,ramping
0x5a3338f6781cdd26e4eb7b7c0f7c869910af68e5,ramping
0xe23edd92e4aff0e5febd5bffb78b57207b8820e1,ramping
0xcf51d193e690afa427590af1d1daa4e887837fbc,ramping
0x36eb7eff30360ebab6d5a6c4ab97b6e9679d4fd5,ramping
0xd7d6fdba4ca82e93f04b34f7a40c55ca27108658,ramping
0xda922c9d913c098c84a9c94df8618d027585e879,ramping
0x78ad4dd3a5f77ae44bc7a8d0687763c9bf2a7bcf,ramping
0x2cfdb9579f1fe20c0f66b594f369ef27d9dec156,ramping
0x8865a03771973fcab918038933f06f1bd17cc66c,ramping
0x1e4e0d9825584faac9eaceba36ebbf4e3e974e79,ramping
0x5c2026d64c4b9dc0c2e29a29c714d29c349d6293,ramping
0x002b17bf23decce15da32b4e7f8283d821ae211f,ramping
0x789455a85c1d24af09fe8e8ddb91203d822af219,ramping
0xdbe0f9608378e766bddfa12fa4dc548178e268df,ramping
0xd65167351ac2dda70ac274c0dffe2c1696a156e0,ramping
0x0a064ff121880a9721357cf08d1d5c7ac57c589d,ramping
0xffcf525525c2d52c1feed76259507bd121b38c20,ramping
0xadc00eb6889df192196c09b3a4c843c0e3f6aa9f,ramping
0xf500bd70987179938e11ab54756370e3e3581aa6,ramping
0x11483101ba9b7c02d96037486829efae01fc6d7e,ramping
0xb138cf312f173341856e6b17d08a2943f611c3b5,ramping
0xfb822628d59404e794468b056e2eb0165c85e314,ramping
0x26dac0680fc5155aa4c346b4287a7924bb4bae67,ramping
0x145b0cae11d849c74c0c3f29cc68951416c6dfd0,ramping
0x57dd0786ffa9cac914791a196a0a6f7649ffada9,ramping
0xe1a71073324683d454ea77b7f2501f5111abc2a9,ramping
0xf43603fd2ce36f92d4712bd3c92e7fcfc7fdcf60,ramping
0x32b463baf7ad4104448606ad60c22f931a3f8cc2,ramping
0xd13df8195348284a97b7d15ce12b886d1ae1df00,ramping
0xdc4d479d50b80d4fc432fad91d66cb5419d6b691,ramping
0xd8866803453e9dee0d1176a2c99bbd0c4f9089a4,ramping
0xfc061aa50339be275e8fa0e3fdc13b9e91fa68a8,ramping
0x237c8a1f3dff219b316425a45cd5f569e9d63421,ramping
0x8b76456d94430f9e8c174e34037458b04273f56e,ramping
0x7b052d67bccfe91c09f13b96f95fffd87583d65a,ramping
0x0e1faf27be7c3b5bab6c34a95bf6e2153baf5f38,ramping
0x503da7bc652a11fb099b0ac66a1f39c899dcd576,ramping
0x89a76967e718f64163f132ea19580d777d163b5d,ramping
0x65b6a88dcbadd8d42a68b37d79fa46d45f3d5d2d,ramping
0x1053fa396df2e81370e7c9251f2f0e63fddbbb5d,ramping
0x4a1e17e141654e36fd680a7ce914d948571c9204,ramping
0xa78683f137814a8b4751ea4183d2dace27df3838,ramping
0xb02d8f91c4cd566ab77ef3423245f5aff72cb0cf,ramping
0xc9c0607152243dadecb4e5c75b9171de52dc8250,ramping
0x9390e19304f7406f2cf156a7abd9a3125f4e8a5f,ramping
0x5567384e20de013619c470730ff32cb12393226e,ramping
0x289e6aad2e53d19981703368e8a316c8788be8ef,ramping
0x02d31b8db7c01a6e18a5ec6b2638ada27a4437ae,ramping
0x9e1755bb53719bbfda0c58f633a1541259525ee6,ramping
0xe015de5d7be6963b03b2074253b2a52054cf8f02,ramping
0x67350fd699202cb5ec72d4508568356a99015404,ramping
0x15b0432a22e4ded0b9bfa3cd8a7d538417da4787,ramping
0xd1760abc6c9f064ece84c501a5b70d6fdea40760,ramping
0xb8ac78a88b2bcf471b370a8e188bd494b33d1eef,ramping
0xd57305e1c9287f62c16bc8b0b127683a3df852bd,ramping
0x47caf392f2e92264b3f0a33ff984c77ba9911fc0,ramping
0x083d48e29f60fef459e0c13e3efe893d26bc33e0,ramping
0x6b12a97bd45415138170e994eb1c7043c61da841,ramping
0xb92cc89ed5150203a2ed116c9d07e0bf04adaff1,ramping
0x9de8eebec67fbc9ff67b6dd620dd5e74535eaac6,ramping
0xea8e72ce13968e2c12962243a28b01c2b21507c3,ramping
0xbf19d0083d8dd7f17b0b458855a6810fdf211b82,ramping
0x03ae36c683f8b0d2e3269620fc0ccc8bfe7a92e9,ramping
0xc6e684a190c2186c61cc00661ef394e28b4ddf40,ramping
0x4b0d55f99bad3a0470b76b5a8853a9b29443e593,ramping
0x3cfbe0b4ae2cc07248ddc7ee7915f878c547f861,ramping
0xa238a3d48aa0827d8d6610c147d80bd9c7fd2832,ramping
0x6f64c0732c713a25bf2717b438992ac96b430790,ramping
0x657c6a2aa7f1bf15d62517644d89cfff700f1f41,ramping
0x09cb6d4aa935937e5eb1d64f8aa09b0dce4663d7,ramping
0xac359672bf7fea93c01dc33324a0c3b7f4d24188,ramping
0x57515919a2a48b68bc08d31bb205ad10c492eb16,ramping
0x611f9ed8d8df4fe35ddde5a1347db813a8d9a2b2,ramping
0xbbabe978b005a48126a96890cb51ad03b15fb50b,ramping
0x1590a3908b127beb77b0ba99f1e631af8f1a7997,ramping
0x9eb7738aa6bedac74a5dbe32214a4991c7965fe7,ramping
0xbd4583af101a45f54e8259aa7c21d8d54a72ccdd,ramping
0x20e851e85f0f7340710af78a7226a179c1e55ba4,ramping
0x6367e3059523c3d864ddfa273b6161a8c0c3aa68,ramping
0x3a69553549802a0a948a63b0d3478edeab41e1e9,ramping
0xe518423a706300627893d30df18d91801ae93244,ramping
0x30fb015fc6b3662aa1e7ac14bd7da9a1e81f0ec5,ramping
0x72799f14eed784b0298b0d71c7c473429dccb9c5,ramping
0x6a0482d5df780f10c48ef4dc435a7ff1e3a7e0c1,ramping
0x665200b09c125feff0a4d790cb2d68b97b7304b7,ramping
0xd1d137c3bf82182f3734cb8c9661da085d4c12eb,ramping
0x95c69fba170d05590c9c63af3f1520bfa4e35f18,ramping
0x36fea160d9cb95e94f25a2540dede3ab8ca64502,ramping
0x6049f0545abf0ad24f742c996ff000d45ff4dc54,ramping
0xabe9cb537f70b808ce8c0beff8f7303c2d54a7d7,ramping
0x64ffdbfe74de5b4df8b6b98a78fa79a5fd4cd424,ramping
0xcf38e10990b6d6b3489af5f51ce1d9bdb8434042,ramping
0x55071eb7ff8ca6ed31e14132ed0c8a10d19e3c1c,ramping
0x23d660d3dc82abba8a5aca08bfe04ea0a43a76f8,ramping
0xb40c792166250f8a24c6ac0f0db450d20ec784ad,ramping
0x9262ff6de4d687b6cacf451f6056596b2bb02e7e,ramping
0xd38409c1b3a8c5a130f67e56e9a86edff152ca32,ramping
0x82f5f5963bf56f5511ed1c1a2992d07e9eb78896,ramping
0x8432ae075f1ad8fa95d1acda1dbc4240afb0744a,ramping
0xf6c201db86c739b7e430a81fb15590c6a5998d12,ramping
0xed5da46ccc0de5e486906c9dea0894952a6d22b7,ramping
0x9d1769152854c228359efabdf7220eff5d9b8f76,ramping
0xc9575602027d3b2489fd53a31a52b9153379237e,ramping
0xff3cbb3893b98e134c14d352784b9b9ea0450199,ramping
0x84df5bf945e0c75797cf5cfa1fc06de627addfe3,ramping
0x4d0654806291758a7d55df4b62107e464585b06d,ramping
0x116f3eeaf53c3965485a75ba450d39a0beb4d687,ramping
0x2b195306afdc516adc056f129371f496c17fbd13,ramping
0x996858cb250f4b9d928a49da1957ce09bfb8dfa6,ramping
0xadbebe7573a4508b5b9dafa1340d3c432fcc9d26,ramping
0xdc026cef0acfdfd488eb8c1f72cb7b7f757c104b,ramping
0xe7d037f4bd8343ea87dc60b339368fd5da2373f5,ramping
0xc982e10ec0084df50a07d99ab22ee3ece84aaa94,ramping
0x126cea4fea837431c518f6316b917e02557e5082,ramping
0x02b529ed235eadb8e9033df13514c3d04bc5e2c2,ramping
0x902cd4957576180e30a85796f750e024ebb22afe,ramping
0xaeac7ea4f878238e5637b5dbe25fdf47c66aef05,ramping
0x0b314a50ac4444940744f668de87ea3bd7187ac8,ramping
0xe8493abe55ccada400029a969b1a82bbf1eefc32,ramping
0xab0bcbba1e2ee2578ccd7e5ac68ce442e52fa921,ramping
0xae30205095d1fa14ef6fdd3523973c1580ff8f20,ramping
0x18c2b656c1e88da67ca20c01ea14ae2fc0f05a0c,ramping
0x0643fe51094b112c15b1a7736d2f9a21023cb2bb,ramping
0x54c8817cf2f3e9e32c4135790a6129f65666544a,ramping
0x982e67a55712e741309277258cef34471586e42f,ramping
0x9f36cee1dd98562137ebf010330dfc7e55d4a47a,ramping
0x7726b5a99867d076421eb70f8482731978ce84d9,ramping
0x603daf73eec7327d5a0d69894531a377ec3231cc,ramping
0x093c18b69f72b50eac604441886c02222a6eb515,ramping
0x5b7d2043ad2544dcb4c6b7be1e7edbeb9f8101d8,ramping
0x44fb7bbcc5dd6db942466ee5a4614bdace1a442e,ramping
0xec51c4ee81aee1825cf56680552565297cbd7678,ramping
0x92486642a0f7b0188e12cb01d6a347a805ab08a0,ramping
0x4cab71a4eb46b5e3d03eb6a75f8a91b21daf1055,ramping
0xa53c6cb5f2165dac70e2f57b970b6e45aee0c8e9,ramping
0xa0d2599fe07faa1a6da258482248f7d921cacb47,ramping
0xd19a405b693b8583c8cfa873cc9b9263ea528056,ramping
0xfb497181f45640153303e2e3cfbf1474840286f9,ramping
0x6f89caf6845a28622eed44b4ea16624d6eb4e84b,ramping
0xb686f9175ceab46605c4367c334fbda35f0f6861,ramping
0x34c792f18f468d46eb525ba1396289aa88509cdd,ramping
0x68ec9b1240106cdf1782af4ac624e9a4f8d5429f,ramping
0x4f2e76e8d25419f407f89d19d64a198b826b11b5,ramping
0x3d0ad48ac7496e757fd46e38e9536a53514da440,ramping
0x0694b78ff6fe11d3a87555efc4ca5041f978efda,ramping
0x96bb78f084959a68de08ce32a5e847dd4c290a5c,ramping
0x85da769fb1375c471f644bb1c1fa64dbca42d4e2,ramping
0x34aa687b45c4be7ce1a6dfda13ab49931cf945f9,ramping
0x98c6b60944f801582dd7484fe5f825e5597c69fd,ramping
0xfe4b04dc6118dffe8f97562f6b92f786d9ddef7b,ramping
0xd2a64db865df5842c6e6806f21b986dc90437f23,ramping
0xe6798e142e4251a6e5077f628bd40a3c6ae706f3,ramping
0xd958584306598bcb0e87d12a704b10aee00d1dca,ramping
0x81ef1ef48e72318e68e22b2fd504df76ac4d3366,ramping
0xdfceae3fda5f60d6787bac2419e59d35a21264ad,ramping
0x8b43e03587b30e7b204bb1b6975fb85fc57669bb,ramping
0x00c684559ad0873e17a501f5b5973bab1d327d24,ramping
0x6d21900b81e1aff5d1279d99a802cacca7ddfc26,ramping
0x33d12e9989a913eb66ad3f6ee23dd3904b1f4262,ramping
0x75417844905af783b82af9fffe4b151af2d58ea1,ramping
0x819aafb4b6e52c01f4d9d7e20f8357bf936d8465,ramping
0x9113f321ed93fa43bef9511868e9fd2eae9d7614,ramping
0x5a066b3d8f9527b65eb0e03a63b4ae6a05f5929c,ramping
0x2e11cb47af19563be30e456c5e86d11d178bcb4d,ramping
0xea50148a49b04370416a329ed24e45f489ff792c,ramping
0xc7679bab8805eb97a4dabe5e0697c9f79b8418c6,ramping
0xf848b72ecc012e9adb491c04256c8d4c131f3d01,ramping
0x6b92cdbfc0f193703d4dbb3b6517c5f6ce692a9e,ramping
0x4e61741265be50c34d75a005c2293e251d3bc2d2,ramping
0x63a80d8eda44a3c2518784a0649c8506dc2b7b20,ramping
0x42df4ffd0371c585c40c7a8b99ad97d9837a412c,ramping
0x17c5848846883cd707a608abf95522e0d2486165,ramping
0x347ca87e4fbea807c5953a61bcf2d945066da2c1,ramping
0x09bb6a9ede59f4c1ac81924387aeeb36a0ccc334,ramping
0x6d791866b9d954e5feecb5fd00f29a2f77f4552b,ramping
0x80ce0e4d8716096bd8e3adf0781910aba6f65915,ramping
0x5ce668077988ffad79989c1af289d758f55827c2,ramping
0x09e4f35806f6f7b257b24fb9082db68e2789a1a0,ramping
0x8e00d29547de5dd614095b3d1001470d5499c71e,ramping
0xfed99e6cd2554aa5e7d2fcffdb528a87b7ede61b,ramping
0x4b3e4dc6b267a390fcdd59b7296ad00571eb2955,ramping
0xf6935602aa307d1c8a0958696ef02b7d156c37e5,ramping
0xebe3b83f6565b0ea40483623df725cb887b68223,ramping
0xcc7babf1dedd0b822ca4f5b0a3e3f4495fd11dff,ramping
0x25b2b51757f79fc817f6d7e11fe964a106ba0f58,ramping
0x02d41fe58402ba72cc72e3bf5036045c2de2679f,ramping
0x1d9cd0fe0b084a21ccc829a0297e7708f97b2677,ramping
0xdefd9f6e20a3a0deea5a7662e644a7b397a655e7,ramping
0x4238e3f8d57a570daa2ab73bf15a1580706746c0,ramping
0x2c6f23e07e1d162f8b9c98a480a8c60d57185b1b,ramping
0x52b9e81be1cdf84a011d36ff5e1f2074a3e4b620,ramping
0x132d760c4dccacc31111578b4f21b156cf3a9fc5,ramping
0xfbd54ebc2c6379d748c349c84f66b998c0cf1691,ramping
0x5af3e90e25379f6508975d8d841ddbe512bbd9b7,ramping
0x5a17c8a7062033f0d10cad1a08aa39066d566d65,ramping
0x1019b2e6d5f10c0e8defdae0da92cc7e99f14ee6,ramping
0x8df7ce81e9a84c40c328e5bdc99f45b522bd10ca,ramping
0xabf5c14112d477699a7b7cf5ce6d85f1fd209cce,ramping
0xc585913d09b74b04245f1990a0620b21c58b85a3,ramping
0x49ac6d6adf36879893a25287499597206c30fd50,ramping
0x9dacbfeb3bc3f08c08274cdcc78cb567c883d2a9,ramping
0x92ba780f8320bf25874717d3d73cec37cc6e9ce8,ramping
0x216a0f2369cc0592b170410724273e824d228da6,ramping
0x9935713010f05f732776f94843e8b2a4c9754158,ramping
0x65999068d4c54ae5f0f51d38f0ebf3689bfa547f,ramping
0x0327402582c0159a1004b1067fa0260284dd3829,ramping
0x6cc2b3cf59bbf34bda629e334a52133adb1936c3,ramping
0x0ec20ab2905d2fa28d4b35b1f56c49f6b536c848,ramping
0x2126858b1b4cac73f60739278acac78f5682ad04,ramping
0xc58730d1278279f359d39bff5a2b41296176ce34,ramping
0x1a9903828d94997fe113f2aa3712a65ae46ddad0,ramping
0x0c14c2fa02ca35bc01c34e32afb6a08a5f6eadc4,ramping
0xeae576da74f4d99a0fb742856d24ab0b63b5010f,ramping
0x8d839d7de851a2124d1c25ec937d98e608a62746,ramping
0x878f8ec15f6531d9e8404bc37ae5d5816d7d892f,ramping
0xae4ac0fe13b7cd50cc9504b0588aeae2c1723d40,ramping
0x8c46e1d66e42daa2e042275bf2c3f43fe36a7fa0,ramping
0x850b4b847bafa39a9b68367069964a1c3b575de6,ramping
0xd0c20423bde7e0f6c73ea4ef04bc22f13bd7ab9f,ramping
0x37817178ebd8dea9a1bec3bef954b60cf7a2f2a9,ramping
0x2fe37fa2e21e48356cf34b91755e9da23795ff33,ramping
0xf6835f1aff518e6712460424dd1ca0bd77a5295e,ramping
0x667ef1d503390e0e4b7fe0f76203ae864ffd3351,ramping
0xe944450c506931f36f47c337e4335711d4b9fe9d,ramping
0x98dc3813a4a41729589c2e250d71faac9b1a2403,ramping
0x06496398d28152a77b2c8214a41c72fcb7c9288b,ramping
0x0745644448bad06dd0d7ba096f3e95c469c518e7,ramping
0x48995e179bb502ca4eac1d256d1e247fefeb434c,ramping
0x3e66c868df9df4ab102c5d35db576eda2887de0c,ramping
0x8046b804656f24e5043bc33ae0422e1f10353c92,ramping
0x4b7f4b8831c2fe7fa3a83c1debadfb487749f25e,ramping
0xa2a1389bd4bada6e939de71233854c98c9a4d507,ramping
0x768bf6ae2dd72657f3218632c3455ecd2628ecdb,ramping
0x4f3b4d5eb0cfbaa9ddbb2b8350cfa8b726986a96,ramping
0xf6bafd31d7d0824d1bbbcd9d8c0f2cc5de01656b,ramping
0xd8e376e27276dc7756584820aca5d3ffd5f47d09,ramping
0xb3717a0f4b4560e9cf78e351b126db193d6279d4,ramping
0x4339030c22acee876901970ee10c5d922b3f250a,ramping
0xb862c1409a0c7fbc6c4072aa0dee2e8d30ea3218,ramping
0x3c9627ed5ebf456e874dd5a8e2e0126ae1515502,ramping
0xcaa5dba7dd1e5b40c10553283308a16f849a2f1d,ramping
0x9d51e2274b21cc448667ec28738b29af568ecfc1,ramping
0xfab510a530640d57d9d323ae12d6694fce3eddb5,ramping
0x1a5924df0dd3bf8e5a15210a3b745a5b810c2179,ramping
0x07a7268a4c9784e544c0741b1ad148af19433d59,ramping
0xe2ae2a5460eac2a89c18c699f0580f6cd289ff7f,ramping
0xb300fdb2b86d934ec64947fba835410ba78bb982,ramping
0x337747d1cb083b64d55e48357d3be20c805d9d0a,ramping
0xe51539e9aad1002dfe030a0212c3c015da6dc4e5,ramping
0xe3b8815fa12dec2a402824067c94852180035c75,ramping
0xef1be73f0693dbb2593235331a892dd5a5a1bd37,ramping
0x8eb706a3f4b710b160d5746eaec42927795dd417,ramping
0xe46ce75aeb64168b9be38d80c483f2949773c452,ramping
0x489bc8149d1dc93c8ccfece4474feeb0c9061a74,ramping
0x978246e7573bc882510929450a5ed9c1902a1c82,ramping
0x725d8101731e3d61f0e4e30072f5e78d29333e2a,ramping
0x2fd769dd6b3b524cf6fcaaa1852b481603974cf8,ramping
0x303be10dbebbe6348c754a3862aa945a6f0895b7,ramping
0xfa79bdff3648e7aa97151ce6da0924e39ab7da50,ramping
0xd795fb776ef4aa7990daf8dbbd0c893aeb52727c,ramping
0xb85db4b53f0d201aa663e6b818590de80c37e68e,ramping
0x5b2454d154c4082dbe873312054b0f2c3a586b1a,ramping
0xe14b003ec05246ec86d0dd1570345545bb2b3115,ramping
0xbb0313369db4c051da5598c9f9f8d35c7c1443b7,ramping
0x548945ed4858d426c202387a53a5f0203f645ada,ramping
0x19611da6a5ac9c443d1dba796bd2c48455bdfa9f,ramping
0x3c568cee7afee26c4ee7b2f8f824c5f7bc0b843b,ramping
0x40ce577f1e5c535d35b4e85ae0843ff9254b816a,ramping
0x162608b02202c087a4719bad67745e0347c7dc8a,ramping
0xed0e563bf58642959793af163b83ee6939a037f7,ramping
0x299c2a31607e8f376639983a63c15c6af269c2e5,ramping
0xab8db9d80c90ce05acaae8697938eb7fe29060aa,ramping
0x0a0d2ea8665551b3ddd7a78a554869718da314b0,ramping
0xffc01bf0ea2b750b85039cbd742206fd8e55a9bd,ramping
0xac9cdcd2c0d452fcac49a428c7a8052b58874118,ramping
0x1bb7403f096a5402c885d22f066f2288d5831d83,ramping
0x252e046c4a65989d55c98d97e3dd125e062a705c,ramping
0xa045d9b88cee0fd36fdb743089f9b2fc79ba082b,ramping
0x682d1ecf5d10d0f2925ab8ce334c73ebbb658750,ramping
0xf01021a2390218ba6fbe3512b400b89c35146493,ramping
0xf5b9e71885a76fcab168c1412ef9994f14b3a2b8,ramping
0x2401cd8f513d24f2ed9fc061c77bf53f85868fc9,ramping
0x6d53e71b23dccb61421a5f941d6652c02ac9b15e,ramping
0xbfda2940fb26bdf9f289f007ab3c19a536870f46,ramping
0xfe60a82f34f6dee1bba65b2a15879bf043a7ea45,ramping
0x0bab9533cd7a6400c3d846a0722a20b55346d93f,ramping
0xfdc3783cfc86886c862c4d367a3f810e0227ef87,ramping
0xddc1886d843246c23da7879fba22ad0bcab534c1,ramping
0xa8fdb45cf8aa12fec5981f4e3a7f9320a8863bad,ramping
0x7078f5173b616112a7180f61aa34385dee370bbc,ramping
0xa947e2d623cbbf0fd9b6185cffd84ae84f094fa5,ramping
0x2964f197e970eed386b6acb2647262baebc10460,ramping
0x5f1ecef51d4b037ab1a8ada75d4917a180f56700,ramping
0xa47c9bc7b7e3365eabc51050cfb6c15d27ebd2b6,ramping
0x875a26933ae54695f4555703a35839023647728c,ramping
0xfc0300e7cc98c04e6bf429dddf0398068bea904c,ramping
0x2ea3580536bd9151dfd6b0bf9dff70d746931e5b,ramping
0x25a948d44521caae66c80e4fa70adcdc6a94ba22,ramping
0xce3a86457d8f4d86789ab11c89d896e573ead30c,ramping
0x1fbf979c50f9d849f35f54a29b1fe0043047735d,ramping
0xcae39836ece1e2b8025a39a4a0f23e0bbd88ccf5,ramping
0xabbe094f1c46cfc556265864e0e5b35fd6063a81,ramping
0x1223393d902ea2c3c99284314a01a95935a2041b,ramping
0x9b5e8db199b1845f0cb6bf5109881d32181c40d1,ramping
0xe5ef181b2da9e266924a7dead0b3d4363fc3bac7,ramping
0x402c4fb01982d0b5a7e2955340428d30573efe6e,ramping
0xe8702b1b684f6b06abeec6c62285b6243dc93c4a,ramping
0xb75ae7965f9347ae7125598dabd96e61fa2e526a,ramping
0xd7c9103843356039911c63e979df32038872d02f,ramping
0x4754cc7b9baa25b0f92ef20b3acfa494e97e9698,ramping
0x6d329cbac8a61031aa34ae2370b939494d1c8b22,ramping
0x2c638a2094a238d76b8a806a6c864f057196cd7c,ramping
0xcdeb8f57bca5a3282ad47f4fc75a2ba4fcb43b45,ramping
0xf592fcdf27f9a97c635f23ea6c816c93abd6a681,ramping
0x39230d05d5f95ecfe4a3b1614b81c1f31adbde64,ramping
0xe7fc1cd5700b2b8da9bc2c10f4065c1c9827f32d,ramping
0xcbb4b9e1937e5de86215805d6340e2add7d3ccb8,ramping
0xdb032c7f3011cc4ef3fea4361509f4df37556cb5,ramping
0x39271e308e1934a3d9970ceb3f58c64eb4b7d5b1,ramping
0xe51f975378d5dd43c0dcb46da1c4ac2e75e299af,ramping
0xecc3a46b68d2b5b00025d448cafc5ea0a2b42758,ramping
0x98f9c2fb833f9bd36962cfdd33c6eb9d2c63c385,ramping
0xbc0782d22e8ed7d2dbd8665025a20c37f74db02c,ramping
0x2055ae0035716e5d402652e3697e68abe79f37e1,ramping
0xc6ac3b39b45730fdc1410afa9b9c3429c687e302,ramping
0xb5f31b7923d4714488b3b2b931c08cd9ff53e98b,ramping
0x2e6da14a4881ab53e029526841eacbbea2c9d497,ramping
0x189875322ee959b4be70aaf85dbac9aaeaf34e57,ramping
0x7394fbcaea40cb1a3518914182d9054b51634160,ramping
0x1bf01edb41a11f8d3ab535c4467e7f7d51f9f39e,ramping
0x5432d97a0f5b0f62d0299a248b32d09ce89cf3d0,ramping
0x245c69880e24b9527b635ea2ec317868e61270b4,ramping
0xb8ef585a8dbd339102da084ab707d1f755dde2ad,ramping
0xae58e8ece6f88b3a7f931d0f4d0fe19a0f7f2135,ramping
0x68118f4b7828c1f82a97a0f2c482c03b7f61e96f,ramping
0x6dfab668e08378f5e12deee2d0318e714f1a9fab,ramping
0xe08cbb30cc3649e41bac490e4b8dc93856fa05e7,ramping
0x426658fd8016cd9a1956ff4b9653a4dc579fc446,ramping
0x63d11a2d72a05b5df23b5d3a984abdd788c61a2d,ramping
0x04ffc1e2136866d8747cf74daedd3cd05409b980,ramping
0x0a5f684d77a9048284758348569337d6e55bc5bb,ramping
0x977fb789a9cb7b96a01a2c8cdb3f022cdf948909,ramping
0x06c0eb7e396c18d752beb10c2fc171035a150c91,ramping
0xc59b644686fb13cf9f6e6151a9f7ed2fe05e8d4c,ramping
0x4d7ff585a1a7d5b7c9a3323daa32d2e6830e7d56,ramping
0x0da4f99cf6b193f3050819bf175f269aaf5d56a8,ramping
0x692fe09ca7f18df4d9aa1fa4c3b8305470a105d5,ramping
0x5088b9c6c21c192273a9d3558848cdc4c3a6a402,ramping
0x4097385bb12f8335cae9d904b332c220a011a659,ramping
0x7df96e0b92d044bd50523ced7935f13a39dd4d71,ramping
0xb8e26f8e242153659d30b3f74b70a7e69cbf88a9,ramping
0xfaa9585bf8ccf78807c9d3fbdc96cd182918cc15,ramping
0x9505671fab1cbce97de954d8db4a4445c8323add,ramping
0xd9c1d896ac8c81601c683aa7613687ee6b80d5de,ramping
0x991e144dbb3bf5e52cff9d97a1ac3c2fdaa36a15,ramping
0x0ff7367446e1723775b919ae5318a0400db622a7,ramping
0xf16700584ed2da67920628d140de3b8cf59f889e,ramping
0x1725dc578f1638fab60f86bd790fa516418f7dd4,ramping
0xa13283ca388f104d8888fcf5e5018cffa963b2b3,ramping
0x7805980b3940d0281b6e4737ab3874a7981e0774,ramping
0x84aa2598c9be663eac2c7d488d40e3b6f7fb2c9e,ramping
0xa8f2bb072a52b4d7519137e6515525d0329b2049,ramping
0x88cf2596135dd9e92d704ef9323575f879b359cd,ramping
0x832ec6240a689a740a5abf461f878cb0da162ac8,ramping
0x8c41d03f2f355f55b79f97da8727f0315af29a99,ramping
0xff517b906fb92b84feaef187337f06926ba285d1,ramping
0x8fa34573971094dbd1916b9ea5c27f95dc144bcc,ramping
0x81fb8654e6d876df91a85ddc074512e496857390,ramping
0x912b76ea26de45a150b3d4ab67871e5a17771fa3,ramping
0x669067a828fdad1d91b0d685d07d4fd6d19f024a,ramping
0xee8b368ec4ebce509643f7d6be0b248f2309ebbe,ramping
0x23abf174bb8afaa92f5e4a3f07401194a8388c9a,ramping
0xf80f0a2063d38302607479b710366ea2e727a71d,ramping
0x6f98fbaf6e1912d8402883f43351e6bbd3ddc2f5,ramping
0xa4637cb44a1b66f69da01148811aba09eb63d08e,ramping
0x098787099d88d1f19f9693badc01fadc927f6c81,ramping
0xe004b8a01835e52608938e7f9214125325f40413,ramping
0xf674d69e370587e927c3062ff23426e5510777ea,ramping
0x3540e2911e574c20068f12b7a22b6950d55c6d66,ramping
0x606adce8d37964c96ba200a2eb10a3f383077d59,ramping
0x23c472ee321b620668f2b49fc3ae08c80dac9dac,ramping
0x6d88f304b4e9e6ea2e5f620722e6ab683f5eee79,ramping
0x7a4e8c33b209f388ab507615b5b92c3950fb6c52,ramping
0xf8ccb783176587c16fb6772f21a71d2bda01d5ee,ramping
0xf2dc22e471103a63dfa9fe4ddc7595b9654c98d5,ramping
0x747eabd59f380ac9db1317462ddbddd655c33bac,ramping
0x2de40b79bd3bc891dac61df922e6db1ee60c9bdc,ramping
0x28c9490ddfabf2108287860a41c8cb648e54e66f,ramping
0x4ba3b86df9591679c4d7839ce49a9a34891c8180,ramping
0x2843c7ae2c8d0417dc05346969e0897e7047d179,ramping
0x9528bbffe9bf6e495e943d548e4f6bef604cfa53,ramping
0x774ec921e1994e5c3d65e98924f0f22015d48911,ramping
0xd9e092112e8b1188f1d0baddb5704b536393027e,ramping
0xf4bf47d2d3f20c6f5ca3b4ae8a30c51023b91286,ramping
0xb2d8a825811e86ed348b86bca40d0bf62b1515df,ramping
0x2afc1b0048cd4f4b536e6a35c9edac61f3c6dfa1,ramping
0x98b4b70fc0a49601c8c77e069413196efa62c963,ramping
0xaef225c5dcefdce6003401c82f0b5d2d9aef40ef,ramping
0x3c75d7b78d493217fba9eb90f3468ad2bc361de3,ramping
0x91bd48f54920fc36f9ed1e0e2896e5734ef4d26c,ramping
0x4bb462c811f31b086131a9fb25a24869d795a3b5,ramping
0x91346ae08dd341862a34b75d005b782cabf84664,ramping
0xaad5acf939a916d048c6b71a0f1efbc04f906846,ramping
0x8fed7a545cc3a5b0f60521273f68f5803bb61eb8,ramping
0x549d1f4add44fe240ac1aa0231b005f9b726f28f,ramping
0x537a51d3c80700060a14d3b46165ccf80df3d195,ramping
0xa7f40872522f7a18345821d55ffa553508396f7d,ramping
0x32c64856c1216557a92c9d645e808b51a394beec,ramping
0x7169369341660cac07ba5b75a9b91c7dcb4cbfd9,ramping
0x406be16e620a92807097d020ccb60aca114a75d1,ramping
0x1da62b975acc361d98c3a2e436bfc4016280e878,ramping
0x462793f76383abdc2ea0356163fce28073ffe51e,ramping
0x145668f9b07a168f6ef6acc3cd3e461cf184c942,ramping
0xbe2c16a23cd5d9fc66ca7589469c82841c538255,ramping
0x7f1b13f60d07349879d92871577dc4ea212059a8,ramping
0x7140971a88e11ae3fad8f2703c0f613aac2244c4,ramping
0x40a9f78e63a16be272e73589b60b060519163368,ramping
0x7a52729536b21a908deb40f2e0eb9ae6126e38c7,ramping
0xdf26416f531fbb999294b9c55d9de89b4c95c0b0,ramping
0x2d5daf7e46f62b5320c8902a2966f2c85651722e,ramping
0xe92199f966d8bf467ca63abbca71e55342917e52,ramping
0x836cc98c78208f4e150c46f05cc6b553605a048b,ramping
0x1915100c679335a3d58ccfb6aaae3b8fc519b6cd,ramping
0xb944e8fae3f35e844a697d886e430ae4c28d5a17,ramping
0xb505198cfc3d4b681c3eb0b1f82f94667963f714,ramping
0xf8cc7b51f6dd147ae383846d6cc138c1a337634a,ramping
0x563d8b2101ba8032bdc3dc9ea5cab23720362265,ramping
0xf8764c82048d0218ee8d33d6c7d658f5bf8d394c,ramping
0xa50b01848f4dacc3fc5091b27f5511b2232a4a94,ramping
0x6909d47e63e05fcf7d02c9747577801f7bf4ccaf,ramping
0x1c80a2fc2aeebacaab209684d913ec572dcbaa3b,ramping
0xf3d26dafa78de32462851dfae921107575fe22a3,ramping
0x5b8ff517c47da600715ea3c5e66e5e7892753e86,ramping
0xd17ad40656c4ffcab5bcec12de752e9914089ab9,ramping
0xeeaa26129b4952ce1b6973d23ba2fcb8c0d83ddf,ramping
0xf63e1d140de885c131def54aab763d52bcafda56,ramping
0x8fa5c018d78473c3577eabe94f49a526c89e6e3f,ramping
0x49375d0fdb6ba0f2d25dc6e57420dc6545119143,ramping
0x37fdee989c885d4ec6b46ce38b373d8622c0d82d,ramping
0x31d36794be6117289bbb8ba98b8d1fbaab367025,ramping
0x718bfe2d499f8fee06d8791ffaa21560805b7cb8,ramping
0xf72a4b591e58d1e27858bbede1a2c7c8f8d3aafb,ramping
0x8ece48148d556fb3a8085e7cde5c078a66185ae0,ramping
0x136ccf052025e87c146303ca03474b6267e98dd0,ramping
0xe776408c7e1ebe7b07b185d269e2d0f7611d1216,ramping
0xfe97cc64ea5ef5faa94035529d88dfc70bd4db23,ramping
0x39a688639087d559bb469d7c485a4dfc13ed2090,ramping
0x2d2e0df9bbe4af0843974eeae3a00d8a6e67a751,ramping
0xd3564455aadfb25e3134de7ebb042fce68e4762a,ramping
0x8e65e15f3df18bc760e8784532a6682e25837eeb,ramping
0xb6e4938006b57a83423c4e3269e445d725f3836b,ramping
0xc4bb64d0914f5410380b947408e883e856b5c636,ramping
0xf77e8a0f988225fb37b0704bafe707724bfb5da1,ramping
0x6cf64e03784d04d872c68866413b55fe9dab3af4,ramping
0x30da04081b67e5b7d34e6267aebf3ce6f1d3d9ac,ramping
0x8b736f6a37b050da2b1419578e42e856d16f7a67,ramping
0x75ca0caac5ff255152d37a1e9dfa51b9966af7b0,ramping
0x105ae6d0e53fd39c369521205cc441f91de918a9,ramping
0x629d3f38a5e5b93c80c088ce2ee5408e8718a473,ramping
0xcd437749e43a154c07f3553504c68fbfd56b8778,ramping
0x832f4fd3144376ef816568dbf21f8484c4c5da86,ramping
0xf6c75891e33e71d8217b3bba30783364bc6116d0,ramping
0x09671451512a4615cf5dc8cdcc6eea7a8afa02d2,ramping
0x182a846a850174a71b3604d3971367f5b02406cb,ramping
0xecacd587d76cdf6b39e1c6928d3629ce26363b0a,ramping
0x9acd759e833ab21b77e1b4540ff80b5445045130,ramping
0xb7b3718cd13023e65a26e085d80dfe29c337b778,ramping
0x0c58d029115c7686506ad35211cefc332ca7d77a,ramping
0x17b3fcfc6654916e55ff5f6b04f549a5595db531,ramping
0xd2d71099f36f4ae6b59c75ccc62f8d61b1a32e09,ramping
0xd38775c33e93b3b52332d5a3df86678bfb0ddf6e,ramping
0x99d24e64af32123f5a7679963fbc8f8c45adaac8,ramping
0x06fabfb5cfad70c4ebc1ee30536180bdedc360c8,ramping
0x7e948112b2745e2f4ac33aac619fbe96a34b4cac,ramping
0xe49974500e17c6ce180ad60491949e8b420b5493,ramping
0xa1bfe344273343f73abc61607525c44442f26528,ramping
0x4e4139d113a40d2c7e5378ede1738284bc90396d,ramping
0x78943705b025a564f64f3237cb43797f515beebb,ramping
0x9fd2a699b2a2bdeb145f750805b0f80ae5f1590d,ramping
0x9946739d56ec07e66e211de4cc2c8f065bd84b1f,ramping
0x955708c146107f64a34c8d713e0d76119ec359fe,ramping
0xbcf8b882620e5bb5316f73efb597d4a057fb23ad,ramping
0xd07c2a1b2058ee34ffe03023555b2844790c5123,ramping
0x5d629cee40536647b65bfb535b380dfbadd34ce8,ramping
0x2f63f9099ba1f073945f9de94619add302e41c6a,ramping
0xeb7cba1adc9ce7d7c4e7a79bb1d870ed8fb23f7f,ramping
0xf03abae8b890de33c0807d96dadeb55f3f5f5bda,ramping
0x8eca608b918e12997e086f55274a2889e8ce9e2d,ramping
0x54f423846e0fe525fb1eaaeedf902099f6fa7153,ramping
0xda0b54cc7e7f2c2fa34511857b652ce8ba7fbc1b,ramping
0x9d3729be56c25b79ad1881565a5c6347f977aa1e,ramping
0x607f52c5a7684bfce0a6ae2f1576f996e5c49f96,ramping
0xa56ee008c3994ae4f9b0b0d896c6020042cfe782,ramping
0x4a0519735c0e0a8d663d75c88bd73422cb90a0cb,ramping
0xc48ff65f172ed4f3c7115f465bebf71349a2fc6f,ramping
0xe1382601e109a93035c9e53798e0f66a8e2dbfe2,ramping
0x5669d26472f309868d3e8d95628004b13eab8182,ramping
0x7bff727813b21919ae67a2a5a4424b94a5c07c6b,ramping
0xf3aae7e338f16b713d98861e800b72ced5eed780,ramping
0xa2f46c50675e0dc44293a06616cc9aeabe389cda,ramping
0xfba5353a35e5f3648c0c73a04aae3eef356dc2a2,ramping
0x160a4ab52fca3089d152ed591166113ce4fbc51a,ramping
0x5dc631ad6c26bea1a59fbf2c2680cf3df43d249f,ramping
0x2c0829bc7d4839943345e16cfac52f7ec6adbda2,ramping
0xeb5663373c28d6b7f3d3ee263e62a213e8847d8d,ramping
0xe44b9aaea51a76c22fadf65b4152ad518a657bed,ramping
0x433f8d4f90093a11c7892ba9f09bca7ae59e9aef,ramping
0x685cfcca124dff067599a50549a6ccbb3f88d731,ramping
0x158e4dab32fba1d46dfa9142b08aa25959dcf68e,ramping
0x4390d1e8c39c931b45c575695a97583e0f2fbbb4,ramping
0x4d73b31199a1225fbe57c6f8034b09a774f806d0,ramping
0x3f42ee290a3a191b90dad0cf7b1827645319d418,ramping
0x8c471177e4b1fe0fefae76551367a8e8befad22a,ramping
0x6c6d318f2948bf9a51de0c448c2ad857af96f39b,ramping
0xc665cba02d5469a8a008060a9f09c2ef5a60c293,ramping
0x39235486d9d07bdb0cd31ce983b6365459cf9bcf,ramping
0xb329425a9fa744703ac629c5f3927ea812bcf1a5,ramping
0xcf98d746076042dfcaa1d40af02fd4d563f617e2,ramping
0x6add60db0a8716f108625451d3edd0b677ead115,ramping
0x4538e7ca6683a192e2e4351fc894f27717a65b7b,ramping
0xdf203113540a1ba2281b60e43436d45e10248728,ramping
0x97eba517149f81ed7e890f391e437cac818e3d26,ramping
0x50e70fe0020baaeff4c6faf71ca1fa490492aecd,ramping
0x0adfd2cbbf1a411244e7b35f02472b7e305b21f8,ramping
0x14b75e98f60c7fef59ed43804a55a6d271f0fb6c,ramping
0x1359af2593fad8ac9d9a8a787965a8a1e7a007a0,ramping
0x96630097dd12267b48105ab2e2643e6ac4522161,ramping
0xdf81550db4955e2374d3c9c9b7afe69888af082b,ramping
0xd813e0b30cddfabd28bd1ae18a412357ea9221a7,ramping
0x6634c02666a7feda69d0436b956a828baab2d3ac,ramping
0xa6d2aca331790ba75146de7c41e347c8a7e5f6f6,ramping
0x6b7436079577506ec730e99afdae9b64327b6429,ramping
0xb7698d1173b3e0f2fe0b9000f744ce1a4f92f03a,ramping
0xa5c30a0fdf4834fcfc4a178de7f78c65f17f1888,ramping
0x4e990d7351856196ec0ecf7f7cc6a431a4982297,ramping
0xaf8975eec903fabce16bd8fafb1da98bdf2c7363,ramping
0x3b0c4d6aec69b72d8a4acd63b75ff02fc5f093ac,ramping
0xcc64b4fa9a52f608dbbeca7e4b974e14964a7a6b,ramping
0x5056ea89710cdd672510e19e4865c7c8cfab9199,ramping
0x1ff44c93a5bfc0e2c04a93bfd1102541748dee85,ramping
0x5b109a47c3df382413ee019a71607cff15dd74a0,ramping
0xec3d594635e0d25f3c98f634fe2b858b80c6d413,ramping
0x004629ac2dfc15095226b2e8db6933ca14f199b2,ramping
0x9e35de9f2c7359617b5cc56224b95af759d105af,ramping
0x3da6fb2ef43d8c7e049e708a4d0c35acfe11a05f,ramping
0x248599857ace625e56e43526f61d9d8fd935c491,ramping
0x4e320bc8f0af80eea9d7b3e66d3b13549cbba673,ramping
0xedf920f160599a3e98dd72193c8e3dbf68972c52,ramping
0xf738b5407c1d99595faa212f0fd80de96f1c5ce3,ramping
0x0b9d86aa8a56219049775efc8c6c1f025feb1ee0,ramping
0xcefb21c1e79e7cdbdde78dfc8d679413aefc9fd5,ramping
0xfd1d23fbfc5e1a6d91f21fa10b3b0411bf1e17b2,ramping
0x17437df467207b0ad21b36fae42738238cb98d59,ramping
0xbdd6c55ef0a7cc387c0d7134456ff0e425f7d112,ramping
0xb136815e0fe15e2413f57ca8b89427141fb1e468,ramping
0xd7e437bc3c98b00ed0c80ec1a818014ee94e1896,ramping
0x0960347fab32b704e0bc7bd375db962e47526e09,ramping
0x508608f076f55edd8737c335e19c75b2c5ee8a5e,ramping
0x2767b5cdc2fa457ef4510b743bf1f0f0fbfe048f,ramping
0x77432c207fc5e195b05cf5b8749f99df4568d5f3,ramping
0x648102301529ee22f1e0583fc2ceb06609f4498d,ramping
0x889cdc21cf580991616efdd8220ff51e0c692b58,ramping
0x902f02931500a6bd313f1e8af17456fba2ca7fe1,ramping
0xe38a8eaa7b628d8aee03d40481186ec984a2b10c,ramping
0x69e36e9e16c9b9ebcfa35f77b27ae3f05030c1ed,ramping
0x51383723bf528aeadd447565223fa58f440e7082,ramping
0x875bc253f4f7c4baa1a252cbd016e75f90477ed6,ramping
0xc513214b2e2635b500afb34c1e0459cd0c3ad864,ramping
0x4ddd1ab1b71e661eb7a5129d7b14e46e14d7a650,ramping
0x8b1a51960a54677a7425359f6791623daf25fc4e,ramping
0xacc73c3edf0642a33f131102ee44cf67e1d4b757,ramping
0x52829397731df37cd077973271e78fa887ee400c,ramping
0xd355e947c24769e9159506d4141d1d2ac2236dce,ramping
0x0eb7583ac3bf548a0003856598d57530ff2797e7,ramping
0xdb0d7f36ecccb9fa496402f57227a155ef21e8ba,ramping
0x75820e7576580f48e23ddf192f446fb5ebf8c7f1,ramping
0x653167c0f3e47ed98edcf397ad57ae26a64fd281,ramping
0xab16125d58565e8de82e28e5713aac4a4e60e0fc,ramping
0x4fe74f200d48c6494d014ddc80237f6d434bd67b,ramping
0x2a7cc1439253942be8e57e0484bef74db70b52c6,ramping
0xc81fcec2f768d7536b899cb2bc74953150eceee8,ramping
0x3c7276e95990115121b43b2a673856b11a1f58a0,ramping
0xb9b4410284c15fdd29bc14d20a5e615dacf1d129,ramping
0x833fcbf89e303294a2b60a0e31f13c8fd1444596,ramping
0x4e245a3e1c6325449a7e736657192d420a9fa4bd,ramping
0x1b9de95567eb514379c2e34f99014bba32077b70,ramping
0xeed3e663a126227f296174b6a479a4ef70a7ac7e,ramping
0x8ba57682fcfa83187dfcf7f5c6349c7435802391,ramping
0x9ef38b5e87e666d1c8dca869d60fb01c9c8fa034,ramping
0x08b09447f62411e965636cac6f9d207d7e053e40,ramping
0x5bbe619b1f9690cf474da0f251790b913aca6cda,ramping
0xbaeada1c9f9aa1167999a185c0be4f4ba4debcd7,ramping
0x9fae409487c86cc800b77bfbd5d03f7b15b1185e,ramping
0xf591a1712ca8f329c5f3ea19ea85dd5613e41e6f,ramping
0x98deb1e762047edac6f27d050dcc4f119fd2116e,ramping
0xbf6c38ca50b88a86a2a2cd893ff4b07831afc33c,ramping
0xb72c7ff1721e6c5f1e2a24a417c7b471483a6b0b,ramping
0xd0097aac03f86255aa3013bb834a1db2dc28f1f4,ramping
0x17956defff067335bab07b72fe415c6e44e3b34d,ramping
0x02a8f1fa5e5329f6b68bfa743c21f57de7eaf1f9,ramping
0x1e016030293553868345c0d5534156aac783d2ce,ramping
0x19c7a00cdc4894d34044b0f3204c73864340c01f,ramping
0xcd887b7e16dd442b43bc74646422ca5aff9c2078,ramping
0x6972216b7735166335636d103fbdb78851f776c4,ramping
0x2cfc18e2b3b7932120cdfac9df3aa8a1bb0addf2,ramping
0x9b08a4033a84d882bcbdcc942053315ba41b1254,ramping
0x07a4ba573dd310d326c74fd993f29ddb51d29c20,ramping
0x7d48498924838072a6c51ba299113c15eed15745,ramping
0x91ad59510af3a5b66b954239f17973b5aaef2e7a,ramping
0x60ba0417230f3d172fe5fd057fe72d00d15960ce,ramping
0xac62182b94b7562824311659605fe5eac394cbd9,ramping
0xb7eb03bf01b2e6fef8399a8b3f62ccdbb92bbb25,ramping
0x904ef89cf52c969bf231cbaa97b221f95a504dab,ramping
0xfd44d4d856c67d5f0ae7c14de0d5efe26c1feda3,ramping
0x73c45913e03211bb1f39f0f7adbfdfc0e595ce0d,ramping
0x34a458507fd112e22972f44ea8dff70b0e77ba3c,ramping
0x80efd9f535414024b5ff84003e3aa33afd1db7d9,ramping
0x295a5eaab766ea53df8a86c6ead00528484a44ce,ramping
0xaa68f034feabf13f33baa60e25654664f98c6ca2,ramping
0x8b2490bda1ce9e46d1147cdb219093ad99280b67,ramping
0x378d7759b952d333f1dbdcc8801088bc608b2c06,ramping
0xfa83df47f5b5fbfcb43bc36f82212cdbc2f24ecf,ramping
0x582cf3c10473c4718b9fa0b908d6abd71c730ca2,ramping
0x6f4edb08544d55c0f30bf8a94fdac3e2815426bc,ramping
0x0a5b0aa95e012f720be6e1580899e61ad76c1c52,ramping
0xb0b97a26364c12e89695f004984f4a790a40933a,ramping
0xfc75f341b60c1007c15facf4bc4fa558ae816b40,ramping
0xaf13eb757747645f90157570331a22384b0fd0b7,ramping
0xfc7104bbef69956a0a16e3130f341fbe9988e276,ramping
0x3f4a1ae290cb11d84c99b80773e93ace4d864665,ramping
0x38dfca1fbe343350db9d1a9f399de16f7f711223,ramping
0xcd1d3821fcc1641f5ac35cc6531d6701466b66d6,ramping
0x8ec84bdfbaee9b4ddc1bb1277358b686237799aa,ramping
0x8c4563400c2286610e28ac52222e3b3fbe164240,ramping
0xe060a1ec583a7c9b2655d337e80809b503bef5c9,ramping
0x101b060d54adfffa30de5aa5bf01a0cbdd56e4f1,ramping
0x8061efa43ba4e4efd07e095ea653fb949f095e76,ramping
0xe6cce01ddcf8fc7d4f14dabdc86e92fe0c44e675,ramping
0xf90cd960194e5d7f79cb2b61e19c1de5558622cf,ramping
0x51fb198695d3b27a2c11f0e95458c68a51efbae8,ramping
0x49cfb6f2bb3213595afb7aa05a18dd4a0bd0c3fd,ramping
0x455fb1c00ed834f31d2b62398345dd10af808e91,ramping
0x1cc0dfb85b286139fe670f24e231a57538492855,ramping
0x581ae8f2478a0676f47aebb6b50535ce1bb5c3b8,ramping
0x187c2a68fccdd949fe9791ad016e2340d53fbe07,ramping
0x7b0bd2f583d719973e5c4dcd98b15e9791e9d576,ramping
0x0115c6f6fdc686f0e364512e139879f04c3f5a43,ramping
0xa43c954a00732563772ce856bae4f8c4ddb21416,ramping
0x00fc7d7c181ca9799283e8773d8149fbcf11c838,ramping
0xae6a84387bb8bcd4f7fedfea8788dc56595c6958,ramping
0xb08fa206b8ce6589eaf0bac728719240e51cf877,ramping
0x3fb903b1ee44b502050e372701feba39569672ff,ramping
0x305749b3fa076ae092c90d78a17287aaf522b3a6,ramping
0x5cf892d6de06bbacacfdb735c64e4e1521f726eb,ramping
0xa8c9f63d9517a4c28bf28c260c4d28b257f1c52f,ramping
0x7f5bea28702adc79da9e59aef46f0a8ae9443cb8,ramping
0xeca5a004e39e50faf8f49bd8ec4f6d16a01dfcb8,ramping
0x6d024372d36d5fe43571de7268a2fc24fc1a07b3,ramping
0x2072d7979befbc8920661a4e7a4dbcc5232b894c,ramping
0xb9fcc4f7a773061d643418d6a04829821c79941d,ramping
0x91e1e7ae4cb06f9d2cd0a411cd91640f7c41fed2,ramping
0xf77af0754c0dc57e4ee8c3f2a63c2c3fd67ec903,ramping
0x7b0d37a34d19abf3f1b03ddc6144e0d7e69b41ca,ramping
0x64d5ed63276137709b5e6f27bf00bb420578b15d,ramping
0xae1cc91ee77b4254c8cbd31927b4da7cc00e04ae,ramping
0x726e528d0c4e0e1a66f16742d2101794feb94ddc,ramping
0x1718b98cecfcca722d5042bfab31aeb3736773af,ramping
0xd5f7aa39186fe29f718751fec1e8ede4c9747a8a,ramping
0xc23e897f12d39df31c85ebb6d2b8700ace7c8c1a,ramping
0x79da15f0318dfa4dd291af1479398d24123da06d,ramping
0x4922a72ae4e595759b8263437707f5b2f1468e55,ramping
0xa255cc0173fa03142cc37be3f1bab470834e231e,ramping
0x78e19c3f24856e7f100349d791ea610d14eb5982,ramping
0x58d0b912ce1b5aec8db84b3e79074a60b44c90cd,ramping
0xde1d88235626ca12bd92f79d95e14e3cba656c67,ramping
0xc56b3c0c617e676f79f338d7bcfdf3f1c122f2e4,ramping
0xe01590a2316bc52a592747f1ffa1681345a6f59f,ramping
0x7b47457fb43949a37248860a44ddea1df6d8345e,ramping
0x7ed365f7ac34211e52c63f6f1838a9e09a577fc1,ramping
0x6e59da603e26b894e8095567e4f368931670c11f,ramping
0xbbd8e6d81b84c65c74799a4ccc4c3038d7c08123,ramping
0xabe24fa15fd1c3c90d75be0ead3953badbe0e7d1,ramping
0x643bfc929ef72b523aade9e8e8f77d943da047b0,ramping
0x58b10b8585a065ae837476826da5fb1fb3c42385,ramping
0x8aeadbe9cc6d0a6021899c90c6c757c600f2a6f1,ramping
0xd749cc87c0130d5fff5ca073fbe7e8117b42e79b,ramping
0x8eac9d220360bb4cb3e11cac8d92b844ae9b019b,ramping
0x297d6e0a0a057efcdf4c38891e4c52368f2db8dc,ramping
0xacd4cff1b397aeaa01cbd65202b34e3292b6ab9e,ramping
0x80e286894e5a8d573adcb84c781a52816feee36a,ramping
0xeba0f126c9e7f303038df8f734a18efda4049485,ramping
0x0fbab077b3caa500f17cd9c6a7316c2f413dd88a,ramping
0xdb56eb931e7777dd3bf0ff2056d8e1a5b339da9e,ramping
0xcd63b71f89ad4aeebf60ac729ee32eda2ecddbdb,ramping
0x1557da0af38cf12627f0614ec3d521b804c03562,ramping
0x8fa6f0ac8b7d8178432e0506d6d9a19b5377aa4a,ramping
0x61f994200fe88c76fdac26b49a94d525793a4301,ramping
0xce28d62d7d44a8abbd1d3b4e5a236083b2889bef,ramping
0xc693e6c44972698970e0d30f5a0409341ccadca6,ramping
0x674885e1b8c396f00d3fd42c8a58dca90ce952ba,ramping
0x045ca98dea484c2f6614b6a7547683f09790832a,ramping
0x8f666ff524e303cc67b8cc220a27a68c9760822c,ramping
0xb9ef749dd784a809e2f2d598d44ef1403ae117be,ramping
0x3bfce7a67aeef474a0b9cbe106cd3f4e49fafbc1,ramping
0xb2368fe352a2e0a006ac53a86718a56bf5d42e3b,ramping
0xe2be3fd3a66178c8954ece9fdcd73f60ef584542,ramping
0x44904b602269422cedba59045907b6ddd06e4fdc,ramping
0xf4d69a47aec51316dd55988c3a4286226f5319ac,ramping
0x156f1b13139f0e9c64f717bc8ac03e66e39bbb1c,ramping
0xf2fdc3039b776bf8ca6e06c018014333eabdbc1e,ramping
0x8d73771ea04bc6ba37130a5c6149fd0507841712,ramping
0x2f5e80e84be1c7b96959f8b514663ef5df43da9f,ramping
0xbbb2aebcc1fbc3af61c554973f942ada3be0ae07,ramping
0x898e3ea498d79ada2788ef6e165ddf6bbe87c7be,ramping
0x74f801e8fa8a3ef9503caea2a0b070c74eb258cf,ramping
0x7ca6ae2251718a9209e2e6e0dde49471e3a78673,ramping
0x3ba49bf95628792de57cd1c7de69b3441f3f3755,ramping
0x040970c9a984120ab042153dd7c3a4a989df6a9f,ramping
0x72370a7ac3b4fc39c612bce702c92394091a037c,ramping
0xc0e6114460225082e2be3a7583ac6364a6d04fdb,ramping
0xf372832bddc78834e68908d98285f2b8a98af85d,ramping
0x7a7ea6825517e02c818483ff01e73e9efa1a115d,ramping
0xd188b18e667997b53bd67a162d8334c18ee47e11,ramping
0x3b2d7422bf6a71bb11415b82dcf46931aeee3fc2,ramping
0xb8cfe0add8eb501ef590dd279376adfd0444c2ed,ramping
0xa8fc3ab1980a6de071c4f8e1178cffddd367d273,ramping
0xa4e328a30512f5f98590582d3887bb6983a89612,ramping
0x3a852577d3b119bfc373d766c60948ca924bed94,ramping
0x6aecf0c4582255d3553f01fcb8d55899cd65a4b9,ramping
0x1002d41010980b6170d69500cc16728d1d6982f4,ramping
0x7a3e2f72d5fd0194c9a2e666a674f5361897e91d,ramping
0xc4ddbf39ab966a1044b9dc9feafa8ecc48347fba,ramping
0x902e13361944cd072244b771b8e133d6450ee9af,ramping
0x79e361e310d97c2cc53d5d89ec4ec700bf1c66b4,ramping
0x8a498167497db1d0a32c27e20760f2453fc9617d,ramping
0x82941573fe15cfc483a553fcbef7909138221277,ramping
0x05730515cacf0dada70d7a651cf4e7196e2a8f8f,ramping
0x6c01e19b6036986de6f1acb7bb921ef6c32fe82f,ramping
0x822f0b611d28243b3bddc3a3616675ce4f74a919,ramping
0x979c69c94ab416d43a82e36d4a38d557e8b6b31c,ramping
0x7276e35a84c234fa0bd63fd31c41d00ebcff9ac8,ramping
0xaa4e109c9965ca93b99ab2346614b31a1c79f859,ramping
0x9f278476226adc7135742009242a547d3d0431d9,ramping
0x8f5aa1a12817772090214d7c38f21b202867c2c1,ramping
0x7927a97ba91637cb1f1cb3f9edaea14b355d35dc,ramping
0x5929fc50b8460374739cc7e99d5c6cf18f642d28,ramping
0xb0371c9f273cc2f006d35c6f5310b1c96752cd52,ramping
0x2a64e08cf1ca719318e4eee7d37042c25295b38c,ramping
0xe587a4974fb091ce4332df1179ca3c28666eb49e,ramping
0x18a1b6f56c9e32b1e6517d2d2e1d5a1b386d957a,ramping
0xfeb57914e2a9c0fa818f41a6a119ae9a85d26b48,ramping
0xce6517d20b2f8784dde75cb488d74e7d78c7f8c3,ramping
0x838a839d60c1ddbbb569d794bc0775b4363dbb7d,ramping
0x6cd0e2426f10716d00678a09cfd8aa080d0bdd3f,ramping
0xa9e82fb620517d86de709fe677addce7f7248ef3,ramping
0xc48c7cde4afc6aa58acab75d78c6e3dd80d2ed53,ramping
0x8cb743fbbc7f7e31a5d39307ed29667cf5718126,ramping
0xfeab4eba7c398c8d660d9db369dab865e3dfc2ac,ramping
0xc7dac9856c4d67ada679766f485b82f9e5d7b98f,ramping
0x75cb30c28b7948ba9c2aac4c20a91fa727a9230b,ramping
0x0e962b16c8c0a5d47dd446e0493f5b0b2c2ddd77,ramping
0xd0b3e9b7558982343240f909fe422b5066325973,ramping
0x21a74c6086628ee87ff7d8aa5c79463be2c5f5a4,ramping
0x8f2d5840031414cc3e99c51602a6e1c2bae379e9,ramping
0x1576064c2798d522e7e9b282990d125e58afca4c,ramping
0x92534e74fd03784b8ee0a27350fb048a4e3e1cda,ramping
0xff595d9e2e26161e47daa6a0298e2b5ada784947,ramping
0x1ff9852f1b9f0cd3f199ce916ba079a9f7850e82,ramping
0x986fcd1f414564ac4507a26c48f5e474d14e37a9,ramping
0x74a0624e560b48c2265c1f267a58d45fc834d67b,ramping
0x276832f6d7496bdb2dbbd15a58a41d6070e80570,ramping
0x32a735f903c801bde90f7b4381623c11be8214b9,ramping
0xe0477dc6747e901a26528944c8a22c24d9fe5cbf,ramping
0x9a7f5a03b6dd3d57419b79418e5a91945eb96675,ramping
0x39873b271667d96ca24612c8c432aa9e0be5f725,ramping
0xe1999dec259f98671e3ce0267d3d4ea1a84f983c,ramping
0x8fe800f4e9bf2d82217ec99c8b297b9d46c5a62e,ramping
0x23dc1cb8cc5cff5441d49a58a26625a4de4fa0e4,ramping
0x09f0cac31a410619bda1ca4acd502efd27c4e906,ramping
0xd362287a4af8ddd34d37d8066f17bfef044d0c73,ramping
0x04160f84b0cec0a46bf230e1ba76ac7033da9b4a,ramping
0xe2a3b197b5237ef6b998a293d3f89265fa3535b1,ramping
0x3e3ef5b2d80b5fdacf4a9cdd2e7ff8a05ae3d0e1,ramping
0x9837fd41543471f7953238f065bfaca124e80a93,ramping
0xc4d04df4917d131fb89a7766324d1eb2c5557fd3,ramping
0xfcb1bf667c96cef557cbdadfb17bade9ce16b095,ramping
0xa4d1e15d253f29ad264c898ea052c65a6f8a9993,ramping
0x8799331072aed77f3a10d510ee95373016a2283e,ramping
0xecfb62dbf12f1b317413614423a9bd3ec32f91e9,ramping
0x2f752ab84ca2bf567aa4f2826a2be2b740a5c0a6,ramping
0x2a1583b17fe974a5c4ed72b09a6f2b83c3734dc3,ramping
0x8aa42723ea358f26a1957ba9444247eac0eab6ec,ramping
0x24098b6b551f568a86007b31b19329e61be52634,ramping
0x515f1343571d1f544c135ad530e45b341a7ffa57,ramping
0x05a1863b4a7a8edb562e593a831e75261cafbb4c,ramping
0xeb87203b384d2d3b2d27380e89bea736e4864ae9,ramping
0x597635c4154a3cab6394ed215a05cd70472c265d,ramping
0x92835d794a1611d7426738789e803b6dec0eda9e,ramping
0x16da39f6b1fb60472221d34087a233db2cf27ab0,ramping
0x56aee6a488e40080db2a3a99484fa730001c9304,ramping
0xf29511ea03dc6113127b2f11146c2334cce6d0c2,ramping
0x3b6573afe2dc1e4212d55e7607cf9a4061c7f39d,ramping
0xe07985fd82241c290b41209954c0cd72705f8c6f,ramping
0xd7c1eb7c2bb29814991831cd7c38333a8e0b5684,ramping
0x2119c29ee83d90e95c9ad285ac7cd1ea9959b60d,ramping
0x78fed58f9d6d689127461841cb29e3652716c773,ramping
0x8fd93150d817b4851f8ebdef3a7fe3329bcef8fc,ramping
0xc54de87452a3d83d4b9db7531be4bc284678c5ac,ramping
0xac8c8b4bc7427226d96805295c4c07c2d4b9930e,ramping
0xc8909e88b3b42f813229fb383482a5ca99fd73d0,ramping
0x0e30062202622e03b11fc922eff167920ad1c4b8,ramping
0x63d2b1396666cff942bc3605627dfbd532ef0a18,ramping
0x9aeae6de5dbbb31755d990828cc29994039fed5c,ramping
0xe76ab8d5c7c97df0e21968197bf7e9424c9896d8,ramping
0x12a3bf13ae44532305291edf58df37fc8aad4c03,ramping
0x504d6ae5d68f79f0d09ed9afc34780a4dcaca150,ramping
0xd92cbf15e339e580d200b806c2faaf252200160f,ramping
0x39049307dfc098998b5c088d25460da5c8db8b39,ramping
0x337f706acfd66cab0e58240b9a50cc69eca1bd05,ramping
0xbae8f6996d02d1425281141d43d61c193b24ac53,ramping
0xe03d93965107e9fa9781c7a34ca0ec0e5c7e907f,ramping
0x21a5ab4ec9789420b73c084bb181dd7b381fb315,ramping
0x0656ecd1ebf08219ad3d8708abbeb9430dd13c48,ramping
0xee90ca6856348437feb5412b7cb407f5bb91e253,ramping
0xe237e76934794673f5937d2b4b2af4d2508bf4e0,ramping
0x37f9fb88a7c60df64c62196e131b15be14826a41,ramping
0x969e8d0521ac6f51b983341624d3f80b430b07ba,ramping
0x679533ffc73eba48760fa42d0be83cf70fc4bab3,ramping
0x6f7e7cd326b719f973563def8544487d54e2d9f9,ramping
0x8c1f1233663cefbde6114535dcc976d0322399f3,ramping
0x96730397e31417c432b61c62b979e119e287a1dc,ramping
0x10a1e9eedaa1e61fde50bd66a55d8b057e89aea9,ramping
0x21c7b45268ab976e042a8545472dc41ec29fc523,ramping
0x90af1f8aefd0ee6f2081f99bdc52b7b0646c25d9,ramping
0x346f9484eed629c5f5f7118302c5de334d7686ed,ramping
0xbfa8a9a34b3603fb076dfdeb135e9996c43b10ac,ramping
0x612ae02dd2364ea18026b15c6629ed7b64999b4a,ramping
0x9d0134a62bc2207ecf16f720dcf4e855d9c10ef0,ramping
0x94d0fd839c14d8e8ea947c19d27653a88d793db4,ramping
0x6757443b439731688e2b03478e35367af3301a35,ramping
0x60478823bc1665c1da2c156a2c5a73b67ee02401,ramping
0xb31121c80a64e11980fb100c820bfe514c5bd8ed,ramping
0xc1b51f5d60f74ceb22a0f3ab52c1b8c42424ebaf,ramping
0x0c4289a00f17bb6cfa8904a333e3f93ac5fdcbc2,ramping
0xee9ffee320f9ac154946b80c83ca0700b41dd70a,ramping
0x3533dcaa9f2e45ac79d2aa2f56c680128109c868,ramping
0x2af80a1642dd6f45398777e86ea4906881676d1f,ramping
0x3fde1314bcad5bb4c386e8dfaecc4d3e553a9560,ramping
0x9734c45ecdef8ccd5d16e3c19a7c5fc35c826b10,ramping
0x1684cecbeeb2385cf1374830e23d827407648ccb,ramping
0x1b6c6cf9a6f32f0d829715312f60151a162e69c4,ramping
0x21fbf16a0711450cbd6701a9eae0be500756fa18,ramping
0xf6b62b76447a9191b42c5723918c393d9b37ce1d,ramping
0x535c5523593dc68bddcf4e111fc7f08058f987af,ramping
0xb6816e92c458cc2e792986decf0c61c3672d147b,ramping
0x09af36a4eae76a7b55b104beefb13572d5163518,ramping
0x6d879aabe20eb45c2ab16589a8d67bf662c86020,ramping
0x057d108f7dfb63c25e111057b31cfcc94e81d15d,ramping
0x7901b6558f0f8e24feb7761b42e3f6ea0b53ad51,ramping
0x30ee113d62ca2be1e669ae71fd3b5e25016ffec4,ramping
0xc6c81e3e9f1eb8a3eaf373c54892e22d5d44a255,ramping
0x2f28d51d7c86ffc3fa65de9b5c12655042cf6c25,ramping
0xcfaf43c5f0b0e36952195a8b72151232884a8c6e,ramping
0xe925dbd616bcc73ffe9160e9a21f3b9369ceb681,ramping
0xa1bf767f9e68bc664abb11cf1295b3025b8f80eb,ramping
0x7fd02bcf1e7a17a984316173266ea0e83afe01a4,ramping
0x6433310971afa4bebb6b09e04631f959adaaf3aa,ramping
0xd56d12a5e6150f1807a240b13b20a872604512b2,ramping
0x3b8e5844f57a2b957b43938ea4b32d881715e2b8,ramping
0x64ef976a9db1b7d5e5368047fae32da385a919de,ramping
0xcd09d42bb33f8707fe29aed1a7940fdca7fd9496,ramping
0xc3d98e3f127bfae1d91bbdc7d6c8992e57c2e6a9,ramping
0x726a692631eda55c2afcc886735fef89ec3c655e,ramping
0xa0011c44adc6b9877a78b0fb98828aae4368cf27,ramping
0x5253b32f850ab60bf7321fcaaae46a23034a86a5,ramping
0x4484fb50a7861e8852fe9eb14ea00a325df16a5f,ramping
0x253c8b6e19fb8249c2348ee687626dfbb35c997b,ramping
0xcfe902328cea189c6af187ee31bf97b2d9f9fa99,ramping
0x3842e5c3b69f1d53e658c956b848e1e43a2ca339,ramping
0x3f99fe88052c4754dd55a54dd301e979f6ababec,ramping
0x31b5fd5f1ca28edf84743e5c63672e9cbf1453c9,ramping
0x7ec6ab40dcaf0abfb52acae1094eb26352fc0ab6,ramping
0xde9940bb912d4b332d0d5130098bbf404ae5a970,ramping
0x7e80cf78206f71ba8a6afc8f4726c3c0ff167406,ramping
0xf88285cc3a3c3acb3a06d18abe98e402e413ab81,ramping
0x253dd57300904225762960755b7662e6ae06492d,ramping
0xfb78f919cc7c09efc87e01e5b0a0faf584412ec4,ramping
0xfb3bb561e6fcb14aa2e781c98ba1324cd673687f,ramping
0x3ae1ecaead6cffcfb22a2ae840706396f4e3ad7a,ramping
0x524b48256b4f42381b8edfaf642d08f16d343194,ramping
0xbd210160565d6355ecc01ec0346ddfd637472371,ramping
0xe43f9dc7041b76f31f80e72bdf0c0dafe5ee4660,ramping
0xb6d0049c271372ebb102ab9cf4dfbec18ee420f2,ramping
0x6b29cf518de95fd01d7df4a9967b3c8b5382e17f,ramping
0x176efcbea2eb0a5a87762fdb7da83360c2358644,ramping
0x048ea5b87c7f5ba7629d5d132f2bfb6db2070cd0,ramping
0x94bc9713960051de1ffb32539eaa29ca55e120ef,ramping
0x5c742c3d0aabe9bb650da465731347dcdd0af1a4,ramping
0x279457a7b1f70e23ab474996763a045e31033581,ramping
0x4a936e5f31fc71fac5deca14c758657ec23f02ae,ramping
0x88d7f2bae67005fdd060789477185a13fb21b600,ramping
0xbc41e01046513339071b9173a6bcd4a23b4d68f8,ramping
0xa8a20308abf568f7ab2327e29a9a04243daefe11,ramping
0xeb042f83b25740553c123fe792dd4341d6fc7fb6,ramping
0x98e3f3c96f3b2ffc7b21f21af8262acbedbce581,ramping
0xa44e67bcf631e3ca82a2a0d34d5466a4a84bbe6c,ramping
0xe209ba3c3e642806e37a46f8d36110a7391755b5,ramping
0xa6d56dc7b69a7803bc7beb45d3bbb306074e3c92,ramping
0xb6350ff5c5d5b327fd21ffc4226cbcf269e12807,ramping
0x8a48cd7052d00cc7840a38a97fe12fcc93b9e752,ramping
0xcb5e1211169793f18ae2b586f278a7042373ae38,ramping
0xf9a221c3f1d9156738dbd2f310e9eb921356cbed,ramping
0x10fe3840b67cc50a477150ba2f429b7539486098,ramping
0x840656a78c364f818faacfb1de84a247571af4fa,ramping
0xc714f6ec172a1b8bbb3c543176ba478fe214c21e,ramping
0x5f2c21fadfd5a07a031d93877fc92470d34ec758,ramping
0x8ceb4e7f07d2562cbc727175719a3ec03f77fbdf,ramping
0x53f77961872df75ddd839107e8a1bcdc8dd44f09,ramping
0x78fecc883e9f5b7733eee6061fab16ad72199b57,ramping
0x5dbc907d0c6b555d8deed7c1377bb355f5e9f0d4,ramping
0x0330a106ad818910b384a4f20ece6ca8a41927ba,ramping
0x0b73363ddfecdb1c98f414d2744f66262b927279,ramping
0xd6fc72879d19c6854bbbe4b616dfbcc68f3a3448,ramping
0x4f065b6ae01858c6d2c51d9fdbcdc6d96d26a7d1,ramping
0xc4cbe39f7a4a995b0982b50dac633419b7c2c3c5,ramping
0xf26a6c4ac589efb0a5b3761bded435e5fa2816d8,ramping
0x30de3701fde12992fccdc16236a9312676e1739d,ramping
0xa7806f495c12d33bd412e1632303418afeead745,ramping
0xd288d7f4cf84bc426bcde3d07828879a8a093aa5,ramping
0x141c36d06e58ef6ea9c356a945e992d7ff384f1a,ramping
0xae6687da3c6f7b5f238875813da409e1c8a0914e,ramping
0xd44b1f02c5d20a6c6b26530eba87371751566a0f,ramping
0x17fed0c3a62d429b62fc8bc312a2f22c934d1b9a,ramping
0x5fb12f5779b84f10919c3ee3187ae175261cc6b9,ramping
0x84dd958f5554b76cb91347ee408f4f63cc6ec307,ramping
0x2406314e94f89987663a19fae06b91c9b71281a8,ramping
0xd28dcceae4790221f449f6764c79abe8858b9389,ramping
0x55898932b0efc2e842296d8de718c7ebc2b421e2,ramping
0xd961222687e3b34c86e731cb2ce17cff1b3a5f15,ramping
0x45aec4359f0fcb139c25ff7c0b2b1e040457085b,ramping
0xd83e1ef1abe540f066b949c7b8349a6a4965fcc8,ramping
0xc2144f8973822eee5da3c4c22654ec46d2a0dc49,ramping
0x4147986c9eefeda9cf7e10f7d85aa5c60e2d6cb9,ramping
0x11e5fdea58d5873ad38711d70e0532c693997128,ramping
0x53f783ebcbb9d57bdc338d73ea2fbecce8231fce,ramping
0xa0d41d4b6642740e6fe36be7a903b9417cd1f53d,ramping
0x081872c4c9ecd6dac166c2d1e353f3f819bab9b5,ramping
0xe37cb0982b2b9a7b9c9e0c00e280e5676d3ea266,ramping
0x2051dfd76ff78d49f2d392bbdf2d6f9fb82e4bd4,ramping
0x78fcc047585ee507973585cc3f03fbdefce19120,ramping
0x35d7333329cdba1e6321aa1e0de66e3497ea0a45,ramping
0x4e8ee14e8cbc7054a394526b5708a408719b5604,ramping
0x86027e597b77714810b7a91241503c56675b9ff9,ramping
0xa2134f906e65d3f83bbc2036c444db40e1a2a3b0,ramping
0x7bbea2f484a7f75d438e20cb6981f6caac812f5e,ramping
0xbdcc3d9c51ebe5fe78ef5a3fca9f3d6febf0de75,ramping
0x0455ca3fdd82efe3ac8226bc1e782380b24737f5,ramping
0xcf90196ca0912c7025291ebb9864e6ab734615d2,ramping
0x35b8382b82db9a69a18491369a01ab8049f378a1,ramping
0x3e20fae4a27c491e4c916a308dc5644dffa740ee,ramping
0xe73e645c8c80fbeecfb4c1efa5dd04cc454d07c5,ramping
0xe722a57cdd9806d57a1d2819c2c35b6be61754c3,ramping
0xea096d40a82ee54d755f50ef858546dd2eae4f02,ramping
0x17e0f5d9f31307e7448b8aa1282c5448cce75248,ramping
0x878bb0d677aad4957e55ce1ec1171760d81e4ee0,ramping
0x90276c3dbe39a4fac0379f20d95c7927dbbb00cb,ramping
0xeb347a9368ac26f00490e2f4a06121358b70b373,ramping
0x2e8ac594020a30e1ab6f39a3e68dbc9a8dc7da5c,ramping
0x3cdcab99898d94ef243f1d4899ed525a8103cfc0,ramping
0xdd4993b9fbfae6749c669c09a67bce2b9d15f520,ramping
0xcf2671ea6949a834cdd7ef5209284e2f6a7518e2,ramping
0x127c60530735f721a4a4ded0c1ddfd05c33e9ae3,ramping
0xcfcab3a91317f941a37bdb3aeaaa2f4a5ecd00d3,ramping
0xd8e23ec45a86259893f2a173d32d1b54d1d05ab8,ramping
0x61cccbeaafc1a0bc5bf72a71a0113bb509dd2e67,ramping
0xa7c08fb4496304453f94d8cf82ed54346fba1b8b,ramping
0x7c932e59c56eeca9585fec55562192cec79bd0f5,ramping
0x41c96b24cd17c02c9ff3ed81d318c40fca813046,ramping
0x1422e52b6987168979bf376e9a134f34381eb1e3,ramping
0x50bc10d04d3a6a1917e6a457e5c42845376527c8,ramping
0xeb5237a99a2dc911279b6e2d0e4bdecd96390fb6,ramping
0xf3e2a4a686f098eb158d5a50c2cc7b53a31c7fad,ramping
0x865d6a6e8e020350bc01c1d3b8b21c3e251b5845,ramping
0x0c241acdaefc2dd96d6c5001727f09eb4b52f1ad,ramping
0x494970fabf12bec5b6847749a589d23e63ad847a,ramping
0xcb4f005257b14edf625a420c8504fe0b65486f1c,ramping
0xecff41b5be2cc3112e9b7c00521d72ca1eb2de92,ramping
0x4f26ea99947bedfa743a5b89a4e9c61cc46e57f0,ramping
0x9824a1a28d102e45810334afe091f5e6c10cc26a,ramping
0x69d223bd03a0b86f48dca5d4b0abfdb0127bb816,ramping
0x76b5295f4f6a7fb56a84a3e4f0304195b356381b,ramping
0x17d39b6da750067e2d467639fe34547275d05414,ramping
0x9415d0acaa06d06987d61e49cf471ffd9fbfc268,ramping
0xcc6571f45af4407e7a83aeeb2eaa28f1bf07f551,ramping
0x920aeac3434461976f44271c9b408f9279f73124,ramping
0xe177877d3846e988f998ba3e230a2c0095ef0d6d,ramping
0xfef6c05ac6b8cb40908085d67fa881c3fba12475,ramping
0x723fa748d53faf6004ba4633ad8fc76840d61318,ramping
0xcebe89f9b8deabe170de9c93610691fb51d5f3d1,ramping
0xc428d661c674add72b26942a298fbb56d5537ca5,ramping
0x9feba98f8a6e0217d9a59fa120867c381b0ef91c,ramping
0x6a778a24bedcb792b72cc4306f228dc2c8e0c6af,ramping
0x223549e9c3b8d1de608a19c562bd05562c3d0752,ramping
0x1b0add274f10eb8819753d23e18d67b04368a852,ramping
0x334b1bf7867bd05ba4129b5aecf9695679038a33,ramping
0x18360b0e5ecaf949ed6ced7b39ee875af21dd378,ramping
0xced77967c47f7d719723b07882da8236aea4039f,ramping
0x9c3c85550dbfca5e9289757e95b10066459d2122,ramping
0xce30f67eae6421fc658d4237ae055ffeb47575ea,ramping
0xf4f0abd85b1cc4dc8ad300f137db44c9b613f6b7,ramping
0x9408a048adf457921a76901cbdb3150b99f1ef37,ramping
0xbc4f95d1c9a821ca1d0d60e28984ef0bc6204d60,ramping
0x3b44f35536b026b3e46214467edfd1122b09710e,ramping
0x564d564cc373b7e465b42870b15a5b3395a9df09,ramping
0x9e0821d5b3e41411dccf8fc44b56f46ec1ca4a7f,ramping
0xa20c8cf84beceac0919551007b74e2a521efe43b,ramping
0xdc65b6481bba476d369baf1f39a0c140e68df94d,ramping
0x8e10c45a4c641c3545927cd57ecd612cc5f68bc8,ramping
0x3816cac6131648bc7a5a32ed2ce82e52d02eb3ab,ramping
0x9d6f511e2b5b063b64096444128e60b96bfc141c,ramping
0x4220893b1caca99141b502072b857ab5746d1136,ramping
0x314079adeb9c68f5d18b4b678336185aadb682a8,ramping
0x567624f637163f5f31d32bcb5ee5b4ebc2f06a96,ramping
0xf25a1780b8b817274df46a9c2b78b5f465b83eea,ramping
0xb3ba3e1b65cd469cea74fe85f8881f512031de69,ramping
0x6191615d1ecfa848cd61f47a9841eb0abe977ab8,ramping
0xd2cb07eedd4d126a218780e96c91f18c4ed540c9,ramping
0x699a3f59f14c10a22f3aff2d9a79e01eea96083b,ramping
0xbfb7242b0448d86c9d1504e7a12f69a6b0f6b17b,ramping
0x2fbe2e68bc756b400b83a88ccabca510f97fe9b1,ramping
0x626b7cff3eb1370304bf1399cc847c037c9579f6,ramping
0x4f5c73c794a0b16d8772e9165cc6471e77a2b660,ramping
0x55af9e33dbe5c084519dffe7e0bd3d19ad49e9fc,ramping
0x508c28b3aad9df69644187195c583ee3c42d54ce,ramping
0xc9581550a7193a2df93ea724e9aa91308289abd8,ramping
0x452176b2ce6757a83ac0afbbc64a1fd32fc5acdc,ramping
0x2bcb04accf026e1557bb56f4379fe7b0cf1595ea,ramping
0x1ec725815bdc18333774963e4fbc5be61ef9be6b,ramping
0xfb673b7c5bc3cc6058dba07095e0f5ce14ee26a6,ramping
0x1045713efdde04b2cc4a7bee495df089e0d58e64,ramping
0x85fc98d4f5319b7b886974828d51d9935a71922e,ramping
0x74e809f1afc5bceed961c819aee875d3e92fe9f2,ramping
0x78a573590d9d2a1b3370ac65e76748c881e3a43a,ramping
0x6defa92778e02b7a2b65a4bc53717469b454b8c6,ramping
0x6b68aec75625aa56f242ccc965ef62697d408f46,ramping
0x8a466d8ce98dc306c23446dca4d9c168da2820de,ramping
0xf5d89837e3b635a6b56225029980bdf37b98378b,ramping
0xe6c9953cee479c9b3ed9a1d4f6212d9c30e63b1a,ramping
0xc3e0d8ba41c0137a513cb0b49670f6a9e7334043,ramping
0xa41fe79d6c958ec198137278b09850aed34f24a2,ramping
0xf983365459bdb1e2012348f44daa7c702acbafb1,ramping
0x5849493ca9b89d1b3e1be7e6afd6f3d0d6ed4eda,ramping
0x29f001dba008518a39701743a770fdb91fccc320,ramping
0x32c3de32f52c22a4d972b62bf034a7bfbaabcb84,ramping
0xed344cc63ffdaf06a9d8973f7d489eec9e273154,ramping
0x7d6cd50179cd28184c5cc1c10370df3f2d19dd4c,ramping
0xcedfff32de16e3b2cac8ba66a65b1a5a880d9cf2,ramping
0xef7be18ac584d4dbc3f8b5f8964b6949cd676fa9,ramping
0x993eb94863c815ca50969702a407f8008afbf588,ramping
0x3e83f8b26d60a62736bc7384ef42726f91dc444c,ramping
0x1cefcd8ff0b36c2a31301122e2b0486c3b6cd171,ramping
0x3593425e6d914916c6f425a3908449c488fd670e,ramping
0x974ba30a1e21628030e85f58f365e0a6ea188c36,ramping
0xa10a8f64057622afcd5d009085ab58e7f2515918,ramping
0xb01b9ae8877c3dcf80cb5494d33c7b5706479c43,ramping
0xcc602107f6c78c3deaf25c0294a664ca04612893,ramping
0xd3f6762c30b40e9fb27c2b9bc4e3a13de8b3a658,ramping
0x0cd3abb09704d4fbfac6273ed9edd481f2cf35e9,ramping
0x80e8914556d2551bbc2a8f994ae53ad1fd31dc07,ramping
0x1f40f65900668f9f8b4c1bdaba2162de1531023d,ramping
0xfbc70556ad89f1be9e70f5a171fa232cf0216925,ramping
0xca030951e92f83d5fc9bb8139165dbd998a9336d,ramping
0x407e73d610b8697a6f2a9e4ecc997c71694b7d34,ramping
0x8066ed00320e8f0b8f624cad39d017d3d82a6b60,ramping
0x105fbb74c1b743cf5ecb89e218deb4e0d8506550,ramping
0x846d8b78b66011ca778855223434725b35d8b59c,ramping
0x3de08a5411a0c112cccb8cdad5aa3872dcb4440a,ramping
0x34005f39c6cebdf7c0799375e1b7dc0a66e3e043,ramping
0x4a9c4b9cdcefdbfec1873e9cb0c614535d4828d2,ramping
0x4ffeb9fbff4c44a92080224182921f08dad71d29,ramping
0xdf5e830a5efd34999123e65bfbed0a849f49fed9,ramping
0x98c9726b2d084ebbfa0f70b4b6843224409cc4d8,ramping
0xbdc92d885f3ea7e6b022f6839f3b9b11b53bbde2,ramping
0x5678f9ebbb1a759c716f99928538861e03b8a8fc,ramping
0x4f9cc87bbec0e8674b6da048b11cbaec1b97c7c0,ramping
0xa57dcf75e2020040f4ab2cbadf719ad0afd9487a,ramping
0x0244903518a80b64ac3139df6a7727a653ac1df9,ramping
0x72ccce776f9359c740c1103a73509ff90143e436,ramping
0x944b08562310c349d88fee1c16325dd6cbfd6836,ramping
0x07439ef0767a873f6300df5a4aa77206cbf93d24,ramping
0xe43e47f9ab2c8787b798ad482d836bf62c539655,ramping
0x0d6b53d73372837a355b6e3771c1ea10ef7592ea,ramping
0x6d6440ede205ff35312e79c11c756ddf62cc841a,ramping
0x6051bfad7901e2d7ab9cd937a6682b38c58c3e48,ramping
0x687dc8da6592ba0a2904d9c519d1f077413c762c,ramping
0xdcb2fe9f96b81d27ae2e385d4bf85fdf3bf078f6,ramping
0x2debb6dad10f3d9f9186274217acc0dd6da5b68d,ramping
0x02158a22641bc7e531e02eb74b866376f14a17fa,ramping
0x54dca2adac6c6beeb413f74159862decd986ec07,ramping
0x4822650dfba0318ef16a0322635986b7ccf8d1a3,ramping
0xca1326b11a0d7f4f9b5e2ae4cf631be57b0c2e22,ramping
0x0fc80cc9611ba7f7cf4a866c035e8d223cdb323d,ramping
0x8ac5907b4a18daca1a5c5291c01c2566c73a19a9,ramping
0x44b7d2b97a386325631713044c922a0d291e1607,ramping
0x1cc27848049532dbbd9bad277cff4ea433932367,ramping
0x65e6820da40c8619304c4305e839eeda5e833963,ramping
0x633f4c6ecc0051d66dee0bd88eedac86ab076b97,ramping
0x9e971a6dd21b5916b13866062cc52890fec63bf5,ramping
0x8594042150d551272863ca7fa7042f76c1025b43,ramping
0x0a68a8bb19cf3cc507924309c50f6f8196416638,ramping
0x80ec506c961c44a00c12a94108921f9c7e992f38,ramping
0x66b87d6f325b72d4dca8b8bb1d2845e3e9713bd3,ramping
0x492cdf4f25b33a52ce1446e6bfffafbdfd121eef,ramping
0x45cb621135734d0a24caa46bf0b1fe2b8bb6724c,ramping
0x2c8f41524d2c47b1544ee52d3e1a2fd3edaf078c,ramping
0xe586a5ea32673925e94e9f5a0025a8a55f183f95,ramping
0x8c7275ea43818499b6dd0501bd32342e787530c5,ramping
0x79f2c7326d9cb5720c78fce509ec41d13516c109,ramping
0xedd339369621a1fa3db44ad220b2e267c0ff551b,ramping
0x175bd43d11652defc7c27c7c8c3a167312da547b,ramping
0xf9f92d4a5f349b65b3f4091a64e1ab21787dceba,ramping
0x852a36464e2ad7abd2ff8c9f0f8d54dbb373be55,ramping
0x93d51e2bd82f318f8c03da2df1fda023110c6b7a,ramping
0x44011a9af18244f8ae9e790281f044d8e135bce2,ramping
0xb60c8deff9822b6323921fb3f85c7e908500643c,ramping
0xe62b380d0a251ddf73e707aea53a47193ed14c40,ramping
0x90b4cf47ebea966ae28e6203a685daf1f2c77ac4,ramping
0xbf6474407b9fb1080045b700857f9a1097fdf86d,ramping
0x0b55e224b7db1af3035956a5cae75550f6c279eb,ramping
0xac6413fd11997de50fe2e7d7e49ef9056fb1bfbb,ramping
0x35d4f750b378a0020010a239eafdc18d80826432,ramping
0x270c24d72db7b6ff28019cb014ed1a38c2ec4dc8,ramping
0x73bcd1d88a539da73dfcfc09f3a2385e6f3cdc87,ramping
0x647d113b1245fb3bd79a55664449781cff63320b,ramping
0xdc99313c494d20617d1272816f00bc06df1a4ef3,ramping
0x1ef65816ea105a72917f86dc0b1bff95c6820c3e,ramping
0xf4771757e6e287714c50f621359e2792036826d0,ramping
0x22d2df579b5b44caf5c010ecb9a4211ca4ad74b1,ramping
0x138629521200b7809698692aeda499c1ec677b8a,ramping
0x9d8f5a150073c3012d1e5bffaa06971b0b44ffbd,ramping
0x31b14f263ad64667c8a59bb1a209dc12066f218c,ramping
0xa118066b61e65c6de181b7c2faea44fa66198e0c,ramping
0x531756931d000be24d8b61e3eeffb71dcdc681fc,ramping
0x9b55d3c84cd63710bc4658167cc15644779f15d4,ramping
0xdab84ade94761a4bb185088d5c4c8d6e895d466d,ramping
0x2cb40306e4db17ac1a3f84e60673a6f555590bb5,ramping
0x4a6d6a42b79d6514b657bbae06b7b0f961850aef,ramping
0xb705fa2d7274f4f512c9edf7953734c16fed7844,ramping
0x2a184d99f529e5f73c9ec67a23ca0467d1734463,ramping
0x1625c8e74a20d623b4b8906e20fbf9dba6ed1822,ramping
0x4120be9bc2624547735b8ff82655f83599603e0e,ramping
0x359f81d82c6acfc295d3537c16edda4b40f7ce92,ramping
0x997c27c3e173b291edbba095c0d0725370c91de2,ramping
0x69b61b5d48f750063d3f88025bd9878d1afb4255,ramping
0x656fde233b88ffb44ffbab833d0607ff5f4783b2,ramping
0xfd5985295d027d7c5b45e92f7792be3cbb5edf7b,ramping
0x25805831e741505ba692742c5f640c69c0d9e4ce,ramping
0x4f029dd5c36640dbf51d1f8d39611b97be9237fc,ramping
0x4503443cfb328b50f5e38a83f97085e5f46ec52c,ramping
0xfd6211a8c39121fa6ff3bc29e8417173e3ad62a8,ramping
0xc101ae250e7a711635b9ac5dc0b0e9651d078913,ramping
0xae9155d354fdc4a5b2557e914679017138816678,ramping
0xb73e72cb44267a05523f5e5d3ba1720462295982,ramping
0x2841c377c37a24b64d5422a6525f5daeb77badeb,ramping
0x50e1305ab223d8101adc31f463717ea69fdd2628,ramping
0xf02e9bdde543aa1279225732116e36ad140f5644,ramping
0xe391ae2d5b463d6c0fbc57c786782160e9b55f91,ramping
0x11a0e4739cd09c4d85314f0c4303d370c6b84bf6,ramping
0x2a6e92e8054b7c7b76ab54623930d1091c49c1af,ramping
0x5ccb7103f6afca2dab20e8f4993084634f120953,ramping
0x542976193d7c53be79677c5ef6e15b34f3428dda,ramping
0xce47c973dfc4994339c669359b15d6850c74d494,ramping
0xed5859d1beaa230c8f33e3634f7609a50510fbfd,ramping
0x0d80b4519ad118eefe48ed15c7a83b5a771a4ddd,ramping
0x52c6f542ae60fe8de0b3b794f49c7bc3a935ed45,ramping
0x357c1b45c1a930c50c3884795338c8156e9fab0d,ramping
0x4c738f6216f9d1c8947d121767d7c23efa403531,ramping
0x53863c3fbe141c4aef0dff985fdfe86c614ac8ac,ramping
0x14c90e6df38e026adae72d67ced62d5a38cf2b12,ramping
0x683c54e87e238b4fac6a527ac4f3ddf63257fe50,ramping
0xceba3ccd9a33c6670d44f3218b1b414f841ed2d4,ramping
0xe095ab8528352bfa52d24bd688558ef56fd2f95f,ramping
0x29abfa0a7c508757a19368c1021e4bde31c93651,ramping
0xdfc935b905b7e2d6ee626c1078a26cef19537fa5,ramping
0x20632146f90638f0e76acf8eec6951594607e08a,ramping
0x70395b0a59be688a1989023eb24b6deeee7a928b,ramping
0x139049972c15e0e19ccf4f47eed7d169d15f64ca,ramping
0x682e5d34a99512bc92e1aaf5136e3252b39adc6c,ramping
0xfe260e5a332aedaa86730f483a7de48c81b208ef,ramping
0xf83d3cf25bd1d6354bc0b24a8791187b4cd01de2,ramping
0x19a8da3e760519cb7cc5797574f0fdd9797fce19,ramping
0xbbe1b996ec3d5220d2b9c94844553f5882a9c1ba,ramping
0x34d4132f183e51345b35fca2ff8943ba28bf3eed,ramping
0xecf8089b77f815de28dfa054c38047e52b1471d3,ramping
0x345a765d82fd1396507b8cc07f6aa53efb9e00c2,ramping
0x1be9728ac8be2edd31fbbdaaa9787418098cff68,ramping
0xaa77afbd225605458803a4e016cbe77995ea96c4,ramping
0x191e9120f3e0fe98797071b06d5efdd0909076dd,ramping
0xd92e613d0adb223dbe360e50b3a838957205b032,ramping
0x9754acb073dfc3048f84d9128d42f7fac939992f,ramping
0x3c25e9457af44282a99165eb16c4d321f955f6d4,ramping
0xd37c1cb4e643b6c04c070b988b149d4179f8ade5,ramping
0xe39c2426ad9f2bd349ad5a7cff327543523545c9,ramping
0x27e47ea4fa9072d9c9fcc124716b2a451880898a,ramping
0xae7c8554b50162ec897613820aef0ef9f77bb76d,ramping
0x2b9f2722341ececda14a741406c9e75e2cbb552e,ramping
0x9394572fceeb9adab61c6a9ca3c7cb7c565b8c52,ramping
0x157ba674cac47135a4c3b423cbcb9e7425d0d983,ramping
0x14d85562e99b01a77050995d9ae5a16b99cf6395,ramping
0x77a2f7737cb8b3643a3964d9cdd6da1e9f97b387,ramping
0x6f6a994dae868276b9338731e69bbe631af7216e,ramping
0x61f01f57c3f1b6a5647e77840814d7e3b9191438,ramping
0xffc84589c6974397b95932ae3e51271b87986c34,ramping
0x75b22840bab753359c277aed83a63bfacf9810bc,ramping
0xbfb4d611c0ffd93fc513d8173888ac8e9f23ea76,ramping
0x2c9c4400f03c6e03e52c13224008791bd1dd9327,ramping
0x50f98ff3d08b01cd3047525828363335794d414e,ramping
0x18a70d7d72158be2ec6df6f88e67cb67e4f677b3,ramping
0x815dcd2e170562649bef9d60784d9ea203b6144c,ramping
0x4b7066c50b16cfdca11d582c75b79e094c2dfdcf,ramping
0x7c477589d3635f25b84295c1ae761bb5540fb273,ramping
0x19595179857ec1db385b3c6aa89250137b403709,ramping
0xeb294dbedfb4b1b011ebc05fe5f3422649ee5e27,ramping
0x3b07668e6e7e0ff3eb8eddddae0f2cc54fea2320,ramping
0x2ad4502ab710abc9a87927b3c90d89945726513b,ramping
0xf7abf52f902ff3cb2f6cb20d3827ee1d75a4c943,ramping
0x17d7584560b64bdb085e2ee069339320fc99ac1a,ramping
0xf8638e6275b785c9ddb976d90292139a82e161b6,ramping
0x85ba7dc511bf0d557ea81fda92a01f22bf1d9b42,ramping
0xea07147aa93ad0a85999b6078c849942f66651cd,ramping
0x2b2d98512e6e829b8c5fba156620a273c4c11e60,ramping
0x6382c4298fa638f7bde160ba625651ff4246bc04,ramping
0x98ac64dca6db06f52d07e51e276f9e6fc8699fef,ramping
0x1c48dbc75f0821fd0eb6522f0b8ae0444805f4cc,ramping
0x87d38e510eeac08fecf183c1450eb9a07fdbc328,ramping
0xa3cc5500d7f83466b6651c4f04555e47f5bd4c82,ramping
0x01582049b0315deb8ff0935d3653cca46c7d0709,ramping
0xfba0876e5b38538fd83547b8835df569938b5813,ramping
0x07c3d80e7467aac8804fe60aed9a4dc364cf89c0,ramping
0x8bb479d1a5187a1da55cb35d149d0b70ce64564b,ramping
0x9b5128440397a8df522f7e2171d073f8e6533ff2,ramping
0xcbec5ea6495ef71661ee6a8c7e833bcf620e9044,ramping
0x764d558ae8d2445df7bd5242e148e2fc1ea30483,ramping
0xbb440abdf06a9b46b719f96b8eac67706322aa0c,ramping
0xb0bbda4a2b80e2a73016fb6281fb91619f6d3563,ramping
0x28fb7369afa1512876e06c6df07a495fcd1efceb,ramping
0x845e8de9fb37b980171dd1e6e4d844dc5e319580,ramping
0x1e125292a28ab60a651599908175caf1c0d38aca,ramping
0x32c0bbfa5d0bf56b52712befe13618321a25870a,ramping
0x873caf15b11fec998bd46ea82549dd9756da0f0e,ramping
0xc61a8ae02264e9b4b9ae1bd7f3f3c50cf382a182,ramping
0x36b5b6c1c64f28c3fe28322315885aa69c8225a0,ramping
0x3331bd80608c6f677d23231ae6793f30c33b3384,ramping
0xf1efedec40ba502e501653e25e8d258e98d5da36,ramping
0x9266665c696b82aecacde449809b4360a3ed5cb1,ramping
0xa2cfa73d2c7ba1c7f9017da90e8bfd7086e684b7,ramping
0x23f2ac62752e6409cc9b554245ce979952104c1f,ramping
0x84838f2f33e2413ab405ac9430df038ef698f462,ramping
0xeb3512dddaa9526662fb6bcd6916a8de3c0eaecf,ramping
0xb5b2543c1c56fe49462f761a2f8dd3adf3024047,ramping
0x8f5e16fe44c79b734803462da31d947a3b83cab4,ramping
0x00e1106710b7848609e561275bc7b4bab2f232da,ramping
0xea873dcc68e6596d53c3ba91313e3e274cbd5668,ramping
0x067bdfe1f0f00d829f6cca5290201ee6f3108085,ramping
0xc37e6c304360f91146d98613357be2cced72a060,ramping
0x61467aa866d557361924b0531cd8294969131d6e,ramping
0x97aeeb7cb84ddd0480fba2119ac24ebf0c20d264,ramping
0xf5e1db8a97f54b369fe47ac04f408997a1263b93,ramping
0x4fa33417abb287d279b22ca903adb74af21ab7a2,ramping
0xf20cb56994557fa0237633c13f0987077535c6dd,ramping
0x273570b414e5a945c876706c2ce2d65664343c24,ramping
0x63202c494288b798d7cddae1781d63a43f1cc68a,ramping
0x17dd464022cf6125d41f626f225d1511762d003e,ramping
0x8c83bd65a15b5e0b26064e6fcda6fbd30c5c44e2,ramping
0xf11a386d6bf2dcfed5557e61d2decf1c86b8b643,ramping
0x8bcd89ebe9c744e21364707174d33bd5dc12b2a0,ramping
0x11c1d07ed4d7380f238dfec2dcf1da2f6d3dc619,ramping
0x7888bc56a9830203c39c778146b6568d41634d96,ramping
0xf10e4c2ddd4ac347a3a27342cb8ad6046c53e993,ramping
0x861fc7e8e4fc2d0fb202bcd23adbb05033685d05,ramping
0x6597a3542721a64e59fb1f398dcb3a315554ef71,ramping
0x3feda68370dbe8e4535136b2bebfad3dd5a8370b,ramping
0x6704b408f662600b0190c21bf61508a2d117eae5,ramping
0xf31857f512b94c491618a2dc8e0458c6b7e60e4e,ramping
0x9f9e6534b5f8873ce5e6075fbed7ad9ceeda04a0,ramping
0x782e365fe0e79758964a3e64b51c13e6716f25ff,ramping
0x9e995c127c0e40b527317b01953f4f119e5b4ff7,ramping
0x5c1ee71c2d9f9d4020b2d1271ebdafa3b872bcd4,ramping
0x7c9c10c0c674fdddfeaef622be656eb28d3e7a19,ramping
0x56b37fd05522263c79ff009db44132f552d271b6,ramping
0xe9820a5899bd510067411ee748df261a009c7da7,ramping
0xba0e70df2520df376a996b1f57ba774836eab255,ramping
0x74797cbb8de8d728becd7bef6df57fb62f8134de,ramping
0xb0c91a2b7858eb975942f4c3ee0e475a8f3e9c84,ramping
0xb7f680b8b7bb4349f7bd7aa6a97b0361cc511d4b,ramping
0x6437111384e05e8b98e34568c878e011a599c562,ramping
0x23b7a9183c9104ec00089782c0b5b719000b286d,ramping
0xe88482a6e8ce2709b91654de884c3b101ae1d4b5,ramping
0x529eee7cedd1d96bb916a676f902c4d4b16d50d2,ramping
0xe06022569a02bbf240b1e7fc5871bec46edc5b07,ramping
0xa2ff14eb696331c51cee2800e582a4bb0227b231,ramping
0x2e664b4fb0978c9441833f2a8a2ad772ebcae43c,ramping
0x2653d223831aae2c705ddf873f4a713f559437b3,ramping
0x2a0dedd8aca359596b61aa94f8120cb2c2e292e4,ramping
0x1de5f5058df5e85d0da5253a18e39624020d37f1,ramping
0x6907518eaa98ef259663d4ec4f1ad0029f5707ee,ramping
0x3ac6f78b18b165bc3be96d5cd2f1c265e38e27bd,ramping
0x36be041835cc8287ed54b5275af3900de409a01f,ramping
0x629fdfb642835286f85966df0aed4fadf93336fd,ramping
0x29d32a0560dba06de9ade09c5eaf901789f8d241,ramping
0xbfd8eddc031b0dd354b6b7f497aa43e83a961db6,ramping
0x453445b69a82fac18448f8194b85b6df3913a11c,ramping
0x508620233ef43b482f4da0e582e33806cc9bc825,ramping
0xdfed8c7fb79c48fadeb8874fc3c5578385e021e8,ramping
0x427e7b40e3fb8a1bf04726a6449929e666ec96d0,ramping
0x2402e58e03db47c9544fb96c84252afe6a606fc6,ramping
0x58f2113ee9cddc245f0b9020276b71daef10881c,ramping
0x7212062cf6d30217b487d1b5b35d082de5f5ceef,ramping
0xc7acc76894d9066145b7f4e457752c01ced36bf2,ramping
0x1fcd4d70df0f9a11a2df4d5ec15f74fbf8f211bc,ramping
0x07f0bed674c34882d994e2f6636d1fa614c63763,ramping
0x842405de8b795acc2e21c46552d8373cd9f7a202,ramping
0x490593de19a0972c5113855f7c2c2e43c852ffd3,ramping
0xb81815abeb3dbde60007dd7128bd8305a778f609,ramping
0xbee51ebf34549c0e286e03016578b605700e5bc8,ramping
0xda449c2e3d53ff87108b85c28010e183ace1a187,ramping
0x2750bb2bd95e2201ea9306ef0229923bc11d1970,ramping
0xbc1146cc43624b1a9efe1befa13cb96d8ab00611,ramping
0x51be1ee348cb2fcea69926b64734b96b3ac7d676,ramping
0xf4767a12a0c73cef7654cdda4224cdbc42386419,ramping
0xe3137d23a8605c4e7d7661c827db9c6bc019eaf3,ramping
0x9a2386a8926e4d927a4ce154d87dff2864c774ac,ramping
0x18840e331859d0ad46054884f5f7eba31c820b19,ramping
0x81e3fbd4ef5a374596f4f2dbd41ab75818cc48fa,ramping
0x31c568da753f81323c5f5be0f4643b92307b5605,ramping
0x2704d01833b3d417e03949bc186cbea06a42c231,ramping
0xbe8379f396e6e79eb9dcaaf3e8ef4d71b157ec11,ramping
0xb6533c37a9c5945ceca508e80e3c394e0356a11a,ramping
0xc718a1f31595756c01da3f89dcf21288ab67a72f,ramping
0x7687645ea8ce576f71507395f9532967bcf49316,ramping
0xd88f235e9009da8456e7e4018c9d572d33ebe4fe,ramping
0x442256d9ba75f7f517a784f69a739403c6369cfb,ramping
0xbbcb02fa45663d7098d8d7089dfd57ef2367763c,ramping
0xdbb448fe36aaf3144aaec9ae43801d8589f82ec1,ramping
0x955362c7743f6726c24d5019aba65475051bbb14,ramping
0x3c5ad4bfd8e6998f425f07d944444569b6af8e98,ramping
0x81bb34a29a1b8f05828336aac9ea8cdb35f12a6b,ramping
0xd42fe5e5f9f384fa2900fa24f3d5dde011afa077,ramping
0xf77d3a891bf80d3bb65aaa27fb4c43d2dc7ef22e,ramping
0xb9b321025fb79838910abb3136294d3fe4a46df2,ramping
0xa1a6c6d851f417b5c965b58123925d93bf9bff84,ramping
0x9c413c9281dde6617e0a9e0b4466e5bd72c08f85,ramping
0x7a37e182ae5412748783c1c95379c9e0802fc7bb,ramping
0x9bd9caf29b76e98d57fc3a228a39c7efe8ca0eaf,ramping
0xac25906516ef0cb14f96851fb06092cab70b4beb,ramping
0x0d6f878e7f36254bf673355df1c1e45339d9e070,ramping
0x8ba65691d011f86cd77cb82dce9eb4e636b9dfb9,ramping
0x8d3a7fcc51d2236acd5a70a4a31720893bbac797,ramping
0x619c0c2d21dccdc6a6fe570eb4e13e5053512608,ramping
0x7ca8de2d7af3d4049e993397c0ccea7c6d9e5c90,ramping
0x83f4187003c0889aa4d0e234bfb41a65a5ebc2b4,ramping
0x1a7fe2f6199bb7701e6952aa07e3f91d19573836,ramping
0xcab6328338b8fc70c637e8cf45a4ed17c07d2e23,ramping
0xdb1b99fa9f7dc309cb10030c8e3a188293565d95,ramping
0xa5b17573ce32e4f43241f40a7b143788d16de340,ramping
0x9e85f31f0b4d925d5de9d10db704daa86cb5d32b,ramping
0x5068dd858ab7b343f9515b7d7df6ea2868e0c020,ramping
0x7487cffbdf135cda0247e9b07ecf1f217f4d733f,ramping
0x1f09e819bf4e3ae8f38de45ece2f5d68708e2110,ramping
0xe64caf7d347ef186d111e78d500bf24b2bf7a540,ramping
0x5c88062a57247fd1d5091583ec3dc4e81f184bc4,ramping
0x225a6e08796e4a1a5e16a914585fb0d2a704c540,ramping
0x6155358d7245762b25c0b20886155d8f61ed15ab,ramping
0xf4248575409ba51084e1d941ffade5be525ade77,ramping
0xf32c5760933866a2ed905200fc7e76622d21193f,ramping
0xd107361aec8943453ecc2f14dd5af443d213257a,ramping
0xd64e58569ebe595d7582b90447fab2d7d5bf907b,ramping
0x86bae4108d19ecc8877859f755d190a05bf86b59,ramping
0x9aea2186a32975cc68b7792245615c8476247441,ramping
0x93e181b2a778869e4045b3e3cf17c5be53b555b3,ramping
0x983c498e493b70323b2f8ce85a8ed5c2a8a984fa,ramping
0x1cb6d9d86f0a09ff942f246c6b660ca093833808,ramping
0xcee39d640b9723c031e1da9c6570583784a13c63,ramping
0x6495a235bed94cbdc19af7a3e1ab7789c983db38,ramping
0x024abf7bd0fbc81ac7bf3f65f07613f5da67b545,ramping
0xfd6dcfe2b99a74fb6a70de479efcc7106bb9d9bb,ramping
0x7c7ffe5084ef250cbe6c4a217a59456132e22113,ramping
0x9a2034911d396f4818ee284e644f65699e049f5e,ramping
0x414388c64b892f11e8c125ba7b4c64787fd4fd42,ramping
0x0c2d9b9279ea30b9a57ead766b8d20f8ff1e22c0,ramping
0x73e38cea5c3351e172446cc8952dc95d527a246a,ramping
0x137a55af37b9019f45d4aeed82ed5c0c87678853,ramping
0xedfe71ae82f3410458617abb3db7d6de4f7fb6e0,ramping
0xe0e1e3e0201693317f5fe909fc219d1dae0ffe83,ramping
0xa3e2fddfcd7916ef7db5311b9e3c2f386f6800d0,ramping
0xf16869b6a2c48e52fd8333afd37747625a79da7c,ramping
0x3e45a631255a52b106915dd7a0451e94c6026bd6,ramping
0x2703e9a1d062d666572e1291a9cd4be30fb62a40,ramping
0x9d09768232def851d0fbf809d7a73d377554e8d6,ramping
0x229c3ed18ed70437d6f59ddcb59389f73956cacc,ramping
0x6de199defd72952865c62b3b9279bb523ab9700f,ramping
0x30dfef9c8fd49bc2cdb0ecd36df67a4a1fefc760,ramping
0x95c77303ccda736b8fe2c546eeb7bd3cf43b013c,ramping
0x9efc1b5be041ea89d5104859f5c714e4246b51cb,ramping
0x49929fb8a83f50e3717e1c7e431d4a79e233b2ef,ramping
0xccafb07b99b3c7f77056e1af0ac186c399164599,ramping
0x1e52ea39eaba797c5d5408db88ae3c76822fcd45,ramping
0x7dff83982582bc4feae6f5ef8f7b2051eaed6972,ramping
0xe4641432f04cb61584e60d7491c61900dec49358,ramping
0x3738c8a06de80b44094f7988a87da4688d0516dc,ramping
0xa9693ea7b65221b2ed47570a1865bf0c3404e502,ramping
0x9054b83d5429727b93494a51feafd59cbe76330c,ramping
0x8e2124ee0d86a8b8f92b3cee01b116ac5378e29a,ramping
0xde8bbe95ef9ccf262b190c6ee404a7251408dc73,ramping
0xba3841fd4038955e0e424c2faee488267c2248fc,ramping
0x00efebdb67ea0ac624d8fe14a7e106eed413cb7a,ramping
0x6518563910a471115d822e48c73079e5af51f4ff,ramping
0xeb1b3cdf4c8247807fe779704a96b00695ae9cda,ramping
0x0799ec1ac9ddf6279a5a0aa35032de3fb2b9d6b6,ramping
0xec0672e2983c65b9ecdbe595494fa3d8682d80b9,ramping
0x234f6ed558d1c684e657e996629a228127c05731,ramping
0xc09ff2a940004f1432fcfb8e27f9079f64481217,ramping
0x1525c645b7d9bb771083db31610bd27a9a8277f9,ramping
0x8b02e6c30f0045a648da8a8a33ce0616f41e3418,ramping
0xf700c55e67c4b86660bea57c064e9d3e5731aac3,ramping
0xa4107d0aac88f02ef45c026fe9681cc676a8b8a6,ramping
0x254f93bfe2f6a49e8d3d6ce9ffb5e6c60fe3e174,ramping
0x3faeaecc339be2f62e29977834173dbe66edb258,ramping
0xe101a4e750ae903b99f1e8cccbb4880a846d1b26,ramping
0x8894119fc789d7abdef07584c46804d5a1a043b3,ramping
0xe6ba67b07d8e77098bfe498487bef3e892e4a4b3,ramping
0xe7c519938c362a7c1dfd3aaa144408448a8134ba,ramping
0x7bfa5e00316482a9e5634a8f73b89128862123dd,ramping
0x55288748f08209dc0beec6736e80a228a04e5fa0,ramping
0x1264984e27324ba47c80dc701271c6e1f1a127ef,ramping
0x176c4422d475c0c2a1be19b12f9df381caafd0b1,ramping
0x2bc58a7fc431864323bcdcb42e214e2bbb21d22d,ramping
0x20e9860b231e631c90cc619c2e39e3d901cfc05e,ramping
0x21230fa51bd1d9875caf2920608fe40a654460fb,ramping
0xa87f9a88e88310310a290a959700159a79cf1aca,ramping
0x75f78094a9e576d91c54cc624a16971c70a0b927,ramping
0x06e8b388f2c986126b06b19bf8f88c819a171c3d,ramping
0xbfe818e80d818d19a7d5708a7f80481afcea1d34,ramping
0x4d7f07b91dc3b91ed18a75ec2fa62cfb3f7db51b,ramping
0x52c24c7905164a4c4e6a08800d1ba36a362affb3,ramping
0x535542323ceae5d6effbbdb369eb87284396a3b6,ramping
0xcbd50f17b2bb1335b362cad0f0a92ff3b6facb40,ramping
0xbb1b23efc932b4e94d89dc95ed0f7bf84ca8b311,ramping
0x074895f5bf518e54fc0d198c41a5b32544497423,ramping
0x82b3b6b9e12c995800439e76e64363132b63d9d8,ramping
0x42d2c492c206c00a435bff6e42660da47aa2c943,ramping
0x18577314daedb2c6b5dbaedbc63cc4ea59042aa5,ramping
0x2f5eca5c79991501f14d2c8d705b93c80085a760,ramping
0x06fe12fcdf3e29623d5a1d5bfc24b361f334512a,ramping
0x8a04738438b502c319c9409cc562776131e2dd90,ramping
0x776fb46b94efd958948a5488842ee407c94071bc,ramping
0xd2dae7a891b6fdbb575d6e24cfba3d9830a4e700,ramping
0xea32c75315803719326907f9505b2cdde9b8a7ae,ramping
0xcae132a81ec1d1930b5d3603757ee61de7d3f5c0,ramping
0x594e19a2a4501943b705603eefa4ebd5340d88a9,ramping
0x5fa14ac84644a4432e440e227afd2bbcd00131c7,ramping
0x42f04e2e6cd0701b4d4ad21572f1fffe41e5fc0c,ramping
0x1fc0fa2bd6d2d519a149cc3ce4b0b4f88f0cda05,ramping
0x5f7ba6ca11f540be0a46fa21d5adcae4020d3fa6,ramping
0xe58b699f33f9d921db1266df0ab3327fa7c6e6d3,ramping
0x6fc6d5d33b0a4e63560b90d50ec89304f82a6931,ramping
0x07cf569928ad0c8c7d917c4a75409805a8d6689e,ramping
0x201634fa0334b7b2ce13905010335467e2e7d686,ramping
0x25d309168bf8a5d6ab88b54b28f9b1ba05b82d4f,ramping
0x0a4fbb4a9b2b532265cf0c595fb3d5adc5bd1c91,ramping
0x20ded89aa0530e269f35b131eb8cd3e290300c5c,ramping
0x0a10099a3025f49676af74dbb7d5b6d1f0234e26,ramping
0x021feb81ed25b321208b9606ddb07623c7ef62a0,ramping
0x0c38ed92145981f00e739863a730ad6c9cc069e6,ramping
0x080ed4ba243925674715c83d80332e9590f18ce3,ramping
0xf739d99c2eb62080e0355aa3c6427aff830c561e,ramping
0xcf564526dfad327112e73fe76bac8409dc2e1518,ramping
0x9bd91cddaeac6c0dced20c6499bd2d1c9fb3f568,ramping
0xf1d82ad7895a976bdcc474b907a7a808f1f49eed,ramping
0xb3080412f6860157e30abe1e3ca862f82f9a4c31,ramping
0x6992b8aabefbda31269ab187c72d7af5118200da,ramping
0x11eea40127859ae034dcd7b1225207a8a1c26a0d,ramping
0xd6d4e833c7f94473043633b9ffd3def39ae7eb9b,ramping
0x7cc0f6dddc6d8776aff2040dc2994fe66582293c,ramping
0xceca16e4bdf44746c20a53c9ee737df05d75b9f3,ramping
0x408051d7929d64af4a8502c4f5a6b2ad56bb9f17,ramping
0x217fbff0dc23fe85da6c581b9951ceb4b16278e7,ramping
0x54d85f21e4d3313457eda333e3931242f18692ed,ramping
0x17a39a00b857e4ae55662bef11cc74e80100e353,ramping
0x3b52ce3b64db9a82dd610d3e3e785221582cea03,ramping
0x0a3059a5255af846a45d4f4bb53d2e4263e2cb64,ramping
0x6ec0250e7807a8a5090f733c60ce01be7a00cc59,ramping
0xc8f21a730877bd7e4f4b3a4efdd8d4f400a04367,ramping
0x5371fb0cea46fefd0c87894b2ca8543ae03059e3,ramping
0x0d0707963952f2fba59dd06f2b425ace40b492fe,ramping
0xd4416eddf55cec12a271caf2e7c82a3bd9f8fd20,ramping
0x84efa09e0cda2c9b3e5923b31fc68bf0b8f63d4a,ramping
0x9babb2e757f3fb1f03caafa9a5a28d95e4c2a4c8,ramping
0xb8eafc28f81c8752747607caa2726dfd1ed38a24,ramping
0x5693dd2164adb39913e4b7c9687b16bc5eefdddd,ramping
0xf05c1d3276855b5bf25bcc82778a323f0db03244,ramping
0x5426bb54f2882cca91d87af6dd000893983a494a,ramping
0xfbfbac6051866d39b550293a3dd6a5c5b3ab4916,ramping
0x3ff8920df5744f8e91cb589aebf5ee031e0a50d8,ramping
0xc860ed1929538c71a248ddd66f556a65d5248b0e,ramping
0xfa546cfc72b12879728d1c35a8defe12b86c1916,ramping
0x08267abf10c02e88caf2677869db864387bc70ed,ramping
0x2e26fe4bbd8dc6ee4403073b56d93d4fbbe738c1,ramping
0xf36d0bd56cebf48a1f2e0df084769e78f0077a74,ramping
0x230586570e13a2411d5017c11864636c7cf6cd08,ramping
0x9b743af27915aa892af5699aeb095b7f80ab06f4,ramping
0x766e7bfe45137236c2c99fd919540eca6c28523f,ramping
0x845e6ab058054487ef4d563f0e351fb0a68041e4,ramping
0x0cd8f49503e2ae2d711cfaad5d57ae43ead6e410,ramping
0x0f90f96067c37282c1ddc609b4cbe53b19ed4d08,ramping
0xd1bcb93cb521cb103f3549a6efb56edf6935a52e,ramping
0xc8af6545fe7ee9035d944bb7b93679f407f3dcee,ramping
0xb31d06035537001412074578e89943df3f0bd808,ramping
0x9dc1669f15be0edb147f5c922fdc2c85fa57d0a3,ramping
0xc1a68fae7e80159cce246264a9f2b95beffe945b,ramping
0x62c2c90bf9689e20e6fba11998e0b4ed02dcb299,ramping
0x4d3aecde76ebb1de4cc6d65229f45a911c3f2cb4,ramping
0xf40434c9663ccc1f4696f23dc6303a9a80861a22,ramping
0xcade9a0555a1732e52b2f56cb9f9c1337340071a,ramping
0x57e9fc386b3a5fafc567d0a52d6035e8f2b7b238,ramping
0xeaf6fffafe635abcc32e97cc06442e406c98c874,ramping
0xb79f2e2ad182da9c50ab62efe22901509fe504cb,ramping
0x257e4a9c12699eeae8e908001723a46e376933ac,ramping
0x75678b84b0f94db78d5621d5bab827ab963b745e,ramping
0x8e29a76dd752ad84fc92baab4ac2002b3c960ee8,ramping
0xe48f3f66a0ee4dbe74abcee15d5c7284395562be,ramping
0x41b9326eb1d731f9210de7c1c86c9a3bd15652e5,ramping
0x7cea85284ba012f7129c2e06c683aff4dd5e5be6,ramping
0x5f962c89b0e8c59590eea3e5299192a09ccc3ad3,ramping
0xe87f507019e7f338d916cc3ceaec8c24ae40664f,ramping
0xc8273fe799d455e3fa53da1295f4ccd37aaa7279,ramping
0x85a85db148360d56a5923b14e6b65f3634fcc16b,ramping
0x30e8dcb7447bb880742142df8e3b540d6b5b06b3,ramping
0x8610fe4fd94ed4661f15f91ac4f0a4c7630d2a09,ramping
0xc7bf9e0aca19e34ee8c2fb03ff2b1539411a79e0,ramping
0x95493dd8cebb99d33d7cd0575c0ed56912915f59,ramping
0x07ae7f173e0452f953ef213a47c7d9ca4ab3ad02,ramping
0xc4675d95f2470a573f157f118c871b7e1660db00,ramping
0xcea7ce1cd7d8e4836f0787d8bb075d864e041433,ramping
0xda9ba5ce35ba580dd6333dfadbc913993d114a82,ramping
0x05c0dd6410e87a3ac5c3ccfb90bac8dedbc012d2,ramping
0x7a1f553dc51d51ece6ccefaa31fcc8f36d89ce07,ramping
0x9caeef2c0379227beddd1bdf1c0a9ac4f769b9ae,ramping
0x154be2c4c16ced4a0bec6e517d3791e2fd2641ac,ramping
0x23d01a3962fcf130cabd0a2f650ffffe471bc72c,ramping
0x0a8ab266ff74cc4c9b1cdb9293e8533dbd71d213,ramping
0x74b2b11e6a36d5124f6665039b080d257b1d1971,ramping
0xfd0c5f6b45ac2d7a1e9ae89c16d8ef99f8c94be7,ramping
0x55b0fd0924447cb95212543a466966555f12de71,ramping
0xf665f564aed5be2f90539d79181ac5a74d65ea00,ramping
0x20ffae891369f28eb2cb0cda5ccdd7e1b0014e65,ramping
0xa46424515fe28294da4bdaa1f1c92ed410988045,ramping
0xc5a2567b66d64e8a58f48bc475743a3cab12f41b,ramping
0xe6142aa8816398eb847ecc3c765eaee43dc659fc,ramping
0xadbd0ab66b0d8b0a02ee48fcdee69aea4e086536,ramping
0x81836585da1f3608cfee4e4c57ddac248b744d0f,ramping
0x443532fbc672dc30dd11f2735d79d37d8fb7b6c9,ramping
0x7a9d58f9afcfa4294bb2448f958bad923e83cc81,ramping
0x3f6252e70c5b38c80894a2e2079e7c08881e5ae7,ramping
0x8ca7b77b58f15b77b927ef840069efcbc3b862f2,ramping
0x89e7ff427473f3e2991a96bce7af52d66d4e6e5e,ramping
0xa5eddbc68d674edb2e7d843479476286e1bcbef1,ramping
0xf0cf5f5b2d055cbd4d5401719718e0df3109fd11,ramping
0x9647ac86b17c7d619b3c907717f3e58b7b17347e,ramping
0x5bf2b4e3574b267646ec9971e365d5c80340f874,ramping
0xa2a6a6433283ce17bdd126ea5a5aea26c6d0d049,ramping
0xbd48ee4d37d52d82daa969e6d7dd4d6d482133be,ramping
0xe2853989cc7127fc31f92381c5b26dff137affd1,ramping
0x008c38a191793d4218806590c15d72c8a630d54a,ramping
0x9f9f4f9e35c0692562e44f3eebea228f75470c9b,ramping
0xb121dd9a7cd5660996a362c19a1b36286db6cc04,ramping
0x6bbd01244ef846b9f0048990ac22713244d3ffa2,ramping
0xd51d902a73e903dda1b0d494c6f8b13d36c13e0f,ramping
0xab2aa68b56ce11f79f3b126cb275a7682de1cdc7,ramping
0xd0e3211c756cfbd515c9b4f1e93e4b7026124b28,ramping
0x67d71d29286e162f3eb214d1bf7c9d7d03f6bdf7,ramping
0x01244c8b0c68da9ebde779ee31665223c897bc2f,ramping
0x389b5e8ae407521e9eb41640d9da807fbc1bba31,ramping
0x7572f695326b6a2e0a1e76503d2dbc8bd651fbfe,ramping
0x1856eb4af4832ded247adf17c59d6dc95d8f5157,ramping
0xb71eeedd7ed52c8471b5b60621754520aeb44762,ramping
0x758607fe741b8548473c3287691840902cfd337d,ramping
0xc024553fb22782bac2794cf0d7d27953776ed514,ramping
0xdc0ef888b7aafa8bb635314737886e377c654170,ramping
0xb6e8e7b37f7b003fe558c997f6b2cc35a25f1949,ramping
0x695640ce692d9dde5f402180f1d65af82f4697d6,ramping
0x0b14cfa7c9707eea169b6a3fb34743de08ee2a1f,ramping
0xdc863d6128892f7d2548bfc9b00c9f011cf5bfa9,ramping
0x0e764c98a28b02a67952bb677728c94976fdf4f5,ramping
0x60614daca66d4c497c23267207a26d6b8a041b45,ramping
0x26ded5a0aca848a9217f8275a8281be3353c7761,ramping
0x1201cde31b710d821c48ef8e6f2fb4bcb11ba06a,ramping
0xe4b5af48de8f781df3a54257ac3dfc4242dd3821,ramping
0x025210b48e2192fa31bdb5241878ac08795ed76b,ramping
0xe354e4815575f70b752673ba856cfe50d4198ad7,ramping
0xfe1dae6a915304c30f0b108b4dcf1132b79e9fda,ramping
0x085db263c44be15e2ac0f0718dbb8e2874cf75c9,ramping
0x24f1f77323e75ce30fb9e0ab3ab24488894ef75f,ramping
0xe05fad44cc8b25ed9e36616580660f786b759156,ramping
0x55f95b75d8ce67e676fe157955d8ce92f74ceca8,ramping
0xff513a66e8dc3cd75cb6e5de77687e9beed3747d,ramping
0x906dbf204fe3e98ea429ed2a8d70c367d497fa06,ramping
0x5c79fc77c867fbf631a791be2c53832ecb0e36d6,ramping
0x76be3fd7cbeb0d735d2e16a8701e302868b6e279,ramping
0x8ed57b66cf156ac046747a2a9ad524d12781be4d,ramping
0x4df0da9f34085d95fa1ce4d428f15232a07c643c,ramping
0x7fa1940b5d307a4215c97263426fbd2b17e0ab40,ramping
0x5d18f87e132c1a86ca7f34a5e38ee080fa755a37,ramping
0xfb3a87b35689e5b8ec6081c1f0c505a845a2ae31,ramping
0x8d23b3fa5d1ff2d1f0c8808946cff6960b421f1a,ramping
