address,type
0x05efb437e4e97efea6450321eca8d7585a731369,dex_swap
0x978799f1845c00c9a4d9fd2629b9ce18df66e488,dex_swap
0xe6ccbd0d02988d6bf3db43b15d7853c111a308a8,dex_swap
0x079e7a44f42e9cd2442c3b9536244be634e8f888,dex_swap
0x112466c8b6e5abe42c78c47eb1b9d40baa3f943c,dex_swap
0x9b42940e8184d866aac6595a91f8d8952a59d3b9,dex_swap
0x37622453c614f625d288151101ffe48fd222ced1,dex_swap
0xd88d5f9e6c10e6febc9296a454f6c2589b1e8fae,dex_swap
0x1c8dafd358d308b880f71edb5170b010b106ca60,dex_swap
0xcd9a3ee56ec43a2daee9f20fce62b44b8d49f60b,dex_swap
0x26a1baff7516deac409740a357c594a7709de6b9,dex_swap
0xea3fb6e3313a2a90757e4ca3d6749efd0107b0b6,dex_swap
0x72dd8fe09b5b493012e5816068dfc6fb26a2a9e6,dex_swap
0x97105eb9041a73cba3d81c3fd6c5d4589d33c253,dex_swap
0xbd0f6f34baa3c1329448a69bab90111a20756f01,dex_swap
0x8e4078a16b30985f0b07361c8fc8c21b0645ce86,dex_swap
0xca0aa06385a42242fe9523cd7015f6d01cd8f6b2,dex_swap
0xda2123291ef077e10d08916e5482dedcf5d96846,dex_swap
0x193ddece1bec565226e9fda1b34ce1bbeaa2d49f,dex_swap
0x476fa77349bf6bdf70e2221f09e7a4cf88a1a804,dex_swap
0x58de1aac0ba96ea685d9136c2dfd4c8dd8b440f3,dex_swap
0xc402a7a7a802407e76df4d64077d4a6a6091b879,dex_swap
0x1f18cd7d1c7ba0dbe3d9abe0d3ec84ce1ad10066,dex_swap
0x723292eea7e1576ae482a5c317934054c0199e24,dex_swap
0x57a68f391855f8cde418132b4280f54e3a4f4a57,dex_swap
0x93ba85033b1d7463a5732297fcf16ed4fd227e01,dex_swap
0xf3550c8fad039fb17d91372d68e26ea6957cc123,dex_swap
0x75aefbf98d557e90a16a74f2e1b261b6558583c8,dex_swap
0xf4de51e44679415088fd903e2e4a52b109ebdfd3,dex_swap
0x72c483865f5ed0795d068ed9a947aa3e3e8d966e,dex_swap
0x9db18957b73a1ddee52f357bed30828dcd057c8f,dex_swap
0x3376b1425b4bc80e4b8e9b8d257ec98faf4bec3b,dex_swap
0x7db5c8d3f32777685e376021c3a1c8f88f259f7f,dex_swap
0x3eb9e9ed293a1ab13f2a882c1cc30db62ad4e4fc,dex_swap
0xd3f257e410dc437db809e38e9b0f1d899aa01a69,dex_swap
0x9b92b38dd81ab7ac26479fe74c468ff1e8fd54cb,dex_swap
0xaf39c163918fc4de91959332b4b0ad9c9d4cd63e,dex_swap
0x5fe85b455b32e5babf61e91f29fbaceb5dd167c6,dex_swap
0x636f003a14beb16c1ccd0a477cda9d8136dd40e3,dex_swap
0xbf0874429718356fac6d01431a05683b1b4b69d1,dex_swap
0xdf8317b8b309eccbeee83dd21f56e5b1ff45b672,dex_swap
0x53b612b32233c80ec439a64325a29766ce95be7f,dex_swap
0x5445df81f5d84cff2a9679e7e4f9c9a5d707f7e5,dex_swap
0x3198cfd32a2c42e18ebc0a781b58d8737ff1fc30,dex_swap
0x524375d0c6a04439128428f400b00eae81a2e9e4,dex_swap
0xd943d18cadb584163acab92a7be6d9bf74a2e6a0,dex_swap
0xd0d3778680b0b41f34ec186504c58d3a3a095861,dex_swap
0xf63b45b8b2a40f7063e1d2de8bb0832de561a032,dex_swap
0x2d70cbabf4d8e61d5317b62cbe912935fd94e0fe,dex_swap
0x7e413189b1373da6f69e1f3974cf43bda0a4fb7c,dex_swap
0xb1012c56a324e2510a81fa6d06c965b5e91fdc5b,dex_swap
0x118a8cf9b01e4104203961f3cfa21f52c3da8e05,dex_swap
0x094298648c89157c5fff26dba30147d3f0eac9e0,dex_swap
0x03619d9737864ccf43fbdf8e25d1277da63da768,dex_swap
0x6398fb31b09d940e0226a91e32fc1d8e6a9d877c,dex_swap
0x4a94130b9e8eb0a0959c2c0f1ee9583213773fd9,dex_swap
0xe7897065c71026fe0ff105bd2641c369d9ffa157,dex_swap
0x5764fa48b74e0ebcfacc666d4b54e8cac1f84f1b,dex_swap
0x880b845015d35f86ead0c4a04921d69e6241a17e,dex_swap
0xf7b11bac4d3ba667b5c5fc3aac2b4385833c2344,dex_swap
0x1cfc77026d82824ae2b27f27feb693a3ae6da76c,dex_swap
0x5669d347e6aaf6faa252744d27b04df5db92f6e1,dex_swap
0x23af16dfea2ebfeb760c4cd3ba7913d60bbf4ae7,dex_swap
0xb9812566f0fe13aac125506650a29503b9f0f16f,dex_swap
0x3b19897bdfc0b7e3b9288784e939e68377dc5258,dex_swap
0xcf52cc96ad94f8a166fd22b4a45fbf543fd2895e,dex_swap
0x93fb2d4c23e4e9a75e5e0ac1cb0be24b517c4063,dex_swap
0xc3c581ab01f3f504f936e84a9a736b0fec0dccc8,dex_swap
0x1e05b9d788373f706684b4a2a244af61e7ea2f1b,dex_swap
0xd5ccb4d0f9a2fbec0f6d2b19e89caa53c4366d19,dex_swap
0xa1bc2255bff8e65f93592618959571731d9ac6f5,dex_swap
0x7da99753ff017f1b7afb2c8c0542718dc9f15f21,dex_swap
0xdb24905b1b080f65dedb0ad978aad5c76363d3c6,dex_swap
0x0ed413cefde954d8e5c54d981d7d182b587e98e3,dex_swap
0xaaedd1dcd9eaa75d4bd4c4ce4594a8bc2d414100,dex_swap
0x249abeb13f9d8c90d338c563f643627e5e66f91d,dex_swap
0xc33b6bdfa334f124ee670f7cda45be50bd5277ad,dex_swap
0xaa4d7a4f975e804a4c7ccc86973b0f354e761731,dex_swap
0xd4841627c38078d1946550c6b5b97a1f97073eed,dex_swap
0x5528d717197f5bb7f43b08dcac55600e31b59447,dex_swap
0x4a5f3736a1d4ae30390e95e0ac03226133937552,dex_swap
0x7b292bb1d00caa7788fb8c7df93b3c173b897185,dex_swap
0xbad3ec9a7d0c438f65e570dc70f3b79e10bf4a2e,dex_swap
0x70b67fdc094ed66bac772ef94b2f3357814993b0,dex_swap
0x3759d24e751849c59440052df48ef68df73fca5b,dex_swap
0xedd64690d09d3d06aa8b2a7063ec6ccac7a9d900,dex_swap
0x62995e98b2a945f147fe90d92017cb9fd6713bee,dex_swap
0x571dc585e3f9b0cff1bcff015754b41f7ce4f39a,dex_swap
0x5c596cdb04de2ad0b911fa74802789dbe34c5170,dex_swap
0x68f3379522bf3da2ed56764b308a7148a0be83a8,dex_swap
0x71557fce3d25531792412f4c73a3030f2744c531,dex_swap
0xa6be55d1b1645d1d3f523141af3d9de6afab7bbc,dex_swap
0x2e7bacc4e472654dfbd41b4f13d4746961b1544e,dex_swap
0xacc0a26e8cf95311d7e3137ae52bbadce866f2b8,dex_swap
0xbd4fcb27677ff027f956216e7b121bb4e07ea5c9,dex_swap
0x432a11c73c97e90e3c131c5e52575f4df836894f,dex_swap
0xd09d62b6dd872f53d72153d95e8b47d003f47836,dex_swap
0x151f440e9dac205a816ee8f8af8d0486f895f741,dex_swap
0x43e07e46ae21a8a3bee8f8d86feaceb81803ff6e,dex_swap
0x17e88cf38c849aa8c8bf9c731ac7c468eb4e0c90,dex_swap
0x10d5f1df67917de8f9e49d70da90ef153f4352d9,dex_swap
0xeedef878e49015e81c50424023668232bf0ef331,dex_swap
0xb1e10a3303beeb1a168fbf3e41df93f1e667c0e0,dex_swap
0xac8cdfdc58d50a43153ed57ce48bd864074255a5,dex_swap
0x15689276dc6e7d2702f7e1900c42f885284ffc46,dex_swap
0x4d5e9460e0ffaccb5c02d5a1310d55c8fc07344f,dex_swap
0x800222f42220baadf163bce1a9a806c51f696828,dex_swap
0xd82d5e49e4e5da877117b90b636e61503e5315c1,dex_swap
0x504e5ea8b0cdfc3eb559a67af8e0a6957adc1b1e,dex_swap
0x54fc722a66abfb6500a36d8b7b2646129d0e836a,dex_swap
0xc120e5142f8867cb2eeefd728af13a59c3048dc5,dex_swap
0xe25c623916ee63d5b03d1ff9fc85a41e14364e0a,dex_swap
0x89b9fd2f10af6084f9655c08fb733d7e07ee3fc6,dex_swap
0x1311d8d89e93632b1ec280d51d1ded13e311d05a,dex_swap
0x3dbdcf5f88ae4fb08218cbe622187b02e70f3097,dex_swap
0xee81223edc6d49bad62cf6576123dbe3b6138ffb,dex_swap
0x5fb1e70b9080e3157da6d2a6364488fcb2510c3f,dex_swap
0x3420720e561f3082f1e514a4545f0f2e0c955a5d,dex_swap
0x3062998fc1da4596f9188de52bad524e9ff145a6,dex_swap
0x0f53a4e495ce6a5399c68abed1db0fa38487708c,dex_swap
0x22c0d000088a3cae62ce4af1efc169cb438b41d1,dex_swap
0xe5e82d3819ee38d1fb0ff5da14d2c4cb430a681a,dex_swap
0x00f739a79e143dfd1f43366bfc8710a759f42cef,dex_swap
0x0ce2d127df89334974fdb22716d702819fd59bdc,dex_swap
0x1abd60880e01235beb99bdd501890d7917b3d95a,dex_swap
0x2c8772a80c149a0f9602ed829065e5a50ff03855,dex_swap
0x64f7a9d81a92dcd23ae9eb6798d3ce0fafc1f2c2,dex_swap
0x657731abaca97eccec27ec1708f67fa3eaa05ca7,dex_swap
0x51514b3dc24afc1db95586242b99f0063bea17c5,dex_swap
0x7aae18fa6e591f5a441a91982026ef7fd66ba01d,dex_swap
0xd97b872efb09a28f6ba0a61b0da6d690438bd081,dex_swap
0xa12f139e75ed15112779ca6e6c33df79e526efff,dex_swap
0x95de1b4e1e4e804804a136004bf763c9f12dd501,dex_swap
0x12b73856075fcfd404a66d174adf2bc86f538347,dex_swap
0xe4f547c85944a6a27f6e4caa44a2f5549a2cfd96,dex_swap
0xdc55d1fd1c04e005051a40bd59c5f95623257bc5,dex_swap
0x7faf167615419228f3f7d71d52d840dab154913c,dex_swap
0x351dffea5ee4bac2b504e6254afa6296ad1ebff6,dex_swap
0xeafdfb9b684b08702ec96874182202df1e05f153,dex_swap
0xb90fe7da36ac89448e6dfd7f2bb1e90a66659977,dex_swap
0x886314e249c06b65bc28c52d678a2d1e74c606f5,dex_swap
0x232cb35f1b6af3da70c407daf1ba509f7701c253,dex_swap
0x8066ab8d0ec6e2b4cb4185e266e3e91089ba47cc,dex_swap
0xa55e459b272ab8a89b9734174dfd88adc787f076,dex_swap
0x84bb5b9bf1b6782c87cfa3e396f2f571c8e49646,dex_swap
0x7cc981c809c838a709a1704f22d7b3ced3e7acd5,dex_swap
0x60ac25da2ada3be14a2a8c04e45b072bed965966,dex_swap
0x78dd5ea8a91ef6a804ce090f3724ee0676e4d99a,dex_swap
0x23a9bf48f0eba5becd126a9b1dd52ee567756b6c,dex_swap
0xcf5cebf7ddbda02e9691c2da19459a5f54fbf733,dex_swap
0x6a209c5329f0a225fa1890d4177823c096016f34,dex_swap
0xce1508dc992f13cdc2f77df0a5f031e80504eac2,dex_swap
0x44efd08d202e9f47523a0f61ee6a0843b73a1e83,dex_swap
0x1893603813f21589ea3dfdfc9399ebd30a9a9f49,dex_swap
0x286a10805415bb24e056d3bf7cdb10a0ce8b024b,dex_swap
0xe6e652bca2f653717e7fd2a5fe18e70e2f318bba,dex_swap
0x60511140f3976244084d2241a73ad5fed05b8974,dex_swap
0xde4a8017a0d9a3304fa350b862ae1c6252317770,dex_swap
0x6f5304c22ac77e228e8af4732ac6677c46e09030,dex_swap
0xa373c25c61fe6659a575b6d40975182f2f1fb919,dex_swap
0xb928c37b8bd9754d321dc3d3c6ef374d332fe761,dex_swap
0x4f3ec822153e22b68e5a1c9ecaa9ca41e1df5cb5,dex_swap
0xa867ac8eec721f12db7f519c792aafe6de4f948f,dex_swap
0x409fc07b579a0cdcd5039aa83133a6c2e9db95a9,dex_swap
0xcda4394c2bfd65dd7f16ee2305c49cc34faf3c15,dex_swap
0xe5edcbe72d1bc223097a1bed1fe6c0e404b4290c,dex_swap
0x6284a6036325f498531fbee2169c82afc1021f68,dex_swap
0x904a39c5417b9a4706cf9186e1179bc69e9d8641,dex_swap
0x1bf777944878400ae2384f8011b8e1136b689d5a,dex_swap
0x557ab7b9c8f305cf4229345e258c6b8188565e31,dex_swap
0x7053060549aaad6ea733d053153bb9c00bfe42d2,dex_swap
0x308701197a7b6fdf07d18945658f0a36eb49d3a1,dex_swap
0xada4781b771a165cf2f808cc353e2174cfc3643f,dex_swap
0x75815e3309ab89b4240a993e162a4c80bfaa5574,dex_swap
0xbd6313d0796984c578cae6bc5b5e23b27c5540c5,dex_swap
0xd281ab6d0ac0634b0428a001da14364a198bb3bb,dex_swap
0x11eea4c62288186239241ce21f54034006c79b3f,dex_swap
0xf6ba006abf768ab2d1b5bba2d22d9f13eb1269d4,dex_swap
0x9832c3f1dec02caaf558f5836cf4c6af53591246,dex_swap
0x506af05b4d1065fa95ea4b27d3f38c8c95341ec8,dex_swap
0x84394d80830ae963b599ded7d9149b90059f182f,dex_swap
0x98287d4f15eede6517f215b3fcc10480c231e840,dex_swap
0xecec86d2b28396bfb44c931807d1d4de96f31f2d,dex_swap
0x9491d57c5687ab75726423b55ac2d87d1cda2c3f,dex_swap
0xaceec17d890502cbedd33e0ea5f32fe0cd2a2e7e,dex_swap
0xac1cb6d3d419da9ead0b53e62d6fb4bb53473523,dex_swap
0x88abd5cab23a0edfc79a218295b9fdf4488ff4e3,dex_swap
0xd3409b7f3f54bb097433d0f4cd31c48ac33e569b,dex_swap
0x8db1c1a958b4dc2641181a43742d2007ba661bf3,dex_swap
0x1c8beb5557ec65fda0c38c5af3f1af2bed83d090,dex_swap
0x60baf1614db42f2b4faab1cf152fb16c163c6857,dex_swap
0xf1733d0c7ae75a35fe757283777d7c1e67dc2c1b,dex_swap
0xb70d7e70d4017bb57ed294f1b85fc0d750f5db46,dex_swap
0x4b7a4530d56ff55a4dce089d917ede812e543307,dex_swap
0x297fe2bc4a37a9cb290949ca89126c093e9a399a,dex_swap
0x7c529f2cabc25f5da1e644c24ee49d0fd06684f3,dex_swap
0x2cd57fb9aa84cf837d3abb05f9cbb2fd8e458e0e,dex_swap
0xaa4d4b7c7539621d81cadb8a1a342e99a266241f,dex_swap
0xdc5e86ea224c0b5bb46014111cf128d465fd6027,dex_swap
0x862ea08702ec505aa4957c69045bf827c3597930,dex_swap
0xcb037f27eb3952222810966e28e0ceb650c65cd9,dex_swap
0xaeb8dd340f0a49d362269171e83c801b2d9e4946,dex_swap
0xb83258bf5940c98abf54f26c5a02710bd6b83b2c,dex_swap
0x59c6ead6d3d310803b0d3f1f74ae48f792e7e744,dex_swap
0x953e2937f0515c43ca7995e80c84aedcbbb9385e,dex_swap
0xddff2cdad11898b901a661e32e9fa010780263a0,dex_swap
0x817b28be87c22658b884c7e724747f2e3cad76fe,dex_swap
0x991f1aa7e0901f9ab3d583846bf5be0ebace1d7f,dex_swap
0xf93046e3e0b321180d27236e0e66b7e4a7a668cb,dex_swap
0x4ff2a4d73b48e05eec47954212f6db8a5dc0c31f,dex_swap
0xc75466b7b2d14fe65aa7492e7e977888384ec5c9,dex_swap
0x47d8675277cc170e33139afd10bd004a09869e62,dex_swap
0xcc9288e9a489bb8773739d3f4930ea94286e58f6,dex_swap
0x23ecb3924a393a0c5ccfb353e189fcff0bb96fc8,dex_swap
0xe8751efd752c15a7043326e98f54ac33af63637b,dex_swap
0x8848a291f4a980e04a678e5213af9a32a8349abb,dex_swap
0x7825d156fe96f59e05ef76cd9509931ab574e427,dex_swap
0x57c3174cc5b2233b567400964f002b0cb6fb58f7,dex_swap
0x7191cfb6ed8559d13af0b9cade543b74267cf8ac,dex_swap
0x4feabbdeacddbe96fa6fb2de479a8a918e957950,dex_swap
0x62b496627411a27d58d19cc870581221f59c3f58,dex_swap
0x4a5a8b0108f446df7c1c8a459fcfb54e844b7343,dex_swap
0xf571385d72ffdad9c9acca8cef52b87b30262d65,dex_swap
0xa4d7b6a50dd4c55334ca6f175dbc6561f269d264,dex_swap
0x05cb35c5314e208598d7024f253c9ff9bda0b4a8,dex_swap
0x0dbb0769b00d01d241ba4f7b2891fb5c2a975d51,dex_swap
0x85fcdc34db7f952458f3f02900b1da1fc6284c09,dex_swap
0x65ac5dbdf183e4a3a0f3faea32a9b7e34ec0d1a9,dex_swap
0x6839736e0368ed7982bd2c96ce2add404de8fa40,dex_swap
0xcb0647560afad67e12e0837d2944d28dc4b8cc9a,dex_swap
0x71edc21c0152c868f2d5fe2cc2656cf524d73db8,dex_swap
0x4a46c053bd5c10a959aea258228217b9d3405f3d,dex_swap
0x341baaa6c0cd2b48da0bd4a8906945008c5a4a75,dex_swap
0x05ae2e8f56d9ccecc2bb2983e0da80f135be907b,dex_swap
0x7023f23b449ff69c2bee7b4065ab60afe0899f72,dex_swap
0x8da9755402ef9fee133be228287d634d90b0a3d2,dex_swap
0x106ee79267358d92ffaa6c1a08cf45aece6406fc,dex_swap
0x6f1bbf96268c2a208152dd9e49ceb8b945f0254b,dex_swap
0x13dca6dae2d4d44700a66b05dc009b2e7785bc60,dex_swap
0x1e32763d53c43dc31e9c7531b66b77899879c93a,dex_swap
0x6b47e002a4ccfec5bb7dbb69da8603738ed4845b,dex_swap
0x4c603c810a75f06a7e7225b17b48a93b5b7bf41a,dex_swap
0xe6a610171123222399f4f842fa4d0943af53d63a,dex_swap
0x392d798e512bde89204fec1680c922c9e5ef16cd,dex_swap
0x511af8e966ffc86fe7700801a5853b4f49cc7b07,dex_swap
0x7341a5a9f26d8230d14720e32d3616db32316d48,dex_swap
0x3001f4b1fd3ec5df4bab2998a812bd253e0803ae,dex_swap
0x837e2dc9ccb6f02f02c7ff7de60360ecd907706b,dex_swap
0xc49b7b2d02f0d8bba16dc90256fc2a95b1e8f224,dex_swap
0x858b26f875fdca30eca09e100936a3d1de81e224,dex_swap
0xd0fc4d711023556e44bc810ef6ac216f17318d5a,dex_swap
0x0a92d5c377cfb80b329fe182238ea9d6ace8703d,dex_swap
0xd5daecc7a6d2687b137a6f873e1398b14e1af732,dex_swap
0x694ad0bb5e6b6ad9e32badf638c880353644e297,dex_swap
0xfc442a8bc97441a7c7dca1180ed839e3d95f4a23,dex_swap
0x422b275c70af617c51ae627bc096b79ff37c41b1,dex_swap
0x43ac0c8a58457ef4bba0a8ec03a36d490c3a5fc8,dex_swap
0x202d6cc199ce1a71428fcd6da43e84498f6d4333,dex_swap
0x82854c0a2f0de47c2721119ae8005695705908e7,dex_swap
0x0115d04a88990889471a88e85817aac9e961c07b,dex_swap
0x1038163be99db97b25b8a7e297f677d6becd3c23,dex_swap
0xa59c59fc1ad150e6031e1fc0c36edb58912d06c4,dex_swap
0x0df0c33cffe3be2d67aa83cde3257d9c1c82faaf,dex_swap
0x1b6b0a419e5ef02bb40ac4e7fc1252cfe88464d6,dex_swap
0xdfda74b2472a9877d2f1b9beff114f82efc29ae7,dex_swap
0x81060e6bf2a683f208b8799a33c7c09830cabed1,dex_swap
0x493bfc1adb2e60805693197f23132350ffd2a04e,dex_swap
0x4e392a3883a84225260ff857318517eb50e5d128,dex_swap
0x66707f761ad47c0a1bdb5fdb9e6e836a54a833dc,dex_swap
0x49770f37faf4d6e7000b6b0d4f65cff3c5f6b75c,dex_swap
0xfb42641650841f76151010be9a49f3399a3121a4,dex_swap
0x643da9f060ed6d0a9dc9738b235cc16b66dd0fde,dex_swap
0x694b10bcc6d01d2731382323308eb6ade29d6f39,dex_swap
0xdf6de10865957c490f76ba74425d94f9a0b8b239,dex_swap
0xc297043c0f6db21ad2575f297427ec35dc98eee4,dex_swap
0xf3f18350598ea58d1803b436c332469ee8e09d1d,dex_swap
0x4e4b9d12ffdf8e58dd883e1388342ff54d084203,dex_swap
0xca5f5c3947a240774c6bb10c510c4a95d6c1aada,dex_swap
0x098dd98f215db01327d47eb4211bdf10d84e581f,dex_swap
0x4072ed518b625ab81c2b0345c9f77fc8980e9fde,dex_swap
0x0b2b8ef02736e099974d0f0d8dc951d3a7c7c941,dex_swap
0x11355ead205f536612a86c25e9e3f35256f97202,dex_swap
0x0e166a5f671f8b357a52d853a27f963fcec21cc7,dex_swap
0xf95cb20dceca266a23acd3cec6f1ed3f9b677dce,dex_swap
0x463fe9f646b61ccfb43a022bf947075411cd71c7,dex_swap
0x96e0c440d3377c2dfe4f2a82add0b045e46cbe64,dex_swap
0x9263bb7e2d3570593d80d087ea2cfc72882cfb2c,dex_swap
0x34757893070b0fc5de37aaf2844255ff90f7f1e0,dex_swap
0xa1777e082fa1746eb78dd9c1fbb515419cf6e538,dex_swap
0xf130f72f8190f662522774c3367e6e8814f5e219,dex_swap
0xd391909680d3e4b0e360cd9b6fdf32861e54a6e5,dex_swap
0xf863034d8206ef941bbb4e942033d3c70a60ca4a,dex_swap
0x2020c39bd13b4e56bb525af0e790497411173564,dex_swap
0x3e448c17043ce1481bbe53c0fd19481bad8b98a6,dex_swap
0x0782614772d99c575dee14dbcb9c4b79ea3cbdce,dex_swap
0xcf4f103759770c21f945413781ca787620316988,dex_swap
0xecbc2f008c20729b9239317408367377c5473812,dex_swap
0x7f7c4335ccac291ddedcef4429a626c442b627ed,dex_swap
0xc130254e9196d48bbd9f91240390a6e8203132e9,dex_swap
0xc973c86afc23ed731ce1a14d7179003a1601205f,dex_swap
0x766def11489cbf1814923081e69d7d400a2bc17a,dex_swap
0xe28f406b76ff443d9cbfe3e54d2826e912e81c8e,dex_swap
0x41db3358fb1a3cd83e07569f1c50fb3e9c51e6d2,dex_swap
0x5670281b9fd567f647c8e6b0f118f103948dc270,dex_swap
0x62871bbe9961b434bddbd9efe54a570e208e2b95,dex_swap
0x5e54672682b4be0b0658f967a17ac793e485bb66,dex_swap
0x0bb37f7cc82dfd48411014391c0a4d9c877fe22c,dex_swap
0x3c5030f949c20278ee20bdfe33899af88d729c3b,dex_swap
0xe053617076244309ed3916140ff042aefa063698,dex_swap
0xfc7ceca6da6e6d28dfee3f36b256884e3412d959,dex_swap
0xec448755e461fe79ded0496af630129e45d6a6d4,dex_swap
0x116361f4f45e310347b43cd098fdfa459760ea7f,dex_swap
0xdb915e245e2dacbec57c123c7ada2a8cb1d9eaff,dex_swap
0x61334242a5a00dc078c9660a15513556def2f6a9,dex_swap
0xc3f5e0d4cdff86e85486cf6bd20cc0884df5f98e,dex_swap
0x7a94ed0b0da7eb18135517501684b959ab88f8ed,dex_swap
0x1a810e0b6c2dd5629afa2f0c898b9512c6f78846,dex_swap
0x5dc631ad6c26bea1a59fbf2c2680cf3df43d249f,dex_swap
0x628cb3a5a206956423d158009612813b64b19dab,dex_swap
0x209bc49dc272d71c356bf1979a5db2e570b74043,dex_swap
0x6cde5f5a192fbf3fd84df983aa6dc30dbd9f8fac,dex_swap
0xcd3bba18d079222ee775b6bcdeb154463a0f89a3,dex_swap
0x231398c829e6a1302101196b5b54a79e2ee7460e,dex_swap
0xe0c55d5e2f82baa080cf240f2aa704c78b975848,dex_swap
0x819f707c87d03cf943f66387c6abd93799ee9c66,dex_swap
0xc0a64fffc0fe4d2b18588c2890910e8156f63729,dex_swap
0x2a18b70aa1b805ace4a29128ced89eac6ee34ff4,dex_swap
0xe983ea2d2419c742248833dc3d91e3abf4eff897,dex_swap
0x5831b2c66ec83d5a09ca6a3408a416ea2a67b8ed,dex_swap
0xb135ebde27d366b0d62e579bae4118cb991b820e,dex_swap
0x0aa7ab6aba2fa93e7d346e8325a841947527d968,dex_swap
0x0ad75c963d0e059884b7d7674d16656fc17c8b2c,dex_swap
0xaeb761cc6c61679ffe11d5ef1e17db29ec47ffa5,dex_swap
0x8ab8d851c6b31d8a4d42fd7d3e47b20861b025f2,dex_swap
0x44299578acf8c8ae4b76e3d83cf9d9d1e6ed8892,dex_swap
0x1bfea543e758cff4b8cae1cfd7f8f0bb512c5b50,dex_swap
0x821d7f14348ce6b45737ade786ec964f13051704,dex_swap
0x5a617bfde5d9820a57e3ab49f0c29082a6c7580f,dex_swap
0x9e575b52498a8b5a9bff8d56ad17382702493347,dex_swap
0x99cd514a42daed0ad482aa57bd52a2267cc1d7dd,dex_swap
0xd80d28850bebe6208433c298334392bc940b4fc7,dex_swap
0xd3867d529e98236836e99047898aeb16e4c18d0f,dex_swap
0x9d775ea74eae657b40583f779417676cee05cb67,dex_swap
0x1219b06380157f0ea0468f4f714d66e7f89d6956,dex_swap
0x363a842804331cc69480e0cc85f88da901688093,dex_swap
0x4213a20bf2a3d62b2c0d6f4888f5d8cd8a862ed7,dex_swap
0x999b63962a573fb78b0ee7cfcb48bc78512b8db2,dex_swap
0x887e72c29ae80912936f5e56b2ec601d22dbf575,dex_swap
0x41dd7215fc67c5f6e123ccced7f4370f1aa1566b,dex_swap
0xfec0ea7247f9e07505819559d0fc9da80dae5d9c,dex_swap
0x6e367971125ca786e044f2e5b01715ac79c2207a,dex_swap
0x26c55201b3b8148dd66eeb19d55555408701ad6c,dex_swap
0x859f4f967aefab3685aef0b32366d213ec54aeb2,dex_swap
0x38b0434759edc74d1f9b29cccb6b7c46e1b4a77e,dex_swap
0x58a0fafcc163174a39ed482ebc57ccd6c83c74d5,dex_swap
0xc82c7c468e38104f41ffd9934e50e4480d5e69ed,dex_swap
0x34c5afa311d7d814cfd4fbb9b28fe4a37b23398c,dex_swap
0xd10502a4f4c182c4c6c1371ef102e8d95d995e54,dex_swap
0x382305f2db9b2f2a2d604e31dac97cd7cda5d982,dex_swap
0x0c9e7bfca2b4b47f501b69fe3da413c3213f82c5,dex_swap
0x4f2d35f208437d4575c051ae3dda6405140ca42d,dex_swap
0xaecc40cb7cde7a4dd2c5bd738a545bf9d7c5aa51,dex_swap
0xf3cf8587a94735bc9bdc345153f98d7fdc40f335,dex_swap
0x06b423e85e935ab3f026eee5dbfd297f4a193941,dex_swap
0xeadfee4111f57a895e571e41bbf23e6b8f115d60,dex_swap
0xefb5460dd5aff5f792986701ce7aacfc11c0eb0a,dex_swap
0xcdbae44847027f24f4e3a1035dc39c12ad3c16a0,dex_swap
0x045789c18af18423e04b5abd60b9d45164f4d969,dex_swap
0xd84aa9cc3c4d2cd01643f17c70cf5364d57ad144,dex_swap
0xfe0633ea275573146ddb9551bd2ae5f9450031fa,dex_swap
0x13e726e06c4a1f21668173ba9134926eb74e95bd,dex_swap
0xf7d031c88f1951d234ed6cd900581ddb5fc3b632,dex_swap
0x46808cdd0b3b34bdca948a2ad73afeb7077eb341,dex_swap
0x0312187403bf72b8d2d80729894d6ac3300bd63f,dex_swap
0xdc7c4f33da72cbf41653550af5285b5c86a59853,dex_swap
0xffe85220b143fd5781d877b083e2dc11ebc2e362,dex_swap
0xe93066f5352f764486fa0d16c3596ddffd4f0dd2,dex_swap
0x2992f4c2bd1fd55254fcd5ccfdf98899a1a52b7a,dex_swap
0x61ef8708fc240dc7f9f2c0d81c3124df2fd8829f,dex_swap
0x0f44a1c2b66418f784607d2067fe695703809bff,dex_swap
0x391451145107ca2cc5d42c529bca325bc75bb0b2,dex_swap
0xafc456f87bb0241aa4ecd0f8326a116a59d99245,dex_swap
0x4e40cf4a7d8724e5adc2b791bbf9451d1e260b93,dex_swap
0xc93c5a56d70d30d8fdc58b471fa6ba64ff04c151,dex_swap
0x8d15c791eb0aa3dc96520477d0f9a1c9ca042913,dex_swap
0x0c4f9249c6908897c57d8ed82d3902955f9cc487,dex_swap
0xb8e041e018818ff4b3facd0df0c1d9fde53457a0,dex_swap
0xb124a70c54dab1dca8403e8c05ba53507933a27d,dex_swap
0xde27bdec962a74a72fa1c5ef50bff6f3da083e05,dex_swap
0x733b6ccc2e4fe77f85f8d9f67c2f11b14865bf46,dex_swap
0xc9cfc40646e804b517ffe618f8720762b8e829c5,dex_swap
0xa6bd5fc3ff2a0b39b0c90be4e6c539ad65f4ffb7,dex_swap
0x8922327fff15e193dc640e6d9063fe0a80ad594a,dex_swap
0x9ae941beb0aa00ed0644de6dffcb4308572fb089,dex_swap
0x8c87733d268a5214d7780607e0c037defdb4afa8,dex_swap
0x26e2c2ea22933c82abb1d3f4d2d81e226cc73fb6,dex_swap
0xf53581cf6e3afaa378868b44a5689faf5c78ccc0,dex_swap
0x4c3261abd6c38263cd250eb883188053d93a7fe6,dex_swap
0x3f5e652f2255c379172d351b4038f5f385ce5e7a,dex_swap
0x6fce9db81596852b66610cec342c880aec33b0ed,dex_swap
0x2880ac62fe7907fb47df6b05db0d9bfb4cc534a7,dex_swap
0x5e6678b9716b0be79c79087d95f0acfd971aa4d1,dex_swap
0x03d70bf9e6afbf8cac09ef0c45f9a00a841c2bed,dex_swap
0x7c15f21eb45a8a5307c610764a7b89246165b252,dex_swap
0xf59abf32c1e8c5d2c6e3faa2131533bbcd466194,dex_swap
0xdc169475e7386d51ee77ae8d40f60efa970e4f32,dex_swap
0x96b6a151ab7f28853a20dd6018a290776ee27ced,dex_swap
0x6982c29cf996c9c33312cd6a817aa0da3b38b09f,dex_swap
0x6befc5a1a99bf8d1454da1a086ddcd5eee84d093,dex_swap
0xfcabb4ac3b01fc2f7d57c4d36f2c3542c752b96e,dex_swap
0xcf3d2b42bba874f5a80aecb1079d72e33b3fa995,dex_swap
0xd10456ce05b9af05c8eede0f93ea8aa80a0daa2f,dex_swap
0x065c22a16f6531706681fabbc8df135fe6eb1c2e,dex_swap
0xe647f44b9994655eb3c78d553bb6e577e45f1713,dex_swap
0xad3d206de5fb79774a11d16c26b0b70d7f45fc16,dex_swap
0x21ce5cbe703d497ce53d4142b31623c7705fb22c,dex_swap
0x10e6f633713be9c56ad6b9e27c724fa656de33c1,dex_swap
0xbc83c60e853398d263c1d88899cf5a8b408f9654,dex_swap
0xa143ccf73c25eec6f38bd1b741043ebea228b8e9,dex_swap
0x2e067e0eab7fd31c01473c0f56f3295afb82e461,dex_swap
0x1625fe58cdb3726e5841fb2bb367dde9aaa009b3,dex_swap
0xfaadc9de3293fa4c8424d3aa4d38b067dd425961,dex_swap
0x4c4a4bf3b59d854f0b13cbce940d15830103947a,dex_swap
0xabb4d1145e3f69040c49ac36b6a4073b39ea4f73,dex_swap
0xda615ce78995a922fa95bb6d9528f275fb63bc18,dex_swap
0xb6c8f9490314394cfc6edacb8717bfdc1eb8dab5,dex_swap
0xb1ed164c736909ba7ddbc1feb7ced4eaad854a87,dex_swap
0x14e577e42d45fd2200a9b0e31d87fe826467111a,dex_swap
0x95faa9a91cd6c1c018e4b1a6fc4c89d4f1695e5d,dex_swap
0xad1895a236f7f5853003778e6ac9fbb072f94808,dex_swap
0xaa97f0689660ea15b7d6f84f2e5250b63f2b381a,dex_swap
0xc767c0b2e2e56c455fd29f9ee9b6e6f035c71ed4,dex_swap
0xb2290db2f409201c33c507d266becabf19228dd1,dex_swap
0x625cb959213d18a9853973c2220df7287f1e5b7d,dex_swap
0x179c79da84b915b42fbe3ceff7a13b1e33ffb545,dex_swap
0x0f38fe51216a859bff11154d02dce8f34482bcf4,dex_swap
0xde01975c7370e752ceb44b5c5f4de210f21d6b62,dex_swap
0xedc9cec98c89aa7efe7c74bc10e2ba226ba3cff9,dex_swap
0xe426e1305f5e6093864762bf9d2d8b44bc211c59,dex_swap
0x7b9a5bc920610f54881f2f6359007957de504862,dex_swap
0x446336bcc74ecf461e5398e0098cae14a5f39956,dex_swap
0x310e866a2de4a9779a4e1e86039b6bbd6a4111ee,dex_swap
0x6899bec60a31065f915df1f7bf053ff62ff1bf2e,dex_swap
0x8531c7803e65592a35628f61b46b9202f1018e73,dex_swap
0x4b44796c240ab477e2ca1f72748d5c2edbb57c2d,dex_swap
0xb30eb141a33cb245bfb5bcc6dd06d2c7fadaf5ec,dex_swap
0x1edfe40f69cdfd4715b7eb1cd63a71908eb0cbab,dex_swap
0x590269935821d760c54b32d31db66ba47d4e53b4,dex_swap
0xfa71cd2d9ef0c45ea568b1a1df0515d18cd12526,dex_swap
0xedef616c799402d7af9181db484372d8ace74843,dex_swap
0x6d3ae3d06504525283f01839fde1f2edbd8c2d5c,dex_swap
0xde1f8ebb496f48f0cf91e58eac0c33c26c671a14,dex_swap
0x7766bdc5ff15d3aceb4d37914963aebaccf3de15,dex_swap
0x99577d15c962610c1db64c92d6d867e467a2066f,dex_swap
0x65de36012339eef70ba1fd96322f68a5fecc0bd2,dex_swap
0x3fa7b9844d5fdce29fbecbe1dcf5919d66754ed3,dex_swap
0x5c9c47a365d6307fb74c9a88b0fbe73025df69f1,dex_swap
0x0dfa5a3156ca36b5d53c9d60a81ab14cb86ab262,dex_swap
0xe669f5a9aa1bdca5d6bb8ff63c9cee0b21003079,dex_swap
0x999d5574090e77c6344f50012c871dbc22cb477f,dex_swap
0x3e4e1da1d29451f5e6f4c23a3951961149b34e57,dex_swap
0xa0572147474e6c64e2e3b4af5fc4587bce492647,dex_swap
0xc4b4f75525ac7350e7a394b1955b60f4c4f5ec99,dex_swap
0x7a977aa9e8c171afc7cc08457a9b51d7553852ff,dex_swap
0x6d3dcac0c2de5d87863b1d70f8eb710967485c01,dex_swap
0x2392ae4ba6daf181ce7343d237b695cdf525e233,dex_swap
0xa82c78730427cf2630b5d84f3484b97d3235b949,dex_swap
0x34579b4538ab511b524f2e2940893e5571f52f07,dex_swap
0x9362534bb370ebf866de6db0b846390ab6ebc87d,dex_swap
0x9c03bc93d1109372990cc797996d0f572fad2bd4,dex_swap
0xf27d0dac09460b236d4d9e0da316fe9c3a99b4a2,dex_swap
0x7b1880c22bf334cbcf739543eecb71841fcf1860,dex_swap
0xe996920c3cef8a47f53a3f75864297caacab62f0,dex_swap
0x51a6d15a6995c6600b6470e78a8aecd7786cb647,dex_swap
0xe4c7553398c8417f39ac1fa58e16d8163841438b,dex_swap
0xe8b9738d4a23e3a7ad74a685a681af411650ce10,dex_swap
0x4d674a7a5a254cc5b82b36bc78db0ae257b8dcdb,dex_swap
0xeba4c010416ab641833c694c009f3ae7af40b244,dex_swap
0x1d563bd302bbc7ae51a22baa62f241bdc4bf2fff,dex_swap
0xce097197e34608c85b9ebfa50c017d64a7c206ce,dex_swap
0xd766cc22236e5709e8afee3c306e8af68aabb512,dex_swap
0xbfe94ee87794023a554438b5770efb64e0b043ae,dex_swap
0x3b7fa45202398cb68ea6cd42d95bc86f90f2b0ca,dex_swap
0xb466d5429d6ad9999bf112c225d9d7b15e96c658,dex_swap
0x87dec9a2589d9e6511df84c193561b3a16cf6238,dex_swap
0x3151307f5db5c916ab6cf37c72163701277bb9a2,dex_swap
0xb36fa2020398b3ca035f963b344e5496dabca85f,dex_swap
0x8896cfb66b1399751c5c8104b3452f0ed440eca0,dex_swap
0x1a13e839c300d874a9065c90cb4e2048c5810e94,dex_swap
0xce191e96246c83da2944ec233894f09c75dfe3b9,dex_swap
0xc29cfb31334c54cf5415e4682e5ca339fe807e8b,dex_swap
0x57a9b27d6fef6f0f85815e9c270e6024917c3a80,dex_swap
0x93b7f19c4ab9d452e207e93b4efd2706bf7855d9,dex_swap
0x50520bab583b48baf27a24210adb9273a649b5a6,dex_swap
0x7b4c97edaf66e1a34c60d6d6c65c7ac11144be23,dex_swap
0x29ebaf0850f9c6511291e1900ffb41dad32afef6,dex_swap
0x3036de3fae565c3b6c844700b6b1c9a492d4c028,dex_swap
0x008c2edcd4aae1888774cfd9a9e5e53dde3e6a8b,dex_swap
0x0a84a10d0064478612bb731fd4914205940f6a48,dex_swap
0x6e419ead61d1a7333a10fa61efeb6630f0e2f090,dex_swap
0xa4d77f405b3b1c6e239e44e4b0802c336dfaf590,dex_swap
0x99835e84a902c64a77f67f6371360c8ab18d933c,dex_swap
0x1da9bf0f49f8e2de013af5eeac5efc10a55a5897,dex_swap
0x7b65524ef0eb40069c3fbc6768177b19a9550c3e,dex_swap
0xedc1838c3f64104017eceb539189b87b402c028e,dex_swap
0xa5db796d7249097073c5cbdeccf53773b5cff743,dex_swap
0xffd3cad427fb606e680b204070c6c667bad20ac8,dex_swap
0x4495f525c4ecacf9713a51ec3e8d1e81d7dff870,dex_swap
0x0347a06c4253502ef43cf89431df78e89d9c30e7,dex_swap
0xa30712c2a1bb255fd7b664baba22cc71394de2b2,dex_swap
0x90a4f1551365ea6e741da53ccaa52c7a071eff5a,dex_swap
0x62d0cafb30593a39c0cfff746bb9fdf2cf76793d,dex_swap
0x40b3737b8984d14a2e8f96d8c680b2d475719fdf,dex_swap
0x3ace825bfb3188796579f1d507897eccbdddbc72,dex_swap
0xc1d86e67390b815ca69c2383b790644ac33b59f2,dex_swap
0xba711b58b59aa46aa0bfb38c60f2b84eeea0c621,dex_swap
0x228e5944c13df7f2f99f3d8d84632d1177b9ac49,dex_swap
0x64a8abbd4ff02cf54f398b614ba2bbd7f583df5d,dex_swap
0x67e8470c6afd953e52fe58d174d3f35a9cf777ff,dex_swap
0x5e72a2f4cd83774fc912eb4fcd75e2009fa3ee09,dex_swap
0x3abe81d6d9a081e9ed3b507b373398b4455fd23f,dex_swap
0x6d0b13bfdedd0974546483a6e534f460d10293a5,dex_swap
0xa643e7718653cbe41e25234c6336e9331f85706e,dex_swap
0xd512f028c2927ecd72f7e68fa0ee236b46e25120,dex_swap
0x357596dd7a0ef5cb703c5aae4da01edff176ae95,dex_swap
0x357c6862ee30ce79a18dcf5e886cd5525a474954,dex_swap
0xa11cc74493735d1164b88a524d33010312afc8f5,dex_swap
0xcdf3a287d828a1ac8fb27eea890f74a49f355f8d,dex_swap
0xdbfc9cc4a31c48f2b70cb1b7dacac5ae649ac244,dex_swap
0xa351f6bf52f3ca49ade1f52034eee5106225ff11,dex_swap
0x0daff8a06fb91ccee4674a961f02d54b3f524a1f,dex_swap
0x87650e2b2d67b415be694f3996cc1d1d93fe3626,dex_swap
0x4eb0685f69f0b87da744e159576556b709a74c09,dex_swap
0x5fcf404d2d23bd959b886858089541c9b91f5527,dex_swap
0xa33aec1addfbbc328e384ec9ee9559d31c927c2e,dex_swap
0x1ada2f5105ad4b32944f4511a378886153465f70,dex_swap
0x110ebf7e9244a6cc5d2060e0ded2d01c1075e5af,dex_swap
0x4b06104cf014965d4ddaa5341577c7e765d16a5a,dex_swap
0x0e2adefabb052695bcbc4966182e97d71d9f0094,dex_swap
0x75c52774e6e2b686c4a9c8eb46772c6bc3cb3a61,dex_swap
0xdb5a1e5c280c9d93c0c680c8da36eb39ec76bbc6,dex_swap
0xd5d39b2fce8141aa722bcb46808899d7e3817be9,dex_swap
0xf0d6fe009db3fa51deb7c64d50fe718a8065e0a2,dex_swap
0x0e6585a033b196d5cf533ac08c8846e8b96e817a,dex_swap
0x471556434c34545be56c14ed38b344db88bbdbbe,dex_swap
0xbbe2c8e6149c8b92ffd4c79876694c04fa0fdf39,dex_swap
0xf552386896df6482477cedeba8d5342f61359072,dex_swap
0xc3764befc36fbd2f8529e615b019cba2219d18c5,dex_swap
0x3744d019c2d3fa533bafaccedbe62b06423038ae,dex_swap
0xc66a44cbd0dac7f05cb3e09f2d22953f3bd8c4f0,dex_swap
0xe9d448cc1ed83891ab5b381face53f0cadb3a8e5,dex_swap
0x8a1db0bd2fd754f0d36860febd3089a43e1a23f0,dex_swap
0x8f1dffe795630c0f889e51bf3f9eb0f38a012b5c,dex_swap
0x6a33ddcbd1d9f8eb14b8ac150d5e0244e707cd52,dex_swap
0xe0c222c32f40c2a1c6152af73843b6cbc2deff10,dex_swap
0x776e4d8e5d72a55795d0c09766c76b15c7b9b4d9,dex_swap
0xe6d99a8f7b49dc3aa06635564d63338d85c4347f,dex_swap
0x45708ce9240fd777b974d76567888b6bb7b5429f,dex_swap
0x8857bef83f67f1c3406dbf1bcfce920cc0a55c12,dex_swap
0x5343b1a45acf16c28989fd51693d0554b4eb2fbc,dex_swap
0x7a487a9aeeb37acf57ff13e6a7c282f88dfef527,dex_swap
0x14aef210c9bfa437405aa7af155957f9ae9a65b7,dex_swap
0x26f5ccdf2f9f176c83e064ebd0ab9c5d1e62b5f5,dex_swap
0xfd75c3ede38568fac879be0d502f3cf7b73bc9a3,dex_swap
0xcb506c162b42915bf9742d32c9846b76aef9e383,dex_swap
0xf4ec556bf492a5599112dfb0e65a775830b478c0,dex_swap
0x91477a28745ed196f37d611adfcbf708afcce75f,dex_swap
0x9cc3d42ff676f67fc3c7fb664fc25fdedac7062e,dex_swap
0x780f19ecdb1ac0f4655a24cfed9e9dc2a40adbb5,dex_swap
0x6bab3afa6d0c42d539bcbc33ffb68c0406913413,dex_swap
0xa4bc5aa6229e6f2baa4b8851b19342a1d1217c08,dex_swap
0xb1de61235c81c08b376a3b5ffac032f05172fdeb,dex_swap
0xb9de81147ab22b80237c8db99f0c861843576d71,dex_swap
0xd7637dc3b4565b6cb00f06a339905d48170e2da7,dex_swap
0x784d8d96d0e0859ec534ef5d70522c890d5da23b,dex_swap
0x570dcdbcec1ae07c33a35c79c8d646bc487e219e,dex_swap
0x8df12646092a1ae43560d3d28e52ef1bd62d8911,dex_swap
0x3fee2f08d5e6c33a98a91dfe169c6e979fd86bb3,dex_swap
0x232f9dc0850fdfeaf2bdcaae24975b8e9ee5e455,dex_swap
0x0d76866f78fcbca2730e60c5997d59d6ba585613,dex_swap
0x83c3368ad1fee1ee318424da70492e7ccb606177,dex_swap
0x4e2cf4f3c0f1595523f70189940faf80450540bb,dex_swap
0xd1ab3b81bc425c3921fee2219026db806ff6d982,dex_swap
0x45fc2cd4d48bd0ad029623f945b488b9e7774b27,dex_swap
0xf55791afbb35ad42984f18d6fe3e1ff73d81900c,dex_swap
0x36ba3e0e505e9ef41a8f4df8515b6f5a8c37bb2e,dex_swap
0x2fbd5f5cdc543427b117e2eb4333585603159515,dex_swap
0x2ac5baa668a8a58fd0e302b9896717484fd217b0,dex_swap
0xc9083503727495569de1973c5d44eb546d31474a,dex_swap
0x59abe068150be95582479a405f2734cb533f9354,dex_swap
0xb1ea2e17c8abcfa5ba111c92a9a1ad8c5728153f,dex_swap
0x0d95d04c72fe3b0f17963779138c504fdd365c03,dex_swap
0xb793ff8031fce64b3f553dbf40a70370fdeac1c7,dex_swap
0x37fd96e1d24f69f20172ab97040f806284a31ae5,dex_swap
0x9fcb0a571ba5b980a7e8920baa9f77641f88699c,dex_swap
0xc5a5caebf3bf6220a3efa222710ab488943a73f8,dex_swap
0x9bbee9935d45a003397406060bd7873ca96ca03b,dex_swap
0x58f5f122436f6143d782410c76c3c3e3614fa4d1,dex_swap
0x951e887a2443043539c70638cc4fa54108ec5607,dex_swap
0x04feae0d4a3d0051397ee09314dad768a37fb539,dex_swap
0x1aa2f83357150f811b1010c00020abe1462feb01,dex_swap
0x1e2f87e1f8056fcd39695aaeb63cb475e1dd2318,dex_swap
0xb97801b068a14de7df19045422c86bea11d47f33,dex_swap
0xefc63a8112e7d20ffe84862dd9b4e23e93635836,dex_swap
0xeaaeabc83df22075d87bff0ae62f9496ffc808f3,dex_swap
0x8c7545d227140fabb2709ea41e1a927f4e65b946,dex_swap
0xf9fe40a3ad409856818af8eb8912a4d79c6cb1d2,dex_swap
0x899f68521196b4db5e3525e8ce1695efa9b05533,dex_swap
0x092b00690033772d9c67738445842ed6c45ee351,dex_swap
0x23490b2a472a4c78c30ef02256846fa1cd7d0fbd,dex_swap
0x74fafbe9fbaa4984e265b9d6fd635560b3ab108e,dex_swap
0x94ea3949d1a1d0fb7e16378e0ffc01d7b3f4ccaa,dex_swap
0x4bd8b8be51560463ec6148a16ed129e58037c10e,dex_swap
0x81f6204e85f025acd14338f79782a2dbfcc7222e,dex_swap
0x8edb43ea696a61528296080196789eca04c80688,dex_swap
0x3f6c4092cf3edf5724153801cfeac6e26e7e66e2,dex_swap
0x0dfaa58ac7282b5146e64f24cca7b5e5fe584bff,dex_swap
0x57a2e855167e666ea39745b92d8593b8cfb3f16b,dex_swap
0x74a39d510ccd3a9eb6e97f81e4b350f152af0aab,dex_swap
0xd624f64dc70b20f76cc9a6fb183b9a2cc50a10a0,dex_swap
0xfd0cbb42b4955f46f63fc88994ccd74875c99394,dex_swap
0x176639fca61eec3d741cbfc20b9bc224138478cd,dex_swap
0x954248d62f42cb09dd66ebca1cf47a5ae7a3b303,dex_swap
0x4d619c92a1e327191c8cb44b4e5986f920142c16,dex_swap
0x14a23cddba88a0f2c1d83b5d43f36d58b0a0aef5,dex_swap
0xb3f33c0caa07e9b1c5a317ae5b774cd8f87e0e2a,dex_swap
0x110b2927fe19ecce8aada6d5b87ffafdcdc9faa0,dex_swap
0x8917ba2a352c6d3e1acd5ea0a0bf7f203046149e,dex_swap
0x57332c214e647063bb4c5a73e5a8b7bba79be1e4,dex_swap
0xadc9180c7d70909a26c722da80cac5b131039038,dex_swap
0xf40fc6674e683ff67d26e0242ca70c8f3f31b81a,dex_swap
0x7f1734640749ef5a31e960282962308db8babaa9,dex_swap
0xcbe31777d015c7150dbcc6d44ee93cabead98485,dex_swap
0x9afac41cbd701a184a74475aa8bdcda6a1a564a1,dex_swap
0x86a13b87c47809b1c9731b583ada61a4b6015452,dex_swap
0xde6c420801ce5585cb925eb019c1aefd76e35f0f,dex_swap
0x08bca9ebb553bae038c6a06e548dbd179b4fe7ae,dex_swap
0xc1f7313d996b740e8740ef49add3177535431a72,dex_swap
0xbb469a28f64c72aecc7d05ca6e45b2fb1a63b4f9,dex_swap
0xd867798dc69e4912db9745ce0a4ee4d48e91b68b,dex_swap
0xf6c2b5d3c0e11c305638b2d735f71b4eda62c66b,dex_swap
0xf0627cb305ce7820f990bf5e083fe534d747c95d,dex_swap
0xe80013cd5b9f435d2282d397d746c5183afb9100,dex_swap
0x1f98549da700bc842d4a6c55cbf5d308c5551d44,dex_swap
0x0dde7a6b9980ee3727070333da9fc841bb516964,dex_swap
0x26c5a605a81cd2364610d9174d75d8648518ca95,dex_swap
0x9d905dfe485a81c2557f3834983049342ec4915e,dex_swap
0x589eb3be2f15ad7ce0a79aac7744642302ef8a89,dex_swap
0xa740ef6a7a3ac36f4d675c6b97ce44c9d2e90f06,dex_swap
0x7736672d363c99cf6e0a471b7c6cd18e7e6d767b,dex_swap
0x4ab8add174bcba32beb315067940c687e45dd0a8,dex_swap
0x1423ea387fc8c4ccdc21a010a07305df10534830,dex_swap
0xdc4a9bfd9329fbaa85fed66b24f8771f3161cf07,dex_swap
0x2728f9cd10ae89e071a05ef9e06562e00af1125b,dex_swap
0x4b4d7dee5d3ba862c946a4e9afb111eb426c58b6,dex_swap
0xf25de1f2085c04e507aa92018acd6dac3fe8cb07,dex_swap
0xe77a841455328e2fe26a022c9c3af7ef92bebddf,dex_swap
0xfb1773e58ffe0daad66e7dd27d138cf8e9ab11fc,dex_swap
0xa93f250779f0aac0158cc426001b42d0889fc29c,dex_swap
0xa949a0237332d8cdd0834dd208200b47c312a6ff,dex_swap
0x6f42b9d2085a0deb711c00a460a98b9863ae4897,dex_swap
0x3959d87f1c866e1b38ba9d98fccc9f20559d8201,dex_swap
0x5f84f4965cf40f6e033d6e7f4b88d7ed719e9eb2,dex_swap
0x54b3a503e95669f1aec3b2d4b3c8243aad2f497c,dex_swap
0x191250ea5000db1bc3c3fb8b7b844d31ac2b2cc0,dex_swap
0xae073a816117dcd1cc237fe4cb99f89f8f8bff4f,dex_swap
0x4293b49137a69862c834873eca483a6a30991e28,dex_swap
0x1b4c364297f3c9f943f9f823830bdb9202156fc9,dex_swap
0xb1efbc846ec674342851d426e481d57c87fddcd9,dex_swap
0xade5ce83c4cd5a8025a805af489a080c685a446a,dex_swap
0x070d575a713eaf5025462d0865fb0dac4b14bc38,dex_swap
0x6519d56eb0a69fc0338657784c783b169b8f7d32,dex_swap
0x01c3cf91cdf7b34181c7ec8566c0236951fea40f,dex_swap
0x43e6e7e0eb41b5fbcf200b5c040f38b24d30183d,dex_swap
0x5a692d9520c02d8988b86705dee177bd381e82b4,dex_swap
0xecc4eaab4cd019e11f2d135f6d3052a5c3d4fc63,dex_swap
0x495e925c32dda3fe33ac9f70db50c01cec203cba,dex_swap
0x5d8ef8b839be522b9e3d60a51edb5837cd0b2391,dex_swap
0x6be6b8b3ec1a59e2cc39d227c4e420c1eb1771a4,dex_swap
0x1ce59ffd15cdf2d7d55024aa8bc2c4edf9c3fde6,dex_swap
0x1e593f1fe7b61c53874b54ec0c59fd0d5eb8621e,dex_swap
0x7b7b05a80b6041cd039c4e487f269f47a776e396,dex_swap
0x68f5ad364aa0fc13a5fade9ddf6bada7dfcb026c,dex_swap
0xa2e63c3b9d027270ff5892a552aaac50515ee61d,dex_swap
0x5724cccfef36b20250817aa28e0d68707bdd0d9a,dex_swap
0xa413103064e6fb32744f39cf3b9d16168ded7590,dex_swap
0xc5b530c5d36c34966a3a667bed6d71d958b484ab,dex_swap
0x7fba917c46eca341b6633b573e3f5bb7a6639c14,dex_swap
0x883d42f6cb9ee9a69e2d68d9709debccf45bc5e8,dex_swap
0x13ce4bff747f47b536df29c86c1299e8b00cae2d,dex_swap
0x7d808c99ee93eed012c0110db9874ab469fd66ec,dex_swap
0xa9f879e3903b220e0d3f9bfd95232586a83ce2dc,dex_swap
0x33defa5b4b660f8251c6fb64e2b21d292f24231b,dex_swap
0xaa0f1a80a1f7dc052d8028cc31f6993f72b101d7,dex_swap
0xf41d350e99957fc83fdffe3e026918cdabcbfaa4,dex_swap
0x9fddef056ee75acd9de9a1d15b90a2a164e2656d,dex_swap
0x16d422b0410a080f000c6f84b7385d69b474b060,dex_swap
0x46fd98fca3910961a2716756116b82a9c97dd28a,dex_swap
0xbfa9a4baf2be589f8a94115dcdd26e5faad5b8cc,dex_swap
0xe5896365d69b73ddfd69594128f25f71c9ea3c7b,dex_swap
0x88b5f95b22d029d87147c6255a27f0529429b7b4,dex_swap
0x02dbe5ff9503a72c258eaca5f2a76e4afe472051,dex_swap
0xb01049763cf2584aedd0601fc3509ddb97a5ce3f,dex_swap
0x728164dee5ab3e73634d56088760be2cbc91b03d,dex_swap
0xe8b11482af78dec5c487dcc7c78b666bac1b587a,dex_swap
0xd0b03688b8862e346b9c3fa43872688614b0309d,dex_swap
0xbc3f47645f458b212c0117a90e550ab72f0877fc,dex_swap
0x4491c716d89a427146aee0e534a45c7ae0f34c67,dex_swap
0x239b062fb893ca0e1a6163f684575cb4bf07b59b,dex_swap
0x6626da55d43425a4ec1067b091cf87a7efbdad6b,dex_swap
0xfc0b5dbf1d99bb6cc6db08d1a789eacba8d12412,dex_swap
0xe8792db848bd38b2ec2b7aa26b2419a0673e5250,dex_swap
0x88935332cbeccd2b53c5976d113dc17df67b71e5,dex_swap
0x2081670763db1cce9162287f2f69a68f959f5dd8,dex_swap
0xd0364afe4eaf9f4c749f0577ef5221b0edbe355d,dex_swap
0xcdfe9be8ae17fb9269668b49b1f57eb26d0fcc87,dex_swap
0x1c552a9ec7fb11d63befaf08b28dca0922c4104a,dex_swap
0xdd947983a29a297c29e44d02e854351904d1cf99,dex_swap
0xa8e0a0226dbc6b5e462d576e919f8d64d2947222,dex_swap
0xf5b1bc6c9c180b64f5711567b1d6a51a350f8422,dex_swap
0xef921d5c41c53507886774e558a4b8ad6f3b0451,dex_swap
0xa813bb1df70128d629f1a41830578fa616daeeec,dex_swap
0x8117155d5d352fb9e9826f45e68105e5eab7398b,dex_swap
0x216915f5edd69617cf10d3325286b13605a4347c,dex_swap
0x619d3a9660b3d3441ce29c70b82ea4facb06339f,dex_swap
0x27616d3dba43f55279726c422daf644bc60128a8,dex_swap
0x427c95a1379182121791cc415125acd73ea02e97,dex_swap
0x8c89f7bb791d94e10eed4eb78d0e886c82d7a2e3,dex_swap
0x59b22100751b7fda0c88201fb7a0eaf6fc30bcc7,dex_swap
0x148c4ce0019a2e53f63df50a6d9e9c09c5969629,dex_swap
0x3dbe84b0445e2862d883c885e47bf618a8db44a7,dex_swap
0x7d1a05f656aa9e5526a470e80f4d3edcd70cefe2,dex_swap
0xe7b5ad135fa22678f426a381c7748f6a5f2c9e6c,dex_swap
0x5d3be0ef8f83d2df0782a89bdcd28978ed4dd13f,dex_swap
0xc2fd7bd1c2a86b57f8da0837d32aa9ca86cc1d6b,dex_swap
0x3538072ad4f25acf0c8dab5cab56f853b7f9656a,dex_swap
0xd80e01ca8eb4aaae19f03b8603366a2ca94e43de,dex_swap
0xe1537693e02394ca049299bd9f9eeef3821e57da,dex_swap
0xb2d2dada3c9699692ccc483c01ca52472a2b1619,dex_swap
0xd8bd4ba34c307b547b21a3b7ea0b29fb5152b74d,dex_swap
0x710dca008265f53b02195e566772ee474d558ee5,dex_swap
0x2ea72a6653ea5f64830dfeb656bc08b616a99cc6,dex_swap
0x4e6dbf5b78b531abc664f6bf5b5c47e2364058b4,dex_swap
0x689043085e7a39b6160a581fa5938c26f145ec49,dex_swap
0x07d648ab8db9333689e1777ccb0d48b38ecc8025,dex_swap
0x7bcabae98dc1eba308f12d0bdb4555d8f0aade2f,dex_swap
0x90e87daf4b095b87bad5d16fa22cd27b23bab3e1,dex_swap
0x1e608710fd4bd2984e8b8153f5d241b05f2e5872,dex_swap
0xce3075e1c7e4ab125b9967fbd76e46e61d422d2e,dex_swap
0xa06b4b674e006baf1b7a6dc812332f386edcfe2b,dex_swap
0x529df6b793c8516e5d12aa5dbfc4505374c26dc4,dex_swap
0x3f7f79be2f3acc8fcfdf84c0f026a9e3dc13ac80,dex_swap
0x970721967dc49c9565cb19ae92439da87a94b288,dex_swap
0x6e325fa50a6e14b9cfab06396428fe5b6f47f11a,dex_swap
0x7c02eb272f249fc9289a9eb9095025438abb3296,dex_swap
0x02d495c7ec2f08c6303674b8cec2a61c4f2e1e1b,dex_swap
0x0195096d4d31aea7758293b6fc99dd523a9f5bb9,dex_swap
0x927bc3893388a00e5dfcd3da05f44b11d0926db8,dex_swap
0xe93f9a9d33723512d487c76437d77d530184a8f3,dex_swap
0x40fcab4c9278e723c99c40ad6516f798e0c34074,dex_swap
0x22e4acb14e43f97f22b58ac286df3c367bb464a0,dex_swap
0x22cf6373489862e0f719c62691b7c33cf5ce88da,dex_swap
0x71b82e4ccbf61302944bb8e34c4a3feb597c99b0,dex_swap
0xcca8a4399df6e176aab6e5091c5deeead2cd6afe,dex_swap
0x1946e19aac6c20e90ee89dcf98e64a34d1418e48,dex_swap
0x101becc927426f75914b6ae1a4fe7130e5a82443,dex_swap
0x987925141792fbfd9f24810bc116bf2a0103dc65,dex_swap
0xb715157f6c16dd6523973c944f79ae4173dfebfe,dex_swap
0x0f52313bcae358568597611b10baaa1c883dac13,dex_swap
0xc88f10d2db5994bf299951ba52286ef5ab702614,dex_swap
0x6311849c3c1da799f908c590e32401a20eea4261,dex_swap
0xcb6d7a60f77c758957e34cdc146d8bf32f221a49,dex_swap
0xbd14861c3569e861f6e24a6196cdcb3075dfc45e,dex_swap
0x6b783574905e5194a1cc3881004c15a45fbb1e73,dex_swap
0x933edf0e6af45fdfb742e9ee78dc1e7c82018755,dex_swap
0xd76eee106e10dcbf8b24d319e785a211d29bb8b1,dex_swap
0x59995cfa8713857c56404ad5a2c1b4e5881e976d,dex_swap
0xde609bdab5136d415fcaefd06c93e83ccb0a6d82,dex_swap
0x83cf02f79be87a7402a3cac013d0e1c95fefcaba,dex_swap
0x62683b8d2df87a72a6286c37a3d0a5f14d51b3bb,dex_swap
0x999ae8370c8f51198edc87bc2ee131d34a747701,dex_swap
0x5a0298715ee1c8825c6187d1d57829a757f21f24,dex_swap
0x4bfbde2e484c2069e76c3207293e29daaa34a762,dex_swap
0x2e6f82359d24598f0143b5cc8edaa1d32be0d75d,dex_swap
0xd22d02f2ee8439a48e8369fc4d58aad399440850,dex_swap
0x797a7874d3fc46d5a456230c1ab9611ef0f7d6f1,dex_swap
0xf5233e799bd183e5712ffb76a2826da430ea76f7,dex_swap
0xc3e585c48541811ff4ed1cbdd3c68ab86a9c632e,dex_swap
0x301226d32b33a48e639238a7165c42930bc61554,dex_swap
0x45c965d599f288c961ed662284110971fe6b9b2e,dex_swap
0xf8f5e93ad2f6de1fb92e737d3aeefb6ff4cae3f4,dex_swap
0x2e3a937152bfae481763e558de85b8c7e65e4937,dex_swap
0x832e6f1499ffc4512a316a6457be8c2d7bbc102a,dex_swap
0xb9e266dc058efdcc6b8ee79d69a399eea93e5d3e,dex_swap
0xea6fe86ddf41b0b75816bb69dc6a9e40bc0d79f2,dex_swap
0xb1c17934450f31c3dfca433f2068c8f7b7575677,dex_swap
0x2d4d6193edfe8748b9b00e1294655789ec51ac27,dex_swap
0xd4fad4fdec4c6b1ffff1d7dc0c39a51abefc16d0,dex_swap
0x0fa312bbc0038d2a680a7922ccee0298d11d023c,dex_swap
0x58fff7110e39c733fd37742b8850f9205fbc351b,dex_swap
0x6f011a529b0ae5b6ee8350a0fffef0ff170d5122,dex_swap
0x573bcebd09ff805ed32df2cb1a968418dc74dcf7,dex_swap
0x0931738d2c2998173058b635524e437172a6a96c,dex_swap
0xc0864bec4e878371d2bfb1e92928e30a2fe91cf1,dex_swap
0xb5108b01280f994e67dc8bc3cd1e2433fa3a1b41,dex_swap
0x06d217f4c442f04b77315402d3016daef45fed95,dex_swap
0x69d5646e63c7ce63171f76eba89348b52c1d552c,dex_swap
0x19a75250c5a3ab22a8662e55a2b90ff9d3334b00,dex_swap
0x0400cbcd2bf5835949be4b4a74a37c73254345fa,dex_swap
0x4cf6f1c7b2dabe6a778b6348284ed66d879365bb,dex_swap
0x2baf5252bef0a9908d05a4bcaffaf144e5770807,dex_swap
0x1657d8e20b7b64e4a1a0f4eeaf3e65943d9d4e69,dex_swap
0x8a2800bfe7e37a997c6abbcebc1fae46cd162a9c,dex_swap
0x0f7928a0aa6fd3ef18093102835fdae45a666390,dex_swap
0xeea9fa635891ddeabc038c93982d0a94296ca122,dex_swap
0x897b995cf6d74cccf69b4cd8582b2794cef4b5bc,dex_swap
0xcc90d7b497ec7d3a0c086d1b804bba8a4a8e747c,dex_swap
0x421d68fe79c557f2b1e9b3f2ad1d6983faa17ec2,dex_swap
0x3c850c96f268fa8be6a6650ef98ca252e0781bfe,dex_swap
0x85352dea20af1f5e81fd10ee10b4af349aca8d30,dex_swap
0x4579f0962d7749b77b254bc1f9535a875b4dbb6a,dex_swap
0x51c70b6e3acb1c80e1364b55b63738a1e97a4f4d,dex_swap
0x3a820bba932c7f85ce3c6736d1be982e779b5fa8,dex_swap
0x1a5077968756e63a44fac960e9f4af2a6f0535a6,dex_swap
0xf97e6168283e38fc42725082fc63b47b6cd16b18,dex_swap
0x6f3324b3e3c4d8b0106c42beddc8bbd23c1bdab7,dex_swap
0x6b5b32fba10bd44af0302f74abe9fade21f835ca,dex_swap
0x5a9d279eb5ed9bc854fdd7884b193330f6dfdc02,dex_swap
0xf12b5fe3980d7b630f6f098be79460b0964d2b44,dex_swap
0x5f5a52c9d3ca54d9804b60a1af1ec9d5cccd2d74,dex_swap
0x0c672cf5131eb81d1b141a0c1c9631e751e3c608,dex_swap
0xfca07d97795e78a3eb8b1d7e1dd57f0ef17c22d7,dex_swap
0xc02828d5dc622833251d33d833200a8b2eeac33f,dex_swap
0x9462024e2cfcb82049b77bebe993ef01952e9697,dex_swap
0xc800bc46411216b95c77c6319b4b940c2c7f4c8a,dex_swap
0x1448cf0cbc3bf3125418486eaad9171c9e0abc52,dex_swap
0xc1fcfd233bd6d4e291eda75868f9e77f67b800ea,dex_swap
0x7703874bd9fdacceca5085eae2776e276411f171,dex_swap
0xd0ad5957ba831a1225aeaf4181fb242a52158ba7,dex_swap
0x631e2c3b71081ba3b2f1d52032835f39d49bce74,dex_swap
0x4831ce52ce4e465fe20258779a78509193019680,dex_swap
0x63bfa7dbe921b4aa19d30692540959e2d5086773,dex_swap
0xc7dbcf3bcb3d8b9d836d9348195df42180798d35,dex_swap
0xa72c7741b061f96391531dcecd9ab4442f72403b,dex_swap
0x31508112e9250193efcd8d5a49c65f19e497a629,dex_swap
0x7beb9fdb0490175491dbd8403914899b4bd2fdea,dex_swap
0xee6a24056026c67449227ba6c1ab86d7f09831cb,dex_swap
0x8a865a8d7a2c6a05cda813e397642f18e0e13918,dex_swap
0xa2614f97f1b172cffa91b4152cfd83f95c2d0569,dex_swap
0x2b9d7892ae07814939b83798e909457fc3075343,dex_swap
0xa283c25099fa18a26db61083d30730cedba9be52,dex_swap
0x59a0183f8af9266014e5c6c93d4483fa9dbc45e5,dex_swap
0x41291ae61fe7f1e5e034398580542f824422c3b6,dex_swap
0x568d8ba240442694d54f13106a8c6b4455404e46,dex_swap
0xf6e92a4fcf7664154de507c43f2eef5ace6411b9,dex_swap
0xa05213c4f78246c61564888da63f4b071739b9db,dex_swap
0xd08aae8043e76f4faae997fd2ef6fe2210488564,dex_swap
0xd9f6b2af29bd80cb1424b153dda5e81abef986ae,dex_swap
0xfc746384c643d773f0f5dd9c775c11258491c784,dex_swap
0xc11ec0f24e99a9e435dc480dd80981d80eb26223,dex_swap
0x22f4bc286799fd56446425bc7b5928f7200d2152,dex_swap
0x90dee86a8d7d354717230dd9a9c1de995b744411,dex_swap
0x71b86a2d2db7d5c6f1538706722526cf9801d514,dex_swap
0x0b3e927e5c133d5dce02a83f3ea653e66da3e928,dex_swap
0xb10585f7cd9f954f23242dbf7ba85b248e7d0f1c,dex_swap
0x4c28cc5bb6cb930e15e9d7d755dbfca9e95d6dc9,dex_swap
0x606a73fe860d08e835687df5aef882cb5730d0f9,dex_swap
0x0b81cf47c8f97275d14c006e537d5101b6c87300,dex_swap
0x4550aa33f162a2887e40673da1bc8c23113ce1f7,dex_swap
0xe642dcadcf81e18897a595739c4348dbb567d8f0,dex_swap
0x1ca03490bc8d4ae96d99c8fa4df3ca82f3ea7122,dex_swap
0xc6f0c2e26a062351de5cae1bfd3bc27316aafc79,dex_swap
0x230f9b5bde7dc5b50d41c43f88db3bb1b567a0ca,dex_swap
0x9db0712c28b5a850897f4dc0890087f43e802db9,dex_swap
0xd39893e1c8384cc02718e58dd5f88e4dcf36aac2,dex_swap
0xf34ab7b35232a53a32aa02d453306588c14881b1,dex_swap
0xb6f0d1082ba20f3260b4bf4f9c1646540b11242e,dex_swap
0x0714439b6b5c76b54bc59cc7b20b7151cbd604a1,dex_swap
0x90d18c1e3a50902f6e4d9a1df26d877586d70895,dex_swap
0x2a8e67f022f6ea422e92c21afbbc635f1f3eacdf,dex_swap
0xb84ece72e1f078be78431104439e11df7e2977fc,dex_swap
0xfead3c20ae6ca16b40f0079ecee8407e3e04c58d,dex_swap
0xcb7d2c463eca429e1aff19bd9200591040e312f0,dex_swap
0xac1596ee5e53187f44593073e2bbaf0c7ca399cb,dex_swap
0xb16e3fa5c55e8239e187aabe2610ceb23a991340,dex_swap
0xa7bb3cbc67a80f8f1e45fe1832850f4b33980c29,dex_swap
0x5326c288b431e8d01787114662c7b3c2ec730a39,dex_swap
0x2163bedae9db6f4d60870c81754c3c173cc26f6a,dex_swap
0xcc625baa27335ea9537b2cad61246c586d0d635a,dex_swap
0x76d4d4eefc09156d6217645ed9c1177f525ebbdd,dex_swap
0x87c5a76d658963da8f31256d66d1b375e51619f8,dex_swap
0x6c52401217ff21d6e37ffeb2066d03de35ca4b67,dex_swap
0x9e1b81657591987b444358b6ab61c242f7011f49,dex_swap
0x1eb738ec1d46c9befe95e830e19d0f537619f2d7,dex_swap
0xac9ab918a0f36c1ff53f14e9cb49f81be01b88f7,dex_swap
0x704021c8799d8eaa366606808b912e8a9ab14ccb,dex_swap
0x41f7f5effad65da857c894758583c407f202552d,dex_swap
0x13efe238c0bc9b94f1d33adf764a8c8d4c5c3fbb,dex_swap
0x978f8405e15e15cb5e714e60674d34551914e879,dex_swap
0x89c777cda68f616cdde5b253c70a464f72eb1720,dex_swap
0x98b88dd1a0187cedffb94b983c10bdcaa62e652b,dex_swap
0xa14c043ee8ea6fe9624a67fb84b7224428944f5e,dex_swap
0x776c897eb1f29f4d9947370162b1bef36a1e9b41,dex_swap
0x48b8c4c9a285ffa73c599c4fdbd446731baf51e5,dex_swap
0x369d600267ee95b775c65f36995706cbac1e8133,dex_swap
0x176f4d0b5f57d6972f7db2977d15fe1a03c05e27,dex_swap
0x7b093b24d8922c4186afea083014ff34acc75ba4,dex_swap
0x117dfc362dd0a6051e8fe842157ad7c9642f5412,dex_swap
0xa953d0c32d3bd2b06e89cbf1d68f9a1b032f2c27,dex_swap
0x86068e566db5c30668f3ae03d9c1700d0b39c641,dex_swap
0x6eaa005f7b129f68530cda0ccb43f4e36084652f,dex_swap
0x1bc8ac4a589b7940defb90e1291f92006d6e3bfc,dex_swap
0x218aed024d51ecbd6a82d143be04cd25d563628e,dex_swap
0x01522c42ca43d7bfd34f373d41ad7d90a95e714c,dex_swap
0xfd99b31177f6954d91c6587ed91d47a892bceac2,dex_swap
0xae9a62f50171b3e1c4b3345d3638764ecf1a78a6,dex_swap
0x684da04524b1a6baf99566d722de94ce989ea722,dex_swap
0xe629fd3ba9c8860cf870f752b00c39df1037f750,dex_swap
0x9f3574dae1aeffd65ef739e9f50e2b9dd8831056,dex_swap
0xa54abaef01d335c45d616dc338bf1fc3e53b2568,dex_swap
0xfe801495eaac62257a1258652a3e3c923b61c45d,dex_swap
0xe81e989deea15646c9305053b6adbe13b1446d71,dex_swap
0x2967f068a981e597bedf3cf746fe7476bb6fcb90,dex_swap
0x10fa3e81fc2aa31a2e32778c7c304e5fb838e149,dex_swap
0x5981b6d5a0075b2757656b264f9f4b75fd6c471e,dex_swap
0x94dc20e792e006e57bc7da595294afa66e89ee6a,dex_swap
0xae5b0602309b751ac1f7a224578402b1cabd33a4,dex_swap
0x5378cfba8be63ccbb41fc936c7c5189625eca5c0,dex_swap
0x514269119dd0b52a876046dd2f893f3900fdc126,dex_swap
0xecc0b72d9286273472b97ff37851eb341b7d3706,dex_swap
0xa244689fde4422a3c4900931ea64b24d50c7f8b0,dex_swap
0xb6858fcda462ca1acf306e4f70cd42c261a86ac1,dex_swap
0xe37efcd3188cb9b6801009466aed2dc9bba19c0f,dex_swap
0x14cae3036a2381e1d69fed5357b76482751a561f,dex_swap
0xd3b66df64f3a903dedd4ff52d196af97c0686fb2,dex_swap
0x354d379035b6018d1ff02eaa799e8cbf96076610,dex_swap
0x4e3b9d2df2fb1aa6a6011f966770fdba909e9dc3,dex_swap
0x5565071040dcf376c80bca9587a52b0412b80052,dex_swap
0xcb449f10955c87a9447d8e5340c1b68978cd653d,dex_swap
0xbb35dbe94adf373fa0252958da4128144f7a3d61,dex_swap
0x2994297c01a441097535781731711a8122139b06,dex_swap
0xff575c3cf40ab4a0634ae94c42408a2b2e5117e7,dex_swap
0x3a743bf90c4c1a0b94c236d7a5532eb1687dfd87,dex_swap
0x416719eae60dbae7a0565e9010c4ccafbc3e6d74,dex_swap
0x64fb872e416051450bc0478c914ec67e9ef961b5,dex_swap
0xf718283e19935f01d214abe5d05bb2992d87f79c,dex_swap
0x638873b59fee9e5615bfa31824e1ca75a70ed4a1,dex_swap
0xbbdbd057798fa0b4592e52c55c3a7b4a8b7545a6,dex_swap
0x37d415068af706ead563bae7a16023b7e023ac6b,dex_swap
0x10476a9f8474dcb676c12d9e6b01c80c0097bc22,dex_swap
0x103852ef7586a8baea9e25736eae8be0342a4ca4,dex_swap
0x5c62f0a1f1ecc8f54bcf7bc92624e2809b0a44cd,dex_swap
0x65859679a57e27ce4e9ad22d906eafb17bbde525,dex_swap
0x4acc58a67853593f3e112d49a524732bdcc6db16,dex_swap
0x4045842b1bbd83bda63ec5ad58f86f24b5483278,dex_swap
0xf94fea0c87d2b357dc72b743b45a8cb682b0716e,dex_swap
0x9272388fdf2d6bfba8b1cdd99732a3d552a71346,dex_swap
0xb460f9ae1fea4f77107146c1960bb1c978118816,dex_swap
0x9f437509e61896738ea8cdb6cded618c0e509032,dex_swap
0x48f36a3115e8a24e71100c600dd1e64798e8e657,dex_swap
0x7bcc5047071d7f1da46ca6cb00f9eb42f1dbbb64,dex_swap
0x9c895b5edb4a07cdf16cd0e62356e757f4c11c52,dex_swap
0x0104c0af2b58d002ac52b8c2deba0cd169b74879,dex_swap
0x3bed4abf3d1abf5e95deda3d33c23ab69cabb184,dex_swap
0xcc66a4bf6166ef4dd084e2d2424a09b68ac6e4e4,dex_swap
0x806e181798465edf56c66e29e2df01caf4013f76,dex_swap
0xa121608ba08c6b1eb61924e4e4c0a983c13f75d4,dex_swap
0x993b0d1a2c7eff889f7e4ddc9a03b5085a2d1f27,dex_swap
0x552ac6d7506bb64ef7bef0e98953a7f35f1a5f06,dex_swap
0xdff5160ac17aff85b7061ea0c6daff3d29500066,dex_swap
0x6328a72067865da05d4b76f1380420e564edaa7d,dex_swap
0xfb4157a258394c349eb44174132b048e82833904,dex_swap
0x3ea1e47f5126f6a6077a92965b9d1b1aa241893e,dex_swap
0x6c4e4ed44653fb7917d12c1d145b7aa965a31089,dex_swap
0xdba097967db3deaf5dc4a00f84e7f63fa476bc08,dex_swap
0x583090d9f05f2fac2d9b5a9960c8f27f68823e86,dex_swap
0xddcda2bbdca0c0958a7c84c499458c8e1d8ec30e,dex_swap
0x17d524836916d1845f611287131990a42db36400,dex_swap
0xcd1d049abdff6d1781d419ca7a897c389f2440e5,dex_swap
0x8c302c0141eb4a46899e26abb8f535079a98c311,dex_swap
0xfdd955fcb0bf50c4e1f466fa84d0c4482b864611,dex_swap
0x7b81931a322528985b97099d252decf2fa57d0bd,dex_swap
0xb98824d102d591f8a7b359a1d0d480a0e84bf72a,dex_swap
0x3cd195b3493d8c82843283c086c93ebd58a28c80,dex_swap
0x5ef55c5bbf1a927ba0fec614210832e1869a42f4,dex_swap
0xcad995e820f2dd252c3eaa067c967fe2bba05b1e,dex_swap
0x71862cdd7a70fdfc960bfd56fe0ddfd85f281364,dex_swap
0x9be16837f3e2932fc3492caed06df54dfd3267ae,dex_swap
0xe5efbf323ecbc153546dea64948cf6159ab282c8,dex_swap
0x146b9c53c627b5f0f155bab962e92e3660c64536,dex_swap
0x487883dd6f166cc845e9038ff82b4a4d0429434b,dex_swap
0xd56fb0a18f7b0077d76d148e567f311ad7935e9f,dex_swap
0x3aad0a9d0df37410a08ac97ad872defd413b73a2,dex_swap
0xda36a59ea2d8e5a4de21fb153b8ded5a62bad9d1,dex_swap
0xf35e9ca7ad819a748f678c6bd23a4987287c713c,dex_swap
0x736fc67f144e208381b85dd0898fa1a6677bc437,dex_swap
0x5275f5f363af99b521293a6a444fc802bdb86df4,dex_swap
0x71c539ec9d6798e6484db6b13eb9ad1b503c9306,dex_swap
0xf105df1acdd02c10818c1f61de64d0b65d161f5b,dex_swap
0x724ff4aafa4fd2c44a1726707c2f1b3d1650eab9,dex_swap
0xd6d4ad2177ab89e218bf31ea7ccc2f7dc0ffa362,dex_swap
0x7b510325aea6f3fff1cc004c66b01409e7a093ac,dex_swap
0x9566991b6246cf98df184272b97a1a40a93722de,dex_swap
0x68e9c4f4676274b2a5d981423524dfe2ed360759,dex_swap
0x4e0abf0c52e6ae85fd9f128053acf15faf7f7360,dex_swap
0xef5da498744cdbc9351ac7f9ab2cfc68731f00ca,dex_swap
0xb41aae43e6ac45c8e6ce7cbb4979329e2e73ed8f,dex_swap
0x235ea8102819662b7852603a690faae87675bd83,dex_swap
0x54df01a0f21c4d5111c39ffe23218bbc7def1c9f,dex_swap
0x323d530de1d15324d0ecb0c9cef8790b8333cd54,dex_swap
0x9b4ebb6f5c879faf4599a5ce21d338902b2b55bb,dex_swap
0xffe7989aeb05f41d4579ec267015f17de66b08f7,dex_swap
0x70fc1242b727b11c7aad8088ac2d1d0c959e6023,dex_swap
0x874ecd62ea364c8caf20f5031909c4ba36d27726,dex_swap
0x911923b25c6ca2b916da8005f0554b365d7ddf33,dex_swap
0x5748378bb1180a451a52ea5e275fa807202e0fff,dex_swap
0x11ce57aaae0418d120e4415691b6f174219e4b02,dex_swap
0x11a0dce6931528fa45e5e34d79c2761cc8b96169,dex_swap
0xaa2cd92f13c5ba72291b3fda9d0d860aa48a514a,dex_swap
0x30f1639b42e5f14c176e47d07199f001f122238c,dex_swap
0x12e42ccf14b283ef0a36a791892d18bf75da5c80,dex_swap
0x44bd36764acde55bd12f5390a2aa16adbcf0b827,dex_swap
0xf8e3891a38016de2e6ed5fcc433ca2bdb5e8f90c,dex_swap
0x493ec858073311a7b294a6b14fa8e1180dc67b87,dex_swap
0x5d1c85e75e09414218257333a645c2cea0c95f3a,dex_swap
0x745828a7964091b18098f49d07bfb2bc3d993e8f,dex_swap
0xec3741fb21352af9251f5232b929a0c3150e577c,dex_swap
0xe225bd7d8a1e55764a5ee3349d9e723f76630576,dex_swap
0x460a92734ee09598f38b167e56fd8cf01e764112,dex_swap
0x125d1dca8957055d88fa80596bb538f53e5ee599,dex_swap
0x8ebd6174ad3a71258b54de2139bf0a5d04d924bd,dex_swap
0x063a34237bb7e4f130dcfdad6e94c32825649975,dex_swap
0xd10fad5d13e36dea5247e770e1190e176d8716a4,dex_swap
0x495ab639a051a9fe34081d06ef1b1de6f3d43d14,dex_swap
0x40384758228cc55de2d1938bcd03595d8ea631fa,dex_swap
0x78a2294a4e48aa18c44eb99a815dc126e1cc7bb8,dex_swap
0xe081e2fd9b2e1ae939239b601946564adc9e7541,dex_swap
0xf683db6e60b3f5acf5278984d94a12da6777a0df,dex_swap
0x19af88f2bb4283faa95879ae8e8bd6b6c98b4f64,dex_swap
0x1d4eb3012a3a26842f8def1cdec2328735806465,dex_swap
0x7122f5b38479e34296fa6d0b137625c5620c1819,dex_swap
0xb08d69f18a94e08534ffd3a6d06372b1823dfc47,dex_swap
0x842b4d2c88fc6e57c4f80a2cc7c176a91346ec05,dex_swap
0x458065906fbde01511aee04d21fae79dc41beb77,dex_swap
0xdad693570e581c4982c1a2f48776d1e30405b17e,dex_swap
0x8796d655e0a7e2c35fe1725964022f04d3846385,dex_swap
0x42d20e80c3447d82be8b8807cc622abfec272f71,dex_swap
0x2004d4b6edea896433b9614031caec7412440862,dex_swap
0x999f2de619464fce1a1085f902836aa52c09dbd7,dex_swap
0xf0132ab950c628d8242476f03c985fd490a5ba67,dex_swap
0xac7b7c5ee89167dfe175a9c1a11d0f6048a96253,dex_swap
0x9a8af2ff8b4263518f15a5aa89063566f02937db,dex_swap
0x0722ccf25890972061edd75eaa5c3732bcc391d3,dex_swap
0x705724312ab3d41c12c5e1ebf98036d7879a3251,dex_swap
0x48e9894038984b0376d3c96899a259e6e1ee12f3,dex_swap
0xc67d2557adadcba1fcaa546db146001e7624e5d3,dex_swap
0x15292280dd7fa91d4460e26fafb5f6dd457c5a5d,dex_swap
0x866ec3b5b23fc1e29f3452af1fc0ac7859c2ec1b,dex_swap
0xfa8cdcfdebe96dab44188060f59ad00a1fe67439,dex_swap
0x797139c73af13396db933238432452cd4035fd9a,dex_swap
0xfdf1df3d2d836682d386586900c967479e24c823,dex_swap
0x8ee9075fafbf22842465e27eaf708e4b9db8f2da,dex_swap
0x980f1ca15c6867756c13e9ceab6f58e3f7c52c85,dex_swap
0x4857e2f4e0b68bd31149f3f44ce0d883b7c4e440,dex_swap
0xec0737bfd4fb254d821409811130a544b0807ee4,dex_swap
0x769aff7c0dff1b12c461575be1576028bb66754e,dex_swap
0x04993b7525a5d580baf2f96d61f9f26a1eed49a2,dex_swap
0xa02cf601f5e6e8e0ce242e4a8ded98f7685074c0,dex_swap
0x1472ecff55d4018c52a80b1bcc8c9f0406b40e94,dex_swap
0x738b0c1e51b243af7e764194e60bfbd3ca8b5f4e,dex_swap
0xeb313ce48140f7ac09f3bd418722a988de5158f3,dex_swap
0x03f946cc19b8dbf709c156f916054ea6014be78a,dex_swap
0x1265bb3e69968a14ff7c4d8204b17c6b79a7ff52,dex_swap
0xa966e30af0df1a3254c2f1fc2ba6651684217933,dex_swap
0x09de2f3244ae856df71f752261cf89c9a909ce10,dex_swap
0xc0e1d7cab3309f43581ad5df53f095b014ae3d77,dex_swap
0xe9fad0c96716e508dc3ce7bf0de5f4122c417e80,dex_swap
0xdc2d1d91bc41a5c714c95a3e00bc262b8d2a6cd6,dex_swap
0xd13463277ec2b701f57aed9ccffdcd83158e05cc,dex_swap
0x6da421656fcf11621b0d152440392c5516c9cdc3,dex_swap
0x0db5c89780441781fbf887a2ea7aff5691a71b0a,dex_swap
0xf0c07e026acdae81b409590067584394e98b591c,dex_swap
0x52a7945350b197575bd7d5d889569d818d9d7685,dex_swap
0x50b0589b4f07cef425dd74d68b4101f73874f738,dex_swap
0x371e4f2142d086f4e839692b23f13b404e49eb41,dex_swap
0x27e0abf91e7c2164868fdfd06870005991bb5456,dex_swap
0x57594c5892f47786fd3adf61ad0999bd109d131f,dex_swap
0x36f2c32f5f53325ff91c18251bd57b053fc04a70,dex_swap
0x5f6536661ad059c847bc020622e27dac396075e0,dex_swap
0x99507e804ee11d76e655682cb0f97a2ff7c8441d,dex_swap
0x23d713a50ee20593861cdc0fc39669b11505d52d,dex_swap
0xd7129e86c5090041631749cac07b9f09e51ab0f1,dex_swap
0x86930115034d7e4a00c5ad5f6c6cd31f3780a445,dex_swap
0xceea30c2773ceaafa656fe6a1ea71f2eb413c491,dex_swap
0x26ed5de2627c6706a3a8c66e101bc83f5152f180,dex_swap
0x064d4a066e5fc87e48aeac9a79634d55ff2e0360,dex_swap
0xcad5b8613e9fceeaf5a55892dd2e4db576fda865,dex_swap
0x29c3a7813f966d3aed9199578d1b0f7b2daf40c5,dex_swap
0xf270bae9cf1490a21e037be16c1ef188b1bf5f5e,dex_swap
0x4aa7510e664f3671a77b5899eba6afa2b04e9afe,dex_swap
0x551323cdf67e560fadf5a5332ebe3a09262af8ee,dex_swap
0x313e1b5edeebab73b6e869a74a896dc999e204cc,dex_swap
0x0448e99ab5f8230713a9f5d7e64ec2ab6e5952a3,dex_swap
0x6d68865c7b1e20f8e2cdd1e2ca162fc52fa79836,dex_swap
0xd45cd450cb3ee232261d20a15565abd2350546d6,dex_swap
0xf69e376126f5ead7abfa5a4a0351c18fefff8b94,dex_swap
0xb97e0fa1e32e7cc5b137226ea6ee905626b9e16f,dex_swap
0x86982639709532291512dd54a225c902093274a2,dex_swap
0xae3eab737836999bf4b17b675d763ac27b260c7f,dex_swap
0xd502eb0d7f65a0870f0fa1fb074a52138ce59ed5,dex_swap
0x7cf64ae321fd360bc7a50f2a8d68c981dadb5a27,dex_swap
0x65596e0f281b0cbcba0aa261982690e9bcba7247,dex_swap
0xbe78b530859f6572e95c1c8d2df9484a33a2506e,dex_swap
0x3fc81d6d7fa2b2a58a6b399867e917510c927723,dex_swap
0x845b539d5f558cd6c2cf0db12fba119f66568b51,dex_swap
0x3a9016f3486346085c124a968a1aecfb657198fe,dex_swap
0xe7cc82be4bfd3d127e6034a68831c0e381123319,dex_swap
0xa4b657d2a27c28ee314b919b98426f51547e4008,dex_swap
0xbdfc22680b72f0b127d70988feb4b1a68c0b99eb,dex_swap
0x55222a2a85f0c2a41ff51133ac150836ce802a45,dex_swap
0x7b372a67870d329035e5baeed5e0ad9912db5cd6,dex_swap
0xd7d8cd4cb1ca760a24f6f372c395ca87150ec882,dex_swap
0x7512a485229edaeae7b07c08a695b68ea092c5ca,dex_swap
0x36d9af3f274a9e48d1b59dc75caed06959e0511a,dex_swap
0x4f2e7f51adeff438205247aee26e2715d4929688,dex_swap
0x8c774d1e374c08bbdbd5515cd6b063d0e5cc110a,dex_swap
0xcc6ab59e131a6b699b5a2a456e562b46cab8aa04,dex_swap
0x087e2e4c4d6d247cf2b8d708b275ad7b40a37a42,dex_swap
0x39ac98447f28612d3583e46e57cb106337fcae3f,dex_swap
0xefb58b89a3a6fafec8633deb10d5e8e5223c11e6,dex_swap
0xf9c84ce264c6d4c1aaf482a0138843d1ac67a9a1,dex_swap
0x7c3e483ca8544afb5ceee6f304d688c63b637a37,dex_swap
0x2b4736bfad9db83e4c79c959ed215039f5fdba31,dex_swap
0x67449e82a0d354d34e6b7487a968eb3e15cd47b9,dex_swap
0xf39688cc8fcd0b4765bf69e58598ef880bf72a60,dex_swap
0x0448d034d4a6d138c01e26ba64ec6011e93716eb,dex_swap
0x35a3353546c258d94285dd5445d5cc40ff49195a,dex_swap
0xe852915873ce5cb61df6478bc5d6bae1ec9190c3,dex_swap
0xb67c12c996a856c55db4b30e31db84777c892b07,dex_swap
0x445e1d972073074112bdf21d2f1b5aaec61e7ab1,dex_swap
0xd69361de800e4d8df92740e09d4ffaad0adc7c20,dex_swap
0xef90cd7a06cd80b2bcc8c3db675a08e6dd6d5d59,dex_swap
0x9a23a61a8988faa730a1af09ead45a993d7f5f3c,dex_swap
0xa7589f842469319d729afdb348e7c78540b0bf9e,dex_swap
0x7e0722b1b76ca6f002237d4bfe6b8c86e6f20378,dex_swap
0xcd19ab14be7a8e9cdcc0617099c483b0146b870c,dex_swap
0x72d7fde922c8b505ac066627fec034db7802b963,dex_swap
0xa303752e36a9d134b971a5c43f8b1d700707be60,dex_swap
0xff09693afc9e62fd8262aeb520b635f8aeb86754,dex_swap
0xfda6de08f719bcc0600064f40c66b8998ad56b27,dex_swap
0xdeede11c0439bb1f6ba1904aa3def42c8ab15ef8,dex_swap
0x262e03734a33154a03c3afc7270b6ef604ea902d,dex_swap
0x5052317fef1391583b89c4bbf4e1990eba765d6e,dex_swap
0x8d0a6ab12b5efe82cc15fee1df2819b7bcc6c0a5,dex_swap
0x79769896a42187b07056379d0a476d07ea7926ad,dex_swap
0x2bb94c21204589599d0905e9b3d05970d5f555ca,dex_swap
0xeeac082b85dffacf98ce178b9ec922f1b9fb3ddd,dex_swap
0x7cadae5632f2aecd6a65efd7e24fa4e4935a1a0a,dex_swap
0xb28b37584f681418af2b5fa9b57cb17d79d6233a,dex_swap
0x318c17d16939d5925b4d25abdff6ec0332a82d0b,dex_swap
0xfbe98970f7e3f99634a8f35b86107adf7206f948,dex_swap
0x691c4d5bdbed0b091e9775e7027baff58ad1d054,dex_swap
0xff4aa942966297cc5dc3a5439af68fd9bd1fcc1f,dex_swap
0x0d3e682f2dcb606141875407e27902ace3aff4e9,dex_swap
0x4ddfdd39d24b0e277b025e496e64f3a0ff574b59,dex_swap
0x5c8dcade49fc1e065363417459aee3b92be9d95d,dex_swap
0xfcc9b59810926b667b4e4acde3cc9e9f5b43b71e,dex_swap
0xd2418ebee9075cb626d1e50cf8cefdf78ff292e2,dex_swap
0x66510d2f02fa3f08925b6bf80d189fd61c7a0879,dex_swap
0xf0dbc1ea808f327546b9ec5429e6e1d889cd1dd2,dex_swap
0x7d63809ebf83ef54c7ce8ded3591d4e8fc2102ee,dex_swap
0x3b666e27a9633997e77a55da2f4e0db67db747f3,dex_swap
0x256762736c4d1e7c6f39b00960d5eac81446fb64,dex_swap
0x132551be475f3b6b21151d4bde100f1115faa5a2,dex_swap
0x7a9cd2e3d43d44d99ae5d155acb446390479025f,dex_swap
0x2ff614583c0ad484bfeb5b2577b1fe5152cc2fdd,dex_swap
0xa8f5a894f9fe2a5cebebfe954e96c7f6007b641a,dex_swap
0x6065737b07bc24cf3237e8d91bedd9be0314fb25,dex_swap
0xa353d8535e73e2cf829961b2d8895754fad6113a,dex_swap
0xfdc0e647217c354d009c41ce8eb0de86162dbc63,dex_swap
0x3a0bc6751fc1005867e88bf81d0a5e312e54db47,dex_swap
0x68db592f21d512259609bca9d06404dd61c103f7,dex_swap
0x6e7867e0d59eead12e5f17478d841f671d0a9af9,dex_swap
0x67c478dab8fa4cabb5af43943f5874e3b1e9a352,dex_swap
0x5206d64c3e5a0884e36160618a1c4e15b5974bdc,dex_swap
0x1faeb9aa3c50a9a87db325699d6516f26c8f5256,dex_swap
0xb18f5187cfdacf1edaf4f7b4e144a7867aaecf04,dex_swap
0xfa340bed8428cd4b1e9d334792623dfe52dbd85b,dex_swap
0x1a772badf8c70d8d31c2e496850f0805ea1d9b6b,dex_swap
0x254a3fa791b622badd36a8a65ea2fe0a7dad990a,dex_swap
0xa7f14448c4b19bd25c78515cf768dc50c8f1b83f,dex_swap
0x079d91778f3e5721083b8647a35f82be765aee91,dex_swap
0x0b6e26bb0f9e886e54010807822364713f102d34,dex_swap
0x9220ac141699ee5792279d99ababf09824df3673,dex_swap
0x8bdf901f22c100d5f13ecd00709a48919dd28015,dex_swap
0xb0ca8eed89f0680a1b3c7cc38141d1e215d4466c,dex_swap
0x696e8429d87db245110f83296fb2f80df2ad58fc,dex_swap
0x980cc4fbf8c95d634eb17ac1849ebb0838d01895,dex_swap
0x0b35b392e947e42289e0399a572efb356b35d7df,dex_swap
0x3fba7051325a232abaaa9ac2abb131ab729f8411,dex_swap
0xe0e0b5a4f88d96d545c6395cadd54abbdddb7cd0,dex_swap
0xff58607b98b986ff06d4c5a5e77e9881e610dd8c,dex_swap
0x752875e07e20bf03908d9f5d5c5e7dc330c801a1,dex_swap
0x9603a11bb065ea045252e78b0bd0b15faf1cd71c,dex_swap
0x8579f68fd04ad6e4c5fe044a5539f2ff07b4f5ca,dex_swap
0xb62dadac73ababa82305eed1b985db8a5e0109dc,dex_swap
0xaed086cd3f714623b52da05ef3fc2e944010a0d4,dex_swap
0x30d82beee73fa47e7e4dbd952e619297a3567cb8,dex_swap
0x5666bee42d1148319e36f754f4d69332b1d8a01c,dex_swap
0xe2113e7df59b4cb765c805f7dca1b58ceb898ca0,dex_swap
0x302c1cc85ef9642bfb6b14b9ab4a8934cb8c171f,dex_swap
0x52cff43f6e39b0e69dc2c4c0f29db5aa74375ecb,dex_swap
0x260e3a067d3f6383410d27dbe6d589fc04a76fec,dex_swap
0xccc638bc5f723d293439a32238799fee54fda395,dex_swap
0x7d62fdf22977050496bc6f1507055060aa3859f2,dex_swap
0xf1281273c7261240304a3062378c7b91b74b6134,dex_swap
0x73e155928f68a9d456810dbbfe92a5e3472a66e7,dex_swap
0x3b41526e92dd519f93addd44172402cff17089b4,dex_swap
0x0e799fd6e0cf7401a26b8929a772aaec3b1d6d90,dex_swap
0x8c65805547b07cde78aa0196ee82637b7b6bbb2c,dex_swap
0xe8f4c42606c03ce5ada226b7b1cc55bb61d10c3c,dex_swap
0x50cb5fed70b214368cc436da5c958443210e388e,dex_swap
0xfa6cd2a36d3f76f5b183e4d496044a6ea61e00f5,dex_swap
0x175228d7a6e22be68cee94dd72a9cd0e73c2bf06,dex_swap
0x2ac2cfc19fff82a74306ef91401e4155ce75b4b6,dex_swap
0xdab491d4797d4a16744ed7a66abe78dd5686900c,dex_swap
0x7a059529c24a598b207eed1aaac07974ea688128,dex_swap
0xe86b220dbbaee12f4888ed2647e7c0e50830b055,dex_swap
0xbed9bbb262d44befb7bb9010856d02944e0c6d53,dex_swap
0xbc46df4d0241c32f7d2bc7b1561fa7617cad91b3,dex_swap
0x8c9c7e052cb42b8fd7cd20edbedd7046e0767ee1,dex_swap
0xf4a58700304c86c829063cd3361815f084242635,dex_swap
0xd312125d7fc46398b036c6f281c9b69a650cdc84,dex_swap
0xb5dceccf3f7cab7c1d3b5269035497b0fd86b3c9,dex_swap
0x8eb0ea8043c7059af2c20e81348ae0470f14e225,dex_swap
0x5033ca747e1a946ad3cfa8aff28a91548fd45f09,dex_swap
0x1da8e0f04721133ea65fba2ad48ab762ed5ba604,dex_swap
0xae0af8bf7e66f437d06e9cab39e9b0f14fccee44,dex_swap
0xc7296509d34d2ac9c713823515a5af76ddf6b952,dex_swap
0xe6532e7bbb4cdcf6265e4d5c6860f1f31750f067,dex_swap
0x412cb25ad4ee1a4694a2fa32c619ebcd87ccb036,dex_swap
0x672f2e70a42c1846008b2b70fa7b236a02ba488a,dex_swap
0xe0e631cfc656c5653b37a82b737d17052b7b0ea1,dex_swap
0xa6cf9d689c7a401f53943b5c23266eee8812fcb5,dex_swap
0xb51be9e489bf60dee32225d55507a21464f8d049,dex_swap
0xc4d1c16f6823868eeb1ffa38bcf72508e96a6533,dex_swap
0x1205ac57133802122e2c4a5132a7374651aa1e78,dex_swap
0x82be042ecdb94f1ab0f23eec1872c0e242531705,dex_swap
0xfd14c51729d9fcd9c1c9071c53d9b419dbee6b65,dex_swap
0x124c3034d68aedd9dae92fcfc0bdf58f16ab0b3c,dex_swap
0x72011144803f812832ea04a767c46d2b57945561,dex_swap
0x746743d9a421f543990087e0693d168cc8ddc719,dex_swap
0x8098e892d81774be352256489f1cf6dc1492f676,dex_swap
0xa00d987bd21ef8ebc96e3a577b9b5852351b9520,dex_swap
0xa7ddff41a61ce8efc5a985e219d577eb7e7b9d60,dex_swap
0x25938830fbd7619bf6cfcfdf5c37a22ab15a93ca,dex_swap
0xc350f5274979daacb3fefeff15ece136c03aa193,dex_swap
0x317dd29a862b359478b94e795ff08bd0df94574d,dex_swap
0x49dd97bf510add1a81ac98945f032f93135a1843,dex_swap
0x3352f7bdac63d71774c057995b208a0d51263213,dex_swap
0x1347e04bc09b84983247667177a8cc539674dfb6,dex_swap
0x669a597cb02ad5c1371e8f3587a6c05ec4fa1373,dex_swap
0x2ae22cdcc0f7b61539087aec994f186a2c981bc3,dex_swap
0x32900d9454a9b3ecbf9164eaf0349f6b974a60dd,dex_swap
0xb3d4cd78d744d02a1fd0d033021db2574f6ea9ad,dex_swap
0x9de8895542963dbb626424d64b4bc8f6d6c2ccd7,dex_swap
0x8582873bea86ec2ee06cfb772f27a53b0701b61a,dex_swap
0x8a85b7adcad3745643e6fce19368c872c182f87c,dex_swap
0xde23a53e6c6b64dca80e4ff9cc1bb6d1038513d8,dex_swap
0xfe1d0d9c4d4dc0d03f7b5ece4b08660f46053947,dex_swap
0x92c3b3a372ec33334a57bf9656e81afd0fb8ae47,dex_swap
0xd556bc156d78fe17689d6c5144e6f8078ee31523,dex_swap
0xd6d984a88d11ba771cdb1dadf10665576f63c3db,dex_swap
0xb28bbe67247522d77aea391e027987e3ab62499c,dex_swap
0xf6a879bf74c2adc1c88b222b799b042f2ffc394b,dex_swap
0x6af876a4ea6566f5a347614e7dbf77482d62bf12,dex_swap
0x3c947c09e86333456c724d5aa55e3568d572eaa7,dex_swap
0x1b07b8fe1d37e3cccd143dd3faa9e0cc354b783f,dex_swap
0x1498fcdc98c0c5b76a0505ce470dab655af37b17,dex_swap
0xe46fccb1ad13153490537defa41d9f9927479500,dex_swap
0xa1a1d29a7108a89b715a9277a2abca3ba33c2180,dex_swap
0xbd0646bdc070b9b9c20b223f1aa86641e4535d54,dex_swap
0x373e90349f14b08b18ae263145fc3e0609bdfaed,dex_swap
0xf9d694bf1cf96347d50f01694d2db29d350cb0b9,dex_swap
0x712b511b3c3f0dd30294b1d17b972184d01f73d8,dex_swap
0xcea0b9040886fb8e2c2c85cea751c99f5581a9bb,dex_swap
0xa298c5852e4ee7125a8985cf8486c50cf6910ba5,dex_swap
0x7655a68f77017495a8be9827dbd0760b20b3b22d,dex_swap
0x44d654723b315b8bf4b851028fdd3f3c80598533,dex_swap
0xd86b44f29f60788d977257dce57ae3e585f5f28c,dex_swap
0xd8a1925975f7215ae734ac484ddb974ff442cae7,dex_swap
0xad18f709eef17d1899f7430f18b4ca14d8ae1853,dex_swap
0x33bc9cf889c2e9347f9021ac6c85290b8aa37677,dex_swap
0x78cc81bb9ef73875f7f9b4b8783d98c5eaeddc67,dex_swap
0xaa8e6bd13e386e5c50f3e00914a7dc03443b52e9,dex_swap
0xf795003b7b405f354e28613a607dfd32cbfcd2c0,dex_swap
0x9c3a9aa5e9a79dc8eb9f06d51052788ab304ad17,dex_swap
0xb03fdc149ac3703947b8361324e0e72d03dcdf8a,dex_swap
0x91f32f3e6eea1a73f2942bc63f4faa0eeac191a8,dex_swap
0x68103615041ae45e42b1988b7367a9bde5615656,dex_swap
0x3f1ea6409b716b22038716a0e4f060c778c94560,dex_swap
0x717ba910ad1bc3d937935d4c66bb6dbe7e7ff13f,dex_swap
0x22da42914a3af893a5c8d133f550b8bce7bce3e7,dex_swap
0xacf2dbe822a5a08179c0fba26053fcffc4f63e37,dex_swap
0xe0d542aee61fff6b3a86e6af8ce7b7dae3f97331,dex_swap
0xff3e4e3dcb8428510c52042687d90281b3cc0d2c,dex_swap
0x86c3a6e885879f3c4508c1cc1f5c2e8f886ef281,dex_swap
0xecb05a991afcdff33cf9f1d4dfcb205c499e7e27,dex_swap
0xd5a10cb4276de335f8ca1f5d7dbc4cfd56b035c9,dex_swap
0x8f1359076542df08b6c7edb64bd2b4b8b989e74e,dex_swap
0x2d91874371012004cd0d43ac0e3dc9f7ac39157a,dex_swap
0x167f9abbb9892a4b762efa2a8673a88a59ce7b63,dex_swap
0x96745235efff9387385991d818b14449156b3869,dex_swap
0x92aa49900dd611fa5b1244d09b6ba11dd0abdfbd,dex_swap
0x831af45af45f71731ba740c7b28398bed3641579,dex_swap
0x554b3fef4b61ee0b1f91eff361e8d07875856bae,dex_swap
0x10cf490c72f787fd10bc4d95bfde8ba1036cd563,dex_swap
0x266c8550fa54dd1ef354a8be0e20303aa4d6e3c3,dex_swap
0x805c7386fb49637154dfc53c0c117691765451cc,dex_swap
0x018f7e46df32b75202bd41cd5fbe3d1c48111557,dex_swap
0x9887042cd22bbf230203817cfc56a69d4ab710c5,dex_swap
0x1469b721800cd826b6fbb78e66706500710698fc,dex_swap
0xe2d9f24abcba83c3a8dc361165a5c46adf918be3,dex_swap
0x808d963cd992dc5811dd0a9a3c7d0c972cee5ab2,dex_swap
0x860115fdf56328bb57b117c40c2e6cf6b186bb10,dex_swap
0xe5198586e5d29b2ff51fbdf70a196475fa7ea038,dex_swap
0x702a5e47a15e5f9838c6283a238a98fa9a034d4b,dex_swap
0x5a17eea16d8fabd715c9fe0053f3a464af98dfb5,dex_swap
0x40b2c67fc2c34fb6e06d53bb8746181f9b7e1ed5,dex_swap
0xb88199d2fa11deb19e9bcd335741aa272af80384,dex_swap
0x9393f9f399a55312635f6e1295502e7f0411b67a,dex_swap
0xc913caee37a23289b8604fb164c53189521ede23,dex_swap
0x2f258555c5948681831fe1f7b2e37677d330592c,dex_swap
0xc7de8dc6267c5c5afa3c96f35edfcbe479b46e9e,dex_swap
0x7c513796215969f02f4ce29a4d7c3ed3fe54342d,dex_swap
0x028c509e65b1bae87f441dd9865934943882eb52,dex_swap
0x5d60b9766530c4535bd753b1fdd7efea400539bb,dex_swap
0x7f345a5682e71fc92e922d6aa0b63ef795297c1e,dex_swap
0xce52c82a421b93ba6f6c01f2e63de79d3528d624,dex_swap
0xac9ea9641c70cab33a3ba7baa13331a2cb887b5e,dex_swap
0x04cd8d2c8efadb4a546cbaa60d80a82ae7a5c00f,dex_swap
0x4a3c2b227cae45d51a9092795fe3c312c8c8896b,dex_swap
0x62cfa295864cff683cde9b47d4bacc77b885ddb7,dex_swap
0x532c2bfd70070d65f4beb1528147ef4e17b15837,dex_swap
0x695ca5954d184fb8141cf1648876bc3e895b3f6c,dex_swap
0x2efea009ac684ee817cfe9007d1352c4501c53b6,dex_swap
0xbedce83d9a5a942f5e8524840ba1b457ad5a7aa3,dex_swap
0x426988463f88caa67f1cb55f70058e782d2c4312,dex_swap
0x0633ded603d9e948f1fc2fc7f6b21e1fd3697bb2,dex_swap
0xb884cae3d86a353d7a36600db01059af88590b23,dex_swap
0xe7429e2f3eec8235f55303250586fb8648f77199,dex_swap
0xab2514fb4d7bed73bc5059afdf3872295eb436b0,dex_swap
0x66b096082685928fe072e391c6e0de32a59064c1,dex_swap
0x8f81414a25a6deecd02737ff2c39e8bd404714ca,dex_swap
0x1dc8eefc3f9d4eca27ee30765017b236c64466a3,dex_swap
0x7b0878b48264b838e1a8ebdaedd9e5caa34f4739,dex_swap
0x0015f9c2f1e3ba44d07fc9ca40d071130610dcf9,dex_swap
0xe0144e2eaf28b9807a15d0ded04430f29d7b253b,dex_swap
0xa079de252ae22013c683daddfe418b8e43273c14,dex_swap
0xec5c9c99ad30adf396ac4b48fba09dc34819c65a,dex_swap
0x7b5cb3f791001765e061404fecb9afad8d646f4c,dex_swap
0x6955052732d1097ff6df780a6699dfd65e972d9d,dex_swap
0x5b7f7678dd1a2ee518081cecd141a8a2ff3a2c55,dex_swap
0x7668bf0f164821f6e3bcc18d4dbbe226938e345c,dex_swap
0xe9f33de0feaa26772401a6815e471a6948ef87b3,dex_swap
0xaeb91e89dabf34c1b8aa5a912c7ba4df1948ff56,dex_swap
0x3e9dfc22013cd5f3f74c55863b3ef2326994a3d0,dex_swap
0xf89a15c9854f8e0ebf14827ee87f750e14bbff63,dex_swap
0xe8228e9a3c920b190203fdcd04f984553ec9b393,dex_swap
0xe1959d10dadcd4cdd827cb40688de38cb72237ec,dex_swap
0xeccfa540139502f3ebfe79ca7028272157eedcbf,dex_swap
0xb57236d97e12bd7dee792e5a1bdaba550bad6cb0,dex_swap
0x84cbed67a04d2f8b7c550f318c5066efd4cc48ca,dex_swap
0xa2fbc648410610eb643a1b45f651221870f7bb4d,dex_swap
0xed7de6cce8b68c0fe2ea512c579b69f8390aefbe,dex_swap
0xad895e2460158b72e330dc65f2c66723b3c21afb,dex_swap
0x7f8d732ceb9b20e33b21bc4c82cc49133ad65288,dex_swap
0xd592d69c9400ef39432cb529b63fba03d912bc71,dex_swap
0xb54d062189f99133f018d46d64020a372c4912f9,dex_swap
0x541058194caf222f970de0ef1eb9c3cb0d5f38aa,dex_swap
0x6dc3682033b882ed9860ddc80971251a7f73e715,dex_swap
0x6a230e53407757efb114076373432a83d45dab77,dex_swap
0x27fc5a7d16f5f42d21bf443a6e31dbef8a205b44,dex_swap
0x7d8806e651bab63f76ad564ca8e742e1c2b8497a,dex_swap
0x7aef68d7eb24f7ae09baf4d10e647b9ffebc6040,dex_swap
0xf31af9ebf8308d522c06279df7bff00b47571854,dex_swap
0x024ace963dd08b17eedd1f7f29b1f447380c3464,dex_swap
0x687460e9f5c028a22f96fe2ddefebff6b8bb2acf,dex_swap
0xe8e255f8905f22107963aed5880d80b7467bd52e,dex_swap
0xc05493f50fba25cb12eaabd38f0d45d286d7f7ee,dex_swap
0xdaa17d7aa454ad87335b0116094856d01151effd,dex_swap
0x71e501a24dcd5838d5ded74b9c44f33053ed7cb0,dex_swap
0xa76f2cc65bebff670d7372e8bd38ad5587de82b3,dex_swap
0xff7ea2cc0c214c142e7b7132af86291324850015,dex_swap
0x0a145ac8dd820782241e168df594c88085a11377,dex_swap
0x5075210f7c0a6aff0a9d32a10b924bc2165abebb,dex_swap
0xb8145ac0d9625bb191489a021df6d6cee7eb9983,dex_swap
0x4f5114e2da0fc0c6e55186663026de8d971ac685,dex_swap
0x3ddc899089d06ea337f665db8f0ba6d4f2021b4f,dex_swap
0x3ec1d91bd1dcebe396ca3fefb670c4e058444d2b,dex_swap
0xd70af7547923ee833281242b0b95d41e70c1b5dd,dex_swap
0x2dd5e18a4ead1bcb1636eaadc720942f753cc463,dex_swap
0x03087c9bffbd64024ccfa5953972a6161eef7729,dex_swap
0x9bc8fa2ef45936770e28dca471290f35ea6e5e5c,dex_swap
0xafdd1d94d72e07ae1a6fc33de49cde43b8d4d612,dex_swap
0x1235c30d7964051802d31d48d417bc422240785c,dex_swap
0xe271c1f6db908ed5fa7661344b095b4c996d3199,dex_swap
0x7c8341b10ff1304cbbb6c105ec2f4c0d936d4d94,dex_swap
0x770c0db75444e380f52b97422b920494481eefb7,dex_swap
0x326fe2646bd2d6ba3ca08e98adb33e9bf5ebdd2f,dex_swap
0x2c2e8b51d29dcddf0e99830afb8421c50072b308,dex_swap
0xd009e09989cbe60c7c1044422beaa8089585cbd4,dex_swap
0xb3db611e4ac2ce719e31d58c5ea006d92afac832,dex_swap
0x0883c4269cad8fe043667985cc01a430c67638af,dex_swap
0x4cbfb30af4f9033c1a39c8431298bd283e6220a3,dex_swap
0xb0da4272f4c8abf9ffe8b99b00155ad29a027b4f,dex_swap
0x8950b4902c3cfee4fd9e46fb809f93d599e4edbc,dex_swap
0xda3a1ab4f74da12dc7f8e98ecf51f93940560d30,dex_swap
0x25878951ae130014e827e6f54fd3b4cca057a7e8,dex_swap
0x31f9dee850b4284b81b52b25a3194f2fc8ff18cf,dex_swap
0x07f86b39728be613062bc7413fc2ca7293eef022,dex_swap
0xd4eae30ae0421f1fd462ae0e7db17461b6acbdeb,dex_swap
0x9f7706a8a509208e5e2353e62439d6922f6483de,dex_swap
0xeae110ade63ea0721af4ac6b834578540bb35d3b,dex_swap
0x8fb0dc610a33ed99e797b891ec97d0468f5d7394,dex_swap
0x82e0973494da54464556d277a8741283920a4a0e,dex_swap
0xc7e9418e0f9b211885457ed3429bde9e4e830e0e,dex_swap
0x41fbe66c9cdb0842e9793fc07740508e6d3b7509,dex_swap
0x7d58c73e8188a423e6f99ab752037ac277e35954,dex_swap
0x8e19c2f2da35f7c0ae34217642436a6be2ca188d,dex_swap
0xa9b4755a702fe0071d84a42ba3d3a8d022428f36,dex_swap
0x57a6e746387528f3b7acea90a8eeb392b92ac452,dex_swap
0x97645d9e95af0f7a15c2100fe13e401da2af8b20,dex_swap
0xec4b617a343b52566a74a8cd24e29fafc3bc2c64,dex_swap
0x1bfeb9e6db58cb141aeee33381d4a56c1b110e16,dex_swap
0xc9d2566a5da0bb7908d5c29c276b848aefb4bb1b,dex_swap
0x0c9466ad77506de065b4bc61ccf418dfcfa85b05,dex_swap
0x68994e4429ab46573060b96b3a824c8e217d01f6,dex_swap
0x70b24fe068e60e431792ea177ccf087bed2ef5f7,dex_swap
0x86a2a2262b87605b6d2a6832423cb606995c8c32,dex_swap
0x828f11b88606426125850b4f5809bb3a045daaf9,dex_swap
0xa0bef7ff637c10b9ec67a00687b4d4364a7f1c55,dex_swap
0x05daa74800553d689eb048a28f4476f5052cfec5,dex_swap
0x89db7fc975916e6b983abe7cfea0e124b93498ae,dex_swap
0xe9878cc8b1f7aac97c384d3a03b00f92c1ebce94,dex_swap
0xc49bc153f3b1d2dd31b4b46fe405b2d5dc20c4b3,dex_swap
0xda6761926ed9acbca0d9e49e64388adfbbadcac9,dex_swap
0xba05434727659a82cc796af5d4501cbf92f23602,dex_swap
0xfd0026dac638e0be01699571fbcef06533f19e86,dex_swap
0xcf183f659ff4f1742a6c916b49050b4db78b2273,dex_swap
0x195c21c114e491c45d69a90162d851905eaa7284,dex_swap
0xaab97f79a1d4f74d4066fc5c0c45d619aa53a025,dex_swap
0xc7e65b3b5be244afcc9b7e15c55a3fe3bfe89caa,dex_swap
0xe1d56a6d68cbf4bd7111c57459e86b64990ddd8c,dex_swap
0xf7fca8661a29c702c24f146ab37f7b26f53ec786,dex_swap
0x735206df61565a127ad3bf65be743599ef2136e9,dex_swap
0x6c47f1b1cd7c3bf69a3f36df53e11a707bd91849,dex_swap
0x4479f35b5c859fbaa58b2393ee130396b00b86e0,dex_swap
0x1800fa8820db0d5c19719c9d725cc90d843553c5,dex_swap
0x0b971ac277e8ad4e282337712bf66522a4cacd6a,dex_swap
0x50966afd84703ba9183b2af614eb991d460ccba5,dex_swap
0xf4d3d1739ecec389d08ac4320201c26005aa918a,dex_swap
0xdd6eb712d21c5ef4983c628c82917f473a2a1e28,dex_swap
0xa65898acfaceddc2537efa44aca6552b976d620b,dex_swap
0xfd1d83be1c1892eb00f87b35bc8d615c59cff266,dex_swap
0x3f3a08c19a6b2a906088c5bd6370cafe8cdc22cd,dex_swap
0xfec88c0c81ad0490ac15c694750bde4512f8b6e9,dex_swap
0x72afb7690ddea408cbe62b917adca24a0b3c5e70,dex_swap
0x8bcfd604c655f80ed71e13e2fae1c152e4aabe08,dex_swap
0x40b6413ff61d28ff796849382cb5b6dc0fcfa5c0,dex_swap
0xbbdbe347df3cf8e0bd2e75bbfe4deaf0352f0f46,dex_swap
0x5ff8c76173906ca940ffa5fca2444791f0786702,dex_swap
0xa86ea49d81b5d44f64e04ed37c95b7ca48a2ecf9,dex_swap
0x3a36ae92b19106e3df6d8503b49c07c931952f72,dex_swap
0x54288e8621a0c5d09ef005d23efba07472e88787,dex_swap
0x2c2883f161a018b56039bd95ab0be36dfbf16e6a,dex_swap
0xce141691fb7a6e7d7a74abeda5f76723e2c6c5fc,dex_swap
0x1e349846032c805e2f2c31320b4c14e98ff7dddb,dex_swap
0x9c8d2decc14392b83506e86d2ecb5cb4f7169366,dex_swap
0xbb766265c248adc6fcb795ca3813b47abe7c6fbc,dex_swap
0x9ccb25fb2feadc9bbad531d371214ae6d498066c,dex_swap
0xed8f3e18cb8661ccee47175412fae8336116bda8,dex_swap
0x481e2a2c995cf1f79cd0acb7831842c4de14e79f,dex_swap
0x4bcacde0dc3202eb2ff70e17b6894998d851b293,dex_swap
0x6484fa87619d2aed2b021a3d93761288bd8cfcba,dex_swap
0xf101cff39d9644694ec7cc1fe1ecf51bbae8c1fb,dex_swap
0x6a0823fb6bcb2b3d6d86da71a3ad91d7f8d1e0df,dex_swap
0xd6ce14cae8962a631bffb7db3bab0005bc636abd,dex_swap
0x5ece6259499ed7cb8f6ad20338d399241bc25419,dex_swap
0x950c6fb66c8623bb777e51155a0afe1152aeafb4,dex_swap
0x5ff1a6450d2dc0a3b86429df2eea9da3e33d44e8,dex_swap
0xbebc0a32745e063a8df1f8f5974e947e911c69a3,dex_swap
0xb2fcc45e0a3b069bd55b8b65bcc88364e8255db6,dex_swap
0x174ded7e167260ed5cd26dcf58b8a10f4acf4e6c,dex_swap
0x29cb4536ee663ace6f7a5ca1c3b8ad68be398cc0,dex_swap
0x68ee9824241c1cb5c42b68daf7d64568f49b5aba,dex_swap
0x86d068dbba0a909109e069bd7d7042fd02e138c1,dex_swap
0x6ab04e988b155f692615e50d562c568c407f2bf5,dex_swap
0x99080f4b3811ef8c26eb222cc8a0f8f258c77033,dex_swap
0x4de14e9d15423c4d5f692e6bd5950f9425021789,dex_swap
0x9f2ea683e8e1bd6420026beb22e94268e6bbf5b8,dex_swap
0x41f5739f1242a276a00da9fa82d32cbdb9b8db19,dex_swap
0xc1556c855dc944070b5fde3e244efbc8415bfb68,dex_swap
0x6e14374828b673f1572f5c9e9fe0dea7f4d72243,dex_swap
0xe8e54bdef0696f5019a966e57a79caf427c3fb8f,dex_swap
0x724429d6c82d85d830d552271bf095f4c49583d2,dex_swap
0xea99812063d07404c0b87ab7fd422a5675aba1ad,dex_swap
0x714c1d71b76ed73347309536bfab030c11c2346c,dex_swap
0x1af4c8991bd4060d9f4b609ce1bd831d94e3233d,dex_swap
0xac7df2260febf3558c966c16b70833b791ef7544,dex_swap
0xbe11fe84b4c729c25ff642b303ffa09f13d5c25b,dex_swap
0x9f12a024b9f5cb978738dd211b558874c07c0858,dex_swap
0xca6f770302bcf1846fa579ebdef2cc21cd5efaa2,dex_swap
0xd6543be94ef3624b06bd21cda559f3f5c57d7de5,dex_swap
0x67f0b57d5ba5fafc680751d1112eec131e22f94f,dex_swap
0xce4d19ac1afffe8435bb77a14ae52aab9341cc7a,dex_swap
0xbbb3ad1d708b1c071152c099fc4e0921952dc26e,dex_swap
0xd5eb196e4dd2c8df79b7b71d59d7c5589333a190,dex_swap
0x2976fa805141b467bcbc6334a69afff4d914d96a,dex_swap
0x647a02600f526032bf4480f3b9272571c022e5cd,dex_swap
0x8dd1a3ba59f689b9a150615b4c11e66b6b3301a2,dex_swap
0x4a720a82627bc18ad2509ca9a72fe29a54fbf4c7,dex_swap
0x2bf8a5a87c5a06f50eabf17bf502252004ab7d08,dex_swap
0xc7c575b6ff8e7d50b8804d7d4467e279acb10835,dex_swap
0xa6b6ba5e9ea1d29d9e833752a583fcf9f92e923d,dex_swap
0x3023ca075f0c1de30a4b1d47ba571d4a5043d7f3,dex_swap
0x8da67106f44e60f4c1f8dec42330bc8dabbf0e92,dex_swap
0x8a3928db3c4fff02c012121d0c0be0e235bcdf7b,dex_swap
0xd1bb7ce7cdd0d17c803464468ee709b82cea5ed5,dex_swap
0x079eb7e3eb86812884d67cc30b31f887eb44a6f6,dex_swap
0xd665c9227d36560ab6fddf00291cbd439802fadc,dex_swap
0x3ee204f1e6af1bdbeb73701e6a3e28538de43eea,dex_swap
0x454f5d60886dfcd5324a3f8aa0fc5d9e25afedf3,dex_swap
0x09b31242b2e5ad7f61e05d161be310599f132442,dex_swap
0xb65fc0748a1c407a0c1031fccc87d6835960ddd8,dex_swap
0x2ab674412264e32910fcfda497ed8521abf10934,dex_swap
0xec22d89072e28bb9bf546669c45af273c958837a,dex_swap
0xbc37d743d861fa2b48e91284704fd4d0873ae198,dex_swap
0x913b813582229f808e40a07c40e3f11fe314fa92,dex_swap
0x1c408173535fe623e8670717f094f2b071794649,dex_swap
0xab38539250d94952051d46f3df205cc12c011a51,dex_swap
0x71789b9703745d24f45377426639d290119b4a57,dex_swap
0xa5cd6f53b0a36bb54f4d44c72020854681225ef0,dex_swap
0x8aa205d094945eaa21079a3d7da44536e65a9f81,dex_swap
0x6f97de8ab68c722dcbc02cea0ce6b587b8210052,dex_swap
0x2d9d8e2e0642c01b600ba9f953ca5d49abfc391e,dex_swap
0x4a1ed0471f1832264a704d0998703d1da3e6cb84,dex_swap
0xff0bfd8a374eb1ec24f27500a76104ae3b463d80,dex_swap
0xf93eba21a0672835415f873e119789ff27a21ebf,dex_swap
0xb3ddd766ce76d07435b197e0857ea80661d20ed7,dex_swap
0xc6187befbc1b8cc827049ac4a5cb05bc023c48de,dex_swap
0xd3b55d6d7c08fdbf5f201e486992643cff410d91,dex_swap
0xee9eebf89c1424e63efc888929e43a9423357d39,dex_swap
0x294839bd28f454b23bb157cec2e5f5f6deb5ef6d,dex_swap
0x66efbe3f3273a0de98b509660c4f1019168a5775,dex_swap
0xe9827a900b29246549c50a29c3d2df3257255d50,dex_swap
0x7bdeb7b2dede7da4ad574ac34d6cff06b380ef38,dex_swap
0xfbc2d5e64478b467a971b0ee6c462b47f430451f,dex_swap
0xfa9521a3ed6e91f76e30fc1c38f16d0fe513d2fb,dex_swap
0x80e03a6026e4b97533b8d3916d465e91a7872040,dex_swap
0xdf9ee8f2130d258718e651be29724111261376b5,dex_swap
0x743556b934352c01d7d262a6b5de7b560db5c86d,dex_swap
0x273e1aa23f8b8e8ace22c1104e1da730ea52093c,dex_swap
0x3efc8d831b754d3ed58a2b4c37818f2e69dadd19,dex_swap
0x7ffd32077da6e0466990c8453cc85389c2a31412,dex_swap
0x1ef76d432280c837e5668f582c82de8f6ca4024d,dex_swap
0x0bade9cb7cd5f693b3fc1833eb8e4d3cdf7f62c0,dex_swap
0xc8b4118ee79a0ea8be1da7080ceec93c7fde1c3a,dex_swap
0x2e1547230332f386cf5712797c00bd393848e073,dex_swap
0xc0bee2dda4832b6e2c2d670c509cf931720a0a3e,dex_swap
0x8b77eba264aa84bf2267e06470b9fabe1061285c,dex_swap
0xd1f0c38a9dfa7482be50c53fc6620e1f0c406452,dex_swap
0x21ef97b2d0d7c5fe872d141d48e5c2bc352ab028,dex_swap
0x71e59894daaa48c5624ba336a37808a08cf55263,dex_swap
0xb2866d830115434be503906138003f723fb37c78,dex_swap
0xbe3a25173207c171c506140e6f802a47d838c8bc,dex_swap
0xab1a82c2c04e0b02b62bd7c96e6e6e80a8ca0390,dex_swap
0x68d842a03c3e86b317dccae48484440cc4bf1080,dex_swap
0x28ade0134b9d0bc7041f4e5ea74fecb58504720b,dex_swap
0xfc369b3d02cc0169b852eedcd2d405f155f412ab,dex_swap
0x1363053575baf0bc71de66a1ce8c5d46c13ada56,dex_swap
0x227569d80706d817f7d3d016826788b31f073f68,dex_swap
0x24de8c9d27e55e3df391ec8c70d71e1d31894131,dex_swap
0x0fc7ef52eadf464733b2faf3a29c96e04edfbdc5,dex_swap
0xdc727afa1e86aeacc3e88b486044ab9bb247eb04,dex_swap
0x8f1ea04a36a22ba88f244c82ce59ff5096f247c2,dex_swap
0xdbead9628dfb31fdebd7b2b0a092a409951cbca0,dex_swap
0x0a695a0048344fca1744343cf6c60af65fc3ace2,dex_swap
0xa2dc1dbb1eafa1646c381ad947162da0d61bc5aa,dex_swap
0x5549153675af6a3b160b86586fac171b5644dca4,dex_swap
0x88d6574cc73996b4183392a3d9f73b9e12126139,dex_swap
0x4b0a62520d026663df74756a039b13a5ec8b24d9,dex_swap
0x4910ab2bf4f582c904974005e18d7365440c603b,dex_swap
0x09bd2d75868fab2adecb72eba5394a55a6f979cf,dex_swap
0x0ee6816233e021f0734a437ec7644aa4160c354d,dex_swap
0x74f02095c613a23355edf572b8cd6c64feace21b,dex_swap
0x45a3bb32955b7a0a951b229b7e42b2ab5277921e,dex_swap
0x295542c3649016774ec1bae895d99094c594b376,dex_swap
0xd610f909b44b54680b9bf95ecc501e94f551e386,dex_swap
0xf0b09358203c5404d84bd2bba4674d1c6012f026,dex_swap
0x74ac188789233b69923bd04465c77713eb2f994a,dex_swap
0x48854b22ef0c6417b17fa0ae74abadc69725705c,dex_swap
0x7a051ded56f0ad3be3f5067bfd60430eebb072c0,dex_swap
0x30e3516535534b07b38de7a658af58b5cb20e7d4,dex_swap
0xdfb4a7d8b1849fc0baee110e79e4e42fbbdc6bef,dex_swap
0xe29eaf96df381b7c4e65d2f4935208a4a690abfc,dex_swap
0xd21532178c561cf0288929a7db0145b07d9cc1fd,dex_swap
0x3116c21b1603032278dd7a67f8eaf71a7b81a097,dex_swap
0x3795369baf1ba9d386388787d9b7262d0a6b5ea4,dex_swap
0x8ca4e7159005af481b5471d722cefe2c9fbf2db4,dex_swap
0xcea5f986eca7dee5a390451db4e0d35922ef06f1,dex_swap
0x750e68148419565eb48a9b020e059c639893b7df,dex_swap
0x1e06ca54e5657516fbfa79393be48f0bb5c1b8e7,dex_swap
0x6ade22bd1d73c7162df10e06b51dbc725e2d44a2,dex_swap
0x96ffa56a963ec33e5bc7057b9002722d1884fc01,dex_swap
0xb6863cf77233363bc3d45e3da38e2e49083e0af8,dex_swap
0xf564038dcc7d8de2abb1d789d5fc60b23921c677,dex_swap
0x5876241ae53330838ee2b760bf35daa29d3203bb,dex_swap
0xdb7ac6fc2e7e41304fe37baa92576948e0825410,dex_swap
0xae3390761df134ec1f0cf2f7465f7f33e3bb75b6,dex_swap
0x6d5a3e9a00fbdddce23c30df793e8e6413cdbfc6,dex_swap
0x784d6e2619a7edad9c61cdbf0a75863c555a7b0a,dex_swap
0x4b0dcdccb8afa0dda5517acec915bf0e65fc0410,dex_swap
0xdc6cdc82b6f0ac126505eb9bbb699a5d80db6a0d,dex_swap
0x3d9e27c04076288ebfdc4815b4f6d81b0ed1b341,dex_swap
0xe332a5444eeaed023caec6ae8060319e55a27676,dex_swap
0x721bfdb23e52cb869f41254b8dc35bfac6d77328,dex_swap
0x8e7eb059ab65fd215d986143ad9881edf883a8b8,dex_swap
0x628d96b29331bca3a25c75976203ea18af162152,dex_swap
0x736fdb1734443e02e916ee1d7f534efd3e9ca71e,dex_swap
0x17f8e742aae59663782b57c6c05ce79fa268773d,dex_swap
0x6fa0630d1d41d19be888508e5ab5fa79a881e351,dex_swap
0x44569704b206798014217b8a02c700bf73ceb72f,dex_swap
0x5ac259e48e3d27c80e11b0fcb0b39f314986b053,dex_swap
0xc1e85af106515c03a09e9f6bde4fff283870efaa,dex_swap
0x8b393470bef8bb27a9a5169531b4eba5209b0b26,dex_swap
0x594bc58ba219748fb4d3f09e444b54c18bf35a1f,dex_swap
0x1e283e3cb1ffcbd92551867cfed10b712f52878c,dex_swap
0xb7fd1f7e574d724798b2dbc0666ad4575e5afad1,dex_swap
0xee2144fe1f0d2353db9034b58541e268d089abc2,dex_swap
0xdc5e83c5f4e3252421a4e0ad85d6f5ec163342af,dex_swap
0xea86804a6f4c252522b0b74839fa75d45be0f097,dex_swap
0x699cca6cbaebb6f60c21194e371b53eaed03e935,dex_swap
0x94425c8c8ed136fac4243c29170c21ccba5e1f7c,dex_swap
0x93f3fcc44d179b152ca99442b88c55845f35d4b4,dex_swap
0x6eece798794d3a24d9f03e65497689d93af82c60,dex_swap
0xf5e1878ec11a3f1c549cd823b43897273d22d77b,dex_swap
0x99a83b2b6503dd909222bb9aa8a330e58ed8e860,dex_swap
0xf360b5e0df2a9111e3cc68ba416b9f7719c8d43a,dex_swap
0x2ee372fb1da3d2876b6213d6d8f96bf1599fa61d,dex_swap
0xfeddb421d066bef5b9463a3909c9adfcf5db5c9f,dex_swap
0xc14daf28eadcdccc1e98cf4753584f6027c25ba6,dex_swap
0x09ab30f87cec2cdf5ac472913344742437eb8707,dex_swap
0xf2a32b7bd63938750bbefe92ddd6ed2be9623eca,dex_swap
0x14b01cd5449abf81fb035d59846ed59690958a88,dex_swap
0x75d9281793ab0bfabe8cb61e6eecfb6a0fccbb72,dex_swap
0x28ca9eb1d583e62fbbe56411bd759b69c5301f35,dex_swap
0xa93ee1cf53a732cf623571b77dd6a1cfd4438ee4,dex_swap
0x5240fe0e85871bd8c6d25ebdf8c388f0c9552ed0,dex_swap
0x19ae5fcdbebb6e6a24658732c4190b70153f8e0f,dex_swap
0x944149b421d2457a3b8956006ccf0c6fa5a921a3,dex_swap
0x52693994bf89e8385ac647830383738a26055850,dex_swap
0xde793b3eaeb11f4c209f7c21fa51195cdaaddd6d,dex_swap
0x2eaf071b2c0993c572c2f0973d096839c4293b52,dex_swap
0xca1cdd7c9e33ec9f881015ac63654f3043ec7dda,dex_swap
0xcf84655018de960d461282a8ce3e504752fd6799,dex_swap
0xaccb22a5b2e8c74bd907cd83fa480d461e01126f,dex_swap
0x777b0529a884ec46c937009a0b7cb49523b217db,dex_swap
0x166a7f6b4687d08fdd963c43fdf0ceb536e300c7,dex_swap
0x29481f3a0ebaa68771600f169e7a40facb15afaf,dex_swap
0x0644b3bc14b960907678097f8ce3b16f6721c043,dex_swap
0x43096dc8c7ee4113e09383a28273df8c0a46757a,dex_swap
0x034e6cdf4b35ed873ac95564445715def021baf2,dex_swap
0xeebb4e9bfed296eb1e04cceadf6dd36cb20a7907,dex_swap
0x09ec6a238256d31052aac7702650be0d6a2aebfb,dex_swap
0x3525a59532699688553444a8af33efc50d776ff4,dex_swap
0xeb789d4deeea4e9c048dbabf13256e451ec59535,dex_swap
0xfb028d83beb265fe76576cb5dfd2dd00fa846efc,dex_swap
0x69a6279b895623337b4ee13df3f51f5413e48f48,dex_swap
0xe350f7a3e0d52cc4227c17530fadab8274946660,dex_swap
0x491adfa17e146b1f86954e16acffe32ebd526efe,dex_swap
0xa8a80144a1129d90bfc9ca5fc02fb034fb17dc00,dex_swap
0x7fa5afed099d5191df547dc8c50ab62011910e27,dex_swap
0x694e4266155ba5b2bf740edfe0326178cca70910,dex_swap
0x9fcc73dce5bb0e01f386e4236bad9fa02028d987,dex_swap
0x2edd9834c39394615fff5e8cb4e0db1fdb5a1ee0,dex_swap
0x6ccaf8e00d9ae44104898cbf22937cea4a759d27,dex_swap
0xa648e98b80db0e207eeba9ac51d857718a9810b5,dex_swap
0x731f8dac4cbeaec6c5f96c53c9c709ed5c97d767,dex_swap
0xa2cee52bd374dc5caa49f90310bcf6918fb6b052,dex_swap
0x1e81857c19b3c1905bf30ff6c68f8c20fec66579,dex_swap
0x17b42d1505dc22e4c56377da7aa5e46ce81e9cbb,dex_swap
0x365ba9b7ae18219df3e040070b722546147a752d,dex_swap
0xf994962ce11961fe7326e864f1014f114e378db5,dex_swap
0x8664ee493372d4e37a7dcb4e0d24a657b5d9bfe2,dex_swap
0xaa23eb8c1b6cc066166f8d5f543ddf6ab9bfc96f,dex_swap
0x287e7a592d071d3af0fbb32681d21109172c2ec1,dex_swap
0xff93d3ab61081891688852f0ce5a260810e7e666,dex_swap
0x244c17f121bdea72999928ba5bd994a0e5d0779a,dex_swap
0x6ab6e5e0cdc882b85838a3a829c9cae803730045,dex_swap
0x592458ab54227d602aad1b649ba19387263b03f2,dex_swap
0x3e9e1a05795e878c12707deeb30d1993f33b243d,dex_swap
0xe8f84c5dacc3c308747b953ab84fa47b4859263c,dex_swap
0xa6a14e6767c07ffba3786ac0054a8647cfdca58d,dex_swap
0xa9cf848774e87965b10389f69410834d2da2c7c3,dex_swap
0xe16b284ef941dbfc67f425857c51bb673d9d8a57,dex_swap
0xc20e81553f797ab98bf4628057f88b0a5f1f5ce1,dex_swap
0xa70c1084b65c6f259f698c050b983b925fe30e08,dex_swap
0x953f87a2c26344d4a667a640758a1fa038eea80e,dex_swap
0x760f3f0e6cffd0f8156adf4828e1fef4dba5dda0,dex_swap
0x09bcbf3aa0aac4554ab128a9f8872b8ca36ad4f6,dex_swap
0xf246c15f962df2636c473a7d01ecc6b17ac0553e,dex_swap
0x3ebe18fdb79a30c81bc87263ec4c74a650a7b8ae,dex_swap
0x5158e8211fc36f8be6a4323410b7c1610ff76db8,dex_swap
0xec9cae4c0d4c177b06ce3ec27d6f6ae06da58e8b,dex_swap
0x21946eed2721aa50cf903f64d78e0eccdad90ee6,dex_swap
0xd00d3b3b7becd57839ad64c802a97e6f275af724,dex_swap
0x4DA9471C101E0CAC906E52DF4F00943B21863EFF,dex_swap
0x0B655E7D966CB27998AF94AA5719AB7BFE07D3B3,dex_swap
0xE33A9C3168E8E17F4C7E12DC0106BD15D0A15ECF,dex_swap
0x4F2D4A1B27BD10D2905CAE752906B7F3C2577131,dex_swap
0x9FFCA92DD04CB9D548098E8F0A89B1C6BFE45E30,dex_swap
0x821ADACDD3715051E7B5911E8CBD23DBDDFD99C1,dex_swap
0xEFBCA5F80BA21E6653E16E376FB753E631F06315,dex_swap
0xE099BE780AAD2ED229B21431E34857E6A4DC5A39,dex_swap
0x40833ABF61FA37D9DB4F7D1719CA9EFF4B19B077,dex_swap
0x0F4D29A28E2B07D6D553B541BFEC81753389FA54,dex_swap
0x8E8E49027B421535D6962369C749C5687FF5F470,dex_swap
0xF35965FB9CD9917F5FF004067E0220DD4A1CACA3,dex_swap
0xBE6C36F49AAC4EE12CA4B23765D9EA901BE00683,dex_swap
0x073F65E554B8C405C25D6FD06AD0C0D5813E0CF4,dex_swap
0xC33EF0C0E78C532414990C4BB40C079C4ABB4AC9,dex_swap
0x6C38A8F61A72E217E71800A6964342E26F8C2FAB,dex_swap
0xF1E60082EFBD1C8ECC65B74C53B12815B8F62302,dex_swap
0xE361D866E5310F51F170CF4342E418524FF6D42B,dex_swap
0xA816B98E80339602C23F2BAC1FBF19345F364AC1,dex_swap
0xA3EA76F566E959F21911B6EF3E644AF205D1CF7A,dex_swap
0x38F3C44552A3F6E4D21C8C328CE4904DA766D12F,dex_swap
0xD8D5D30771310C89BE87CBAF0876CC2CEF33A4EC,dex_swap
0xD7CB7686ED438C55149DED0D4762C70AF3D9923A,dex_swap
0xFED4F77AF916B62CB073AD7AD2B2C1794C939023,dex_swap
0x62F6470FBB1B0F8D2B2C7F497E4E12F820C318A6,dex_swap
0x11022F5BD4B65DDC7F03283C8BDDA2FC941A3F71,dex_swap
0x9A4B6ABC39E24E853A1E4CAD8488262433952B67,dex_swap
0x02F726B5E819ECF33AA93BE5274C94A22DF3619F,dex_swap
0x850197DD5A4865324291D7B5745622A8CD732BCB,dex_swap
0x31609C8D7C5CC9EE46B021C6ECC597181D464688,dex_swap
0x8216E46105C14D2D76B3DB9058F6F9D8439B7C54,dex_swap
0xEEFE34A40FB3C9D876AF33D7485E2D0A32951F4F,dex_swap
0x4C2475C10C57568001382A5773B9612A099E8E7B,dex_swap
0x292DCC6B0200EEECAB51DE1F6B020EED3C8B66D9,dex_swap
0xCA0B1C6E7A4D9B44C73B4E01977042482E5CA7F7,dex_swap
0xFBD9A8CC305261244597E763FBAAE0B4CDB0E8BF,dex_swap
0x7CF14567AB5D8B1AD7D5778563F5EAC86B48D785,dex_swap
0xEEDEA777D7C1AB243F40A66BEB8715B328E3AE0E,dex_swap
0x03037527E9C1616E04D8E67587007436BA26631B,dex_swap
0x04FEDF75A1A84DCF20C58F29375A57B361987DA5,dex_swap
0x34DE7AA11175D3DF41B017DA40359762BEED6E96,dex_swap
0x0D7738EF8EF70040EA28AA474AF8594E1E6F0134,dex_swap
0xD427D89F44B936F1AD22ECED5CEA5CFC91225447,dex_swap
0x9C7F1478B77872654B435ACBBCBC484AAB5AE6C9,dex_swap
0x123C934DAA60A059174230395EADC27D6F1668A2,dex_swap
0xB79BC6E1B786FF87C32C6A352A1CF27A2DF68678,dex_swap
0xA4F8BE671C446B27F722599F9E64C91DEA559D1A,dex_swap
0x2145A17A0AC3CD24C107F8D925485F95F1A1C6FA,dex_swap
0x3F6071655AAE40259B40048D0DBFD0309FF68A8F,dex_swap
0xFCEE365F5A42780273828C8FDDAA3529BDA86C4F,dex_swap
0x121DB03D3997EFE877EF27B598C9433D7C122EF0,dex_swap
0xA9FCF373B6BC717223D9464E8C481C9AFAE3F861,dex_swap
0xBBBA395C544BD6C40C6A66276CCC67DB44A12C5D,dex_swap
0x467B3B85717C785889C091A41D632ED66E21EA16,dex_swap
0x503130CDFA02B6D9DE3B9C5C861BA319396D2F97,dex_swap
0x156F2A3AFC3ACF1E110824E50D7220C4846C1467,dex_swap
0x8600D5BC0459D9965A0F591C65BF773288585D47,dex_swap
0xFC23A9638C92F40E1ED069FE86CB438E14477C21,dex_swap
0x8F378DDC43CC8E322FC8FBBCCD395B478C47A2B9,dex_swap
0x29FC04831F11B6AE63C798FC87441C5DC0F69EB5,dex_swap
0x55FC6F087BB179B033FCF7F19286103F6099F3AF,dex_swap
0xAC4BB8C0FA1879DDBA38B486AF91DC88992C5781,dex_swap
0x9AE68C11AE8354FD1328A5AB3C2883BADBDB2F45,dex_swap
0x3B16B980611885183553CFDE75E1196F63FAEFEC,dex_swap
0x62606026AE2699E5C32BBA3CE344150B4C5D4F71,dex_swap
0x517F717F0AE11EFC2AF8943071B66D77DFAFC9FC,dex_swap
0x7B70177E4E906C4313BE5422A3709E80ACF33329,dex_swap
0x93887E0FA9F6C375B2765A6FE885593F16F077F9,dex_swap
0xCCD9D850EF40F19566CD8DF950765E9A1A0B9EF2,dex_swap
0xA364EDE5590B46E618527D7535506743D978BBF2,dex_swap
0xC77398CFB7B0F7AB42BAFC02ABC20A69CE8CEF7F,dex_swap
0x6CAF59C81FEBBB1006B372D1BE1AE2670CDC5768,dex_swap
0xB7DCC530707C5939E4E79CDB3FEAA85B3AE8E79B,dex_swap
0x8ECDED81A2ABF3B7E724978060739EDBEB01B24F,dex_swap
0x7072A1C2C9A0CB20AE0B3C0C9023A42A49542E8B,dex_swap
0xA53B86D23464AEC1AA80E7647A7D582BFDB58D32,dex_swap
0xA45F6F111B4D5512DC7020CA2754BD7F5A4AA0B1,dex_swap
0x45BEE30600A4B91D4A63C108A247F7AD94355BC6,dex_swap
0x97C4509AB8E70F2CA91A95A82BD67E857CB02DA2,dex_swap
0x04E34632F7A500F8CAAEC792DEF13D4612BFBDF9,dex_swap
0xD02E74431300CB9BE01F1DCEA59A7AC5C5B05111,dex_swap
0xC363BBCD9D3874DE5D903A91EC15A146D5D55EA7,dex_swap
0x430A7DC066B1A7070762E4EF35E4847EA85D7273,dex_swap
0x5578EFBB03DE17C2E9977EA1F162BF18F16AE54F,dex_swap
0x70841FCF7EB7AFFA3853CD4B43C31AA2ADBB3937,dex_swap
0xA007A30F218EADC98FC7900264BEA49C21E2E3B2,dex_swap
0x2413373D74E792D928D98620B0BE4B247A4EA4D8,dex_swap
0x711C5DD235318DB30CF3569FA59AFD7A11980196,dex_swap
0xB50661D4D8EEF3C8CED79BA00E54313D76042C76,dex_swap
0x201F26BCB5DE606EBF7B82299D8927346BECF8F0,dex_swap
0xA4F74F82DE3C5D7B2EBCD290E8922581F7DD13C3,dex_swap
0xF1099868F98D9ACF0C8820B22C03135C06E69C4D,dex_swap
0x6860710DBE412E7462900031EFADC06A8FAEBB54,dex_swap
0x3C40FC01DB96CEE4962E8F234D7FF3A009F5CAF5,dex_swap
0x02CB40E50F48BDF2403AEF2FBF60E2C53D29485D,dex_swap
0x3AD1B5763CFBB48359E349A8EBED762AE0E5C0B0,dex_swap
0xC042F29B06C121C5349877EE56B3EF4E3560A194,dex_swap
0xB9672F3D28E5F349E6715369B4AA2891719222E5,dex_swap
0x0129DE7EE8EFF2B3D89FDF5016AF47A404898DF2,dex_swap
0x1AFB436B50A24D882DD924718D5374F92946775F,dex_swap
0x70E14DECFF93518441203972F5A62642BD7F49F0,dex_swap
0x36554C51BAE581C5376EC4AE5E51F26C3B0EBC90,dex_swap
0x74193B6A9FD5FB8A110C203C279A1537F037EF04,dex_swap
0xBE9E01E4CF12D256F58A2C217827AFF151C3C666,dex_swap
0x07B877348A24B901CA489DC5FE9C728447A3F1DA,dex_swap
0x66FF1FE01A81B02F08B5DEEA56172B882110AD72,dex_swap
0xF2489147D476F21FB68756E398A06E0762051119,dex_swap
0x639F3C275BB46CAC0CED433C0D8AB743FE415DC1,dex_swap
0x75333F5257B34F1B711EF80A1D3427D498CC0B20,dex_swap
0x5E59FDE61FA4B47F0C104AB7F428C9DB960FDA59,dex_swap
0x03F548FA3B3E04D4BC5ADD5C055FEECD225496CE,dex_swap
0xE583A6F7E0B2B75B1CB96E247EEF015FF2AD02D0,dex_swap
0x621AEE25B89E68188DC035EC7DF248FAB93BDB7B,dex_swap
0xFF1E46C805C0902E8861F40E5315B6CA2C80B1E4,dex_swap
0x57A9BDD471118137D7C32953301ED23B901E61BA,dex_swap
0x0BFE05C8C7963EF2E531DC2AB5B615300B690B5C,dex_swap
0x136BB12FB30D6DEC5D9E1E1D9A7D96623BA9C873,dex_swap
0x40FAE04AC32CBDA8D16CC12D7CB0622DDF365E29,dex_swap
0x32A4FC2028371CCC2A82BB5766A374C2235F2891,dex_swap
0xE7FDE327D35AD6014D249ACDEA3B827A81BD9965,dex_swap
0x440A2022C16A384B058EBFF8935E6BBDE46FB7E8,dex_swap
0xFF8A414DE86A2DDFA16D152770CEEBCB25126793,dex_swap
0x4F076116DA37EEA56FA7D8A5D4161B8CE3B71DA7,dex_swap
0xC133CD3FD2DD556BAF787219B4CD5092E7E31F01,dex_swap
0xEE0DCB18C3631277AADC12B2FEE4C88008009DA0,dex_swap
0x7BCC5E8172A6BCFB56861B807FCF421CA11541C8,dex_swap
0x31FA4C12A5F8D0456853F0588B2281FFFBB991A0,dex_swap
0x58AD730C5F676B59E8B102A12F45D78592AC473D,dex_swap
0x0C665739075B8DE9C6EFFAE1196B172D96F9DEDD,dex_swap
0x69D8234230C2198F95194DAF5CF9305C0141A388,dex_swap
0x14171BEE940166C6D161AED3C8B967F1FB3805F2,dex_swap
0x5957E49E6BEC50C53976A7B261BA08E6C6ACBAEA,dex_swap
0xE97AA6C4C9F0C925D3D46E96F127E0AAE60BEA45,dex_swap
0xD3BBFE5537F6D5B5213968C51BE0CA9345304D48,dex_swap
0x39813FCD49C3CC890C3FAC81AB5BA53CCBA6A36B,dex_swap
0x1EAB7FB2FCBC01415A5A75D0CFDAF110124D2766,dex_swap
0xA3E154E46BD876FB270F742DD66C4A593CC18D43,dex_swap
0x25B2CFE40157347D64BFC043EC7AE3E357E6BEE3,dex_swap
0xABB4A66A00EB976A7DDB242ADA17A5A87279F336,dex_swap
0xB2773AE6C62179E0B2861B0C420C2D4D82D9DC37,dex_swap
0x51E8B39A700CECC96A897772F92524EDD6BCC925,dex_swap
0x624839BFB74EA7D2B7681EC8C8789ED4B5EE50EB,dex_swap
0x4B205F0D2CDC45CF8EAC12F186B6940A69BE1285,dex_swap
0xA98C71070A3012B5AEBD3CAB6DEE6CAD3ADA8052,dex_swap
0xB0922DC146A7E0BB0DD72EAE9C1162D6A0B3FDC3,dex_swap
0x78244C341D9300D2016BE9B53840C2F88A6F481E,dex_swap
0x6218870583E49E2AFA12138535115176EB0E779D,dex_swap
0x8DF4AEF65F408BCE816B164A683E6D8E51618C8B,dex_swap
0xCB8B57E7BE8A60C7A4BF23731E0AC6C81E8486E4,dex_swap
0x697BA3C8C6708124EB390EFDD315683925F12E9A,dex_swap
0x01B6F07CDA487FD05E1D9F7D89DDAECDE72329F7,dex_swap
0x6225EEC640ECEAC7495004C3B55190DD53F46640,dex_swap
0x012B714B95DE7573050A039EFBAB934C42CA7BEA,dex_swap
0xD0DAB22ADAD957AA599C17BC5969BBC19DFAF9F1,dex_swap
0x0A37884F4BC76DFFE4DD25B90EE7B50FC693DFDF,dex_swap
0x3D065F7716A709355AFF7FEB8F867F1375BE12D6,dex_swap
0xAFA87B148FBCEAE5096B076FA74A29EA18182581,dex_swap
0x5E1DDD6D6AACA8AFAAF0BB127194252510C33182,dex_swap
0xD2CBD026B45803CE0B70BF5B19C9F940E6F26F8F,dex_swap
0x217B1AB2609C8B839B07871A2B02E579C2FF3136,dex_swap
0x251E989214B042D2297892BBDF1F53E59DF4C1F3,dex_swap
0xE33070D1005FD33A1DFCDDEB346CDC0C4748CAFF,dex_swap
0x89CCA642DB1BE7B598E80553888A21F8C1DC19C4,dex_swap
0xC4B2F4EB4AFF85F3BB638AFA8821AF4371433132,dex_swap
0x9C7E0EE48C040BD135D3E179C669AFB1648AAE6F,dex_swap
0x778845CB046A226DAB53F7243F97C9E48B9DE97C,dex_swap
0xE621D50EF01A0991B1A6C09F80BCA42EE6D0E0E7,dex_swap
0x3584EDFBDDEA9E72B92A3496139C1DE8313B43CF,dex_swap
0x6CA081A9120DFE0260CD69F4BC1E1219482DD497,dex_swap
0x4673BF3511DA229860958F0B3C2C2CBA281D72BD,dex_swap
0xBA4D9F4E3BF7997957EFE3107C62019241313689,dex_swap
0xEDD3E8ED357D75AC27E61B8F03D08648846ED010,dex_swap
0x9B31D12590BBF1C97B0BA62B9626A2E95FED004E,dex_swap
0x55FA8F1A8F7B0DDC6A4F05DFDFAD7D8B1DD9EA2C,dex_swap
0x8E357CC8E8B42EDFD58D209CC7F7B9BDC2A67673,dex_swap
0x3A772ED6D1186A1805C2AFF36F5618B37C47C551,dex_swap
0x4C22F492E8FC57CE230E4242E0A325C29311CBBA,dex_swap
0x4C4C74C5B403DDB88EB3FD33D93C9365E7382743,dex_swap
0x3D7BA75D52D46F6A3FDBE719124790D7EBB6CBD0,dex_swap
0xDA9EC5A6BD0C46EA347ED26AE3E528D54870F850,dex_swap
0xB52EA54895F3E6EBD3B7A45408E088D8BA29CE73,dex_swap
0xA648AFB31BA78AF8C08B0100A3DE7B9F9CEA6D98,dex_swap
0xCDFB8C27FF2A9579EFBD9B686561F0B6315B559D,dex_swap
0x5C93505CB2730CC047BF2191C589392FDDBCBCE6,dex_swap
0xD457DCF097A21E932A03DB4909D9C3108B248682,dex_swap
0x47134F7A6FBFF0A93DD0CB3437951055703DD13F,dex_swap
0x295ECB1548102F99A63495214199752CC11498C2,dex_swap
0x33B5789D6846BF32338D3704B2A10AE02FDE9C44,dex_swap
0xAAEAD7411CDF1BA8506BB113A5E22B9EB452801B,dex_swap
0x34225B77216DAD6033EC766C5024ACC23F3E65C8,dex_swap
0x0CDB74AFD29244EE777A7F935E4FAE46F3CD54C7,dex_swap
0x365752CAC02AAEA7A22F7BA1B76A5F261F8E6DFF,dex_swap
0x28628711B566DEF8152B36F1DF64C07C6B1259BE,dex_swap
0x10F9D0FA94F66F0650384F9557574CDC54F37929,dex_swap
0xB883C2A34DBD929F6203CF92C6AD214CB4BF12AC,dex_swap
0xF9353CC13C46AFE1A586D020D3A957BE626DEF5C,dex_swap
0x08CFA89CD4C0707150DF278C29DAB65884B03F10,dex_swap
0xE92FA1B11F14DB676A837675C9F18B77C3A2FDBA,dex_swap
0x30EF274371478BE18B4FC51633DF48E785E8E3B2,dex_swap
0xBE1A8CBCC6C8E5CE9FE669DAAD329E325A45D9B5,dex_swap
0xC51BABCEE3A9DA410307999407ABCDC2308D3C24,dex_swap
0x0076FF2543782A316F1B3AAFCC6C504E7E51826D,dex_swap
0xAE79225DF84A023AE5BA63B8607DA52F8F5A2EE6,dex_swap
0x7D59DF51939A0EEA31675A4E28504AD77FEA9416,dex_swap
0xF5DBDDD3E82364AB77C76486E27FF5D589733B92,dex_swap
0xCCD04D1DDD879C9087BA8F674F25D84621987F79,dex_swap
0x25C9020F357FC216EB96601E6A6B531BBC385763,dex_swap
0x52E52CEFA7AEEE405487BFBB123074C76E6A9E22,dex_swap
0x70B6CD7CAC31BF0306D56473BBF3E22507573FD9,dex_swap
0x22B2D7871E545840847847C6E8C0B494EFF4965B,dex_swap
0xC8A1D25F29718850797CCF1B8D8D05BA7639E52D,dex_swap
0x845A70FB7AE5977BB144B44AC7A48D87BB628C3E,dex_swap
0x6537B0F7E9E58CC44136DE5A3E5DD07389391F30,dex_swap
0x52E1FFF6E39D9DE46CDC87A5654D607C94524E5D,dex_swap
0xA4BDE8947F8713D4669DB5DFEBC04C3529DF8DE1,dex_swap
0x3CCFBE8A6056D66D9E501F27DA353BEE9C952A36,dex_swap
0x5835091EB8A7CDF1ED21263C3185981EE5198DF4,dex_swap
0xDAD3C153DAE1BD1E7CE3265AB556191428C7FB19,dex_swap
0xC22D239D460EAE6A33BD289FF666A7128FBB021C,dex_swap
0xEB74750793267A97819E8A456B2D63FFAEDDD17F,dex_swap
0xADFB9028094C00F62A26A358FE90E45FFE9E9E29,dex_swap
0x58F7BF080810B46D0C1232DE9E86CB3B4B917332,dex_swap
0xD831DF61728D02E3A5E49D9BB31529AEFE57AB23,dex_swap
0x153F28D167091F526A2A0CC363216C596E6E15BA,dex_swap
0xC0EFABF5813C4413A954250AE4C7614081DF4190,dex_swap
0xB312F6DD73426D65BE18A6CC061416DA43BE294B,dex_swap
0xF96AA6F48CEC751CB59386F0DE2EF32F3D881918,dex_swap
0x3F43C1CD5D5AF17ADDF09CD6190E9925AF6573CB,dex_swap
0x145CC9357F9F818FEEFFEAE8ECCBA3945638EB00,dex_swap
0x802164FB24ACE5005FC5203F23B57BF98F800FF0,dex_swap
0xC6A72F45E9F54793860705656648EF405AD30963,dex_swap
0xDF5CACC8B568B19EECA680C41B326EAE95F542F5,dex_swap
0xB04EAA6BC884250AE19EDCFF909EC89B4374E508,dex_swap
0x409170E7F6CB651D7A4BAF9A7A91BD0953D80FD8,dex_swap
0x00F9A5F8CA95E5FDF0E6DC50F68E13AF1C2CFAFB,dex_swap
0xC311349B0FBF866B7FF025EF35DDAFD75D632BDD,dex_swap
0xF6F95B03676DA9FA68B9956D61568362C41DCA9D,dex_swap
0x4C0BD98B3218ACC381E236A87F7D75283F0C6F2A,dex_swap
0x3E390A7C73A6E24B222708EAA7CF867C3BD97FB3,dex_swap
0x1E2B80E002E2A3509AF6CA7C1DE0F33CD360234C,dex_swap
0x072A28FD4697C038730E0EFD8C4A6B835E148429,dex_swap
0x8C62C7DDA3F3EA0D8D495E1B13A627211D934BE6,dex_swap
0x0E1B458DB2C65E57930B8E82AD0B03AC6D648AFF,dex_swap
0x58B594C4A296E9DB3B307142AEFFA1E4162CFF2C,dex_swap
0xFC5AA6EDA76F124A075B7B064A2BD287E5B42AE2,dex_swap
0x83FAD4DC0962FCADF1CEF79265569D9232978E75,dex_swap
0xFCF2A90A55F11994750ECCA2725193F797D5D315,dex_swap
0x879E2FA610B86DD5D4D3E4EBE6821F8AD6894F30,dex_swap
0x003DC9B370A664F5F31086E712A722DBA0A4E296,dex_swap
0xE3EEB6AD5CE3BEA04EC7298F9F8C453CBE6CDB0D,dex_swap
0xBDD4BD22539AF217821C0E3C10782EC9AAAF6A3A,dex_swap
0x4B6DFD233F7E58495EEC54DCA5502070D0903F5A,dex_swap
0x001638CDFB9691AC2455BC38D3CF6E97958EC390,dex_swap
0x66EF054D244A165F61F1EEBBDE2707A38F61D5D2,dex_swap
0xED467FF371FA05ECE34D297BA615C03E4F594DF4,dex_swap
0x618BDB453BA6D8DB7800F949A4D4C6ECFD01DC4D,dex_swap
0xCA9B57BD33A5CF58263838E3CEE0A82D9F92FE2B,dex_swap
0x998395fEd908d33CF27115A1D9Ab6555def6cd45,dex_swap
0x32fD7e563c6521Ab4D59CE3277bcfBe3317CFd63,dex_swap
0xAF7Ee5Ba02dC9879D24cb16597cd854e13f3aDa8,dex_swap
0x9Be5da31c7A42d7e045189ac1822D1fA5838e635,dex_swap
0x3aE6Db8cE92335E9000EF5813c55B7fC5B578821,dex_swap
0x97aCA58d273725B261EaBD4F72343fFa96f83b76,dex_swap
0xf2E7eCaD15C1aEDD0B345583913348C2847e4509,dex_swap
0x51b4579200A338B093A838875b76cDb8A527e61f,dex_swap
0x71487E7824c1f9c1d3430729B954DeE3bD87654d,dex_swap
0x5f193a477230D377EFD1cf4acECA5582ce82aA2a,dex_swap
0xA956Ee8B3cE716BdCdcA1Ef19B40301bf1B98EF2,dex_swap
0x5f14d2A66d42EdC839966148801c256a43CFA16e,dex_swap
0x48567Eb65AcC3bc8549B35d18247F4032480bB72,dex_swap
0x61EB31E505fdB48EBBB0A310be5f0b32aCeDE2cA,dex_swap
0x0BCc11dFD335e4602994ff5A4B92766686Bebfff,dex_swap
0x9BE1ACc9b603aAd48ABf2490bD650b61CF52a99c,dex_swap
0xF0C992185505CC0ba720B958b8a5B7E4e8e0E7F5,dex_swap
0xd43D4aE8E09960F52dBfA217d7d2AEFb20d005f9,dex_swap
0x7C230eDEc6fB0A4dC412a831b859dDcC469abC89,dex_swap
0xAe2243B353dBD4b68Af044cFDB02b8a9412D98f2,dex_swap
0x6016a8F0B1265999902a731dC3d1Ad614D5C129c,dex_swap
0xaaFFD0Bba2A3dF31Af17e32Bc50cEEb18bB7b930,dex_swap
0xb9285ae3c580258A145CBD5f63de7E7A3e9E7d5d,dex_swap
0x709a67B0Ea6c491b8AEB35b20f92217113932263,dex_swap
0x287515E2EEF1A1Ec621aD5988387CEe33567Dc38,dex_swap
0x8739bdA99Fa342A90948534d70dB307FD9b0FBAe,dex_swap
0x370e7A2b8301C5604AEc86b78D06DD1104F8e918,dex_swap
0x0ed6746DaB14Ffb24A01C6DAe52E8F552226D911,dex_swap
0x60aCCf072735f6A150943D5Cf9925ac9CC5e968e,dex_swap
0xA85B3284Eb1437e205595388EFfa73d166e31515,dex_swap
0x405179921fb7350AC8853332dd3b77d617dBcFDf,dex_swap
0x1db261CbCC9948492E836Ef69e9eD42a5e98c6fB,dex_swap
0x90599e6176932349Aff8a38c2Ec7F989E8Cf31a1,dex_swap
0xD668697230dcfDdd50F3d7eD6f213A0D007a119C,dex_swap
0xD6fCA2050485AaE47364554cD4D82EA8030428D6,dex_swap
0xf4cab10dC19695AaCe14b7A16d7705b600ad5F73,dex_swap
0x619E2D2FcBBeFe346db03301B1aEaED4e6BE66CA,dex_swap
0x8eD88E3EB07a67459E7B99697d1f99094C9F7E6a,dex_swap
0x004C167d27ADa24305b76D80762997Fa6EB8d9B2,dex_swap
0x16A3a047fC1D388d5846a73ACDb475b11228c299,dex_swap
0x6A1C781B7B280E3c8BF04FDfb86C112C9Ac70a89,dex_swap
0x5f0985A8aAd85e82fD592a23Cc0501e4345fb18c,dex_swap
0x0fF26A978A61d40F6591fc700EF878E96aF6C2C0,dex_swap
0xca546aE6c3B2BB9Fba2b6e5EeB0881097CecE5B0,dex_swap
0xa5Dc66685bD13A0924505807c29F8C65dDa0d207,dex_swap
0x592878b920101946Fb5915aB97961bC546f211CC,dex_swap
0xd8001cE95A13168AA4F7D70b5298962b7cADf6Dd,dex_swap
0x854Ec4Ede802E1205802c2bD2C08a43f778fC9a6,dex_swap
0x28F209844029755FC563c1bD4FD21f42DC7CE0e4,dex_swap
0x6897a14D6093Fd4E5e403b9B8729768e8418F88E,dex_swap
0x0cB950575fa92BC74164DE98eA1Dc069aB23e590,dex_swap
0xADD3457632F2Eaf21CB29cA8806297E199029135,dex_swap
0x46fbbf79c7616891E9fE054161a07AC2681bF2D8,dex_swap
0x84D64037336DE7814acd565bcf42D7f0a288E8fB,dex_swap
0x4696F5123A58cF09cB5E142376fD1d2B0B86C0ec,dex_swap
0x94A3240f484A04F5e3d524f528d02694c109463b,dex_swap
0x5615CDAb10dc425a742d643d949a7F474C01abc4,dex_swap
0x643770E279d5D0733F21d6DC03A8efbABf3255B4,dex_swap
0xE3D8bd6Aed4F159bc8000a9cD47CffDb95F96121,dex_swap
0x3C255DED9B25f0BFB4EF1D14234BD2514d7A7A0d,dex_swap
0x4861840C2EfB2b98312B0aE34d86fD73E8f9B6f6,dex_swap
0x777A8255cA72412f0d706dc03C9D1987306B4CaD,dex_swap
0x6619871118D144c1c28eC3b23036FC1f0829ed3a,dex_swap
0xa977879684EecE2015AE879DC120c8a1C00718f7,dex_swap
0xDC3532cc36DB82640361a86aeEA1fCA23884F2E6,dex_swap
0x9Be5da31c7A42d7e045189ac1822D1fA5838e635,dex_swap